# ************************************************************
# Sequel Pro SQL dump
# Version 4541
#
# http://www.sequelpro.com/
# https://github.com/sequelpro/sequelpro
#
# Host: 127.0.01 (MySQL 5.6.35)
# Database: demo
# Generation Time: 2018-05-29 06:52:48 +0000
# ************************************************************


/*!40101 SET @OLD_CHARACTER_SET_CLIENT=@@CHARACTER_SET_CLIENT */;
/*!40101 SET @OLD_CHARACTER_SET_RESULTS=@@CHARACTER_SET_RESULTS */;
/*!40101 SET @OLD_COLLATION_CONNECTION=@@COLLATION_CONNECTION */;
/*!40101 SET NAMES utf8 */;
/*!40014 SET @OLD_FOREIGN_KEY_CHECKS=@@FOREIGN_KEY_CHECKS, FOREIGN_KEY_CHECKS=0 */;
/*!40101 SET @OLD_SQL_MODE=@@SQL_MODE, SQL_MODE='NO_AUTO_VALUE_ON_ZERO' */;
/*!40111 SET @OLD_SQL_NOTES=@@SQL_NOTES, SQL_NOTES=0 */;


# Dump of table gibbonActivity
# ------------------------------------------------------------

LOCK TABLES `gibbonActivity` WRITE;
/*!40000 ALTER TABLE `gibbonActivity` DISABLE KEYS */;

INSERT INTO `gibbonActivity` (`gibbonActivityID`, `gibbonSchoolYearID`, `active`, `registration`, `name`, `provider`, `type`, `gibbonSchoolYearTermIDList`, `listingStart`, `listingEnd`, `programStart`, `programEnd`, `gibbonYearGroupIDList`, `maxParticipants`, `description`, `payment`, `paymentType`, `paymentFirmness`)
VALUES
	(00001940,024,'Y','Y','T3 Tues Primary - Teaching to Read','School','Service','00030',NULL,NULL,NULL,NULL,'004,005,006,007',20,'',0.00,'Entire Programme','Finalised'),
	(00001942,024,'Y','Y','T1 Tues Calligraphy','School','Creativity','00028',NULL,NULL,NULL,NULL,'001,002,003,004,005,006,007',20,'',0.00,'Entire Programme','Finalised'),
	(00001944,024,'Y','Y','T1 Tues Bicycle Maintenance','School','Action/Service','00028',NULL,NULL,NULL,NULL,'001,002,003,004,005,006,007',4,'',0.00,'Entire Programme','Finalised'),
	(00001946,024,'Y','Y','T3 Tues SCUBA Diving','School','Action','00030',NULL,NULL,NULL,NULL,'001,002,003,004,005,006,007',12,'',0.00,'Per Term','Finalised'),
	(00001947,024,'Y','Y','T1 Tues Chinese Speech and Debate','School','Creativity','00028',NULL,NULL,NULL,NULL,'001,002,003,004,005,006,007',15,'',0.00,'Entire Programme','Finalised'),
	(00001948,024,'Y','Y','T3 Tues Volleyball','School','Action','00030',NULL,NULL,NULL,NULL,'001,002,003,004,005,006,007',20,'',0.00,'Entire Programme','Finalised'),
	(00001949,024,'Y','Y','T1 Tues Primary - Teaching to Read','School','Service','00028',NULL,NULL,NULL,NULL,'004,005,006,007',20,'',0.00,'Entire Programme','Finalised'),
	(00001950,024,'Y','Y','T2 Tues Primary - Teaching to Read','School','Service','00029',NULL,NULL,NULL,NULL,'001,002,003,004,005,006,007',20,'',0.00,'Entire Programme','Finalised'),
	(00001951,024,'Y','Y','T3 Tues Horse Riding','School','Creativity/Action/Service','00030',NULL,NULL,NULL,NULL,'001,002,003,004,005,006,007',16,'',0.00,'Per Term','Finalised'),
	(00001952,024,'Y','Y','T3 Tues Touch U14 Boys','School','Action','00030',NULL,NULL,NULL,NULL,'001,002,003',30,'',0.00,'Per Term','Finalised'),
	(00001953,024,'Y','Y','T3 Tues Touch U19 Girls','School','Action','00030',NULL,NULL,NULL,NULL,'004,005,006,007',30,'',0.00,'Per Term','Finalised'),
	(00001954,024,'Y','Y','T3 Tues Touch U19 Boys','School','Action','00030',NULL,NULL,NULL,NULL,'004,005,006,007',30,'',0.00,'Per Term','Finalised'),
	(00001955,024,'Y','Y','T3 Tues Tennis','School','Action','00030',NULL,NULL,NULL,NULL,'001,002,003,004,005,006,007',20,'',0.00,'Per Term','Finalised'),
	(00001957,024,'Y','Y','T3 Tues Cycling','School','Action','00030',NULL,NULL,NULL,NULL,'001,002,003,004,005,006,007',18,'',0.00,'Entire Programme','Finalised'),
	(00001962,024,'Y','Y','T2 Tues Bicycle Maintenance','School','Service','00029',NULL,NULL,NULL,NULL,'001,002,003,004,005,006,007',5,'',0.00,'Entire Programme','Finalised'),
	(00001964,024,'Y','Y','T3 Tues Calligraphy','School','Creativity','00030',NULL,NULL,NULL,NULL,'001,002,003,004,005,006,007',25,'',0.00,'Entire Programme','Finalised'),
	(00001965,024,'Y','Y','T3 Tues Touch U14 Girls','School','Action','00030',NULL,NULL,NULL,NULL,'001,002,003',30,'',0.00,'Per Term','Finalised'),
	(00001966,024,'Y','Y','T1 Tues Cycling','School','Action','00028',NULL,NULL,NULL,NULL,'001,002,003,004,005,006,007',20,'',0.00,'Entire Programme','Finalised'),
	(00001967,024,'Y','Y','T3 Tues Gym','School','Action','00030',NULL,NULL,NULL,NULL,'004,005,006,007',10,'',0.00,'Per Term','Finalised'),
	(00001968,024,'Y','Y','T3 Tues School Media','School','Creativity/Service','00030',NULL,NULL,NULL,NULL,'001,002,003,004,005,006,007',50,'',0.00,'Entire Programme','Finalised'),
	(00001970,024,'Y','Y','T3 Tues U12 Football','School','Action','00030',NULL,NULL,NULL,NULL,'001',20,'',0.00,'Per Term','Finalised'),
	(00001971,024,'Y','Y','T3 Tues Table Tennis','School','Action','00030',NULL,NULL,NULL,NULL,'001,002,003,004,005,006,007',20,'',0.00,'Entire Programme','Finalised'),
	(00001974,024,'Y','Y','T1 Tues U14 Boys Football','School','Action','00028',NULL,NULL,NULL,NULL,'001,002,003',40,'',0.00,'Per Term','Finalised'),
	(00001979,024,'Y','Y','T2 Tues Volleyball','School','Action','00029',NULL,NULL,NULL,NULL,'001,002,003,004,005,006,007',20,'',0.00,'Entire Programme','Finalised'),
	(00001981,024,'Y','Y','T1 Tues Community Art','School','Creativity/Service','00028',NULL,NULL,NULL,NULL,'001,002,003,004,005,006,007',10,'',0.00,'Entire Programme','Finalised'),
	(00001982,024,'Y','Y','T2 Tues Community Art','School','Creativity','00029',NULL,NULL,NULL,NULL,'001,002,003,004,005,006,007',20,'',0.00,'Entire Programme','Finalised'),
	(00001983,024,'Y','Y','T2 Tues Touch Grade C Boys','School','Action','00029',NULL,NULL,NULL,NULL,'001,002,003',30,'',0.00,'Per Term','Finalised'),
	(00001984,024,'Y','Y','T2 Tues Touch Grade A/B Mixed','School','Action','00029',NULL,NULL,NULL,NULL,'004,005,006,007',30,'',0.00,'Per Term','Finalised'),
	(00001985,024,'Y','Y','T2 Tues Touch Grade C Girls','School','Action','00029',NULL,NULL,NULL,NULL,'001,002,003',20,'',0.00,'Per Term','Finalised'),
	(00001986,024,'Y','Y','T2 Tues Cycling','School','Action','00029',NULL,NULL,NULL,NULL,'001,002,003,004,005,006,007',20,'',0.00,'Entire Programme','Finalised'),
	(00001990,024,'Y','Y','T2 Tues Blogging and Creative Writing','School','Creativity','00029',NULL,NULL,NULL,NULL,'001,002,003,004,005,006,007',25,'',0.00,'Entire Programme','Finalised'),
	(00001991,024,'Y','Y','T3 Tues Blogging and Creative Writing','School','Creativity/Service','00030',NULL,NULL,NULL,NULL,'001,002,003,004,005,006,007',25,'',0.00,'Entire Programme','Finalised'),
	(00001992,024,'Y','Y','T2 Tues Tennis','School','Action','00029',NULL,NULL,NULL,NULL,'001,002,003,004,005,006,007',20,'',0.00,'Per Week','Finalised'),
	(00001995,024,'Y','Y','T2 Tues Horse Riding','School','Creativity/Action/Service','00029',NULL,NULL,NULL,NULL,'001,002,003,004,005,006,007',16,'',0.00,'Per Term','Finalised'),
	(00001996,024,'Y','Y','T2 Tues Gym','School','Action','00029',NULL,NULL,NULL,NULL,'004,005,006,007',10,'',0.00,'Per Term','Finalised'),
	(00001997,024,'Y','Y','T2 Tues Project: G','School','Creativity/Action/Service','00029',NULL,NULL,NULL,NULL,'001,002,003,004,005,006,007',30,'',0.00,'Entire Programme','Finalised'),
	(00001999,024,'Y','Y','T2 Tues U16 Basketball','School','Action','00029',NULL,NULL,NULL,NULL,'001,002,003,004,005,006',20,'',0.00,'Entire Programme','Finalised'),
	(00002010,024,'Y','Y','T1-T3 Thurs ICT Extension','School','Creativity','00028,00029,00030',NULL,NULL,NULL,NULL,'001,002,003,004,005,006,007',15,'',0.00,'Entire Programme','Finalised'),
	(00002011,024,'Y','Y','T2 Tues Drama Production','School','Creativity','00029',NULL,NULL,NULL,NULL,'001,002,003,004,005,006,007',100,'',0.00,'Entire Programme','Finalised'),
	(00002014,024,'Y','Y','T1 Tues Volleyball','School','Action','00028',NULL,NULL,NULL,NULL,'001,002,003,004,005,006,007',20,'',0.00,'Per Term','Finalised'),
	(00002016,024,'Y','Y','T2 Tues Squash','School','Action','00029',NULL,NULL,NULL,NULL,'001,002,003,004,005,006,007',8,'',0.00,'Per Term','Finalised'),
	(00002018,024,'Y','Y','T1 Tues Tennis','School','Action','00028',NULL,NULL,NULL,NULL,'001,002,003,004,005,006,007',20,'',0.00,'Per Week','Finalised'),
	(00002019,024,'Y','Y','T1 Tues U16 Basketball','School','Action','00028',NULL,NULL,NULL,NULL,'001,002,003,004,005,006',30,'',0.00,'Entire Programme','Finalised'),
	(00002023,024,'Y','N','T2 Tues Chinese Speech and Debate','School','Creativity','00029',NULL,NULL,NULL,NULL,'001,002,003,004,005,006,007',15,'',0.00,'Entire Programme','Finalised'),
	(00002026,024,'Y','Y','T1 Tues Library Support','School','Service','00028',NULL,NULL,NULL,NULL,'001,002,003,004,005,006,007',10,'',0.00,'Entire Programme','Finalised'),
	(00002027,024,'Y','Y','T1 Tues Gym','School','Action','00028',NULL,NULL,NULL,NULL,'004,005,006,007',12,'',0.00,'Per Term','Finalised'),
	(00002031,024,'Y','Y','T1 Tues Blogging and Creative Writing','School','Creativity','00028',NULL,NULL,NULL,NULL,'001,002,003,004,005,006,007',25,'',0.00,'Entire Programme','Finalised'),
	(00002032,024,'Y','Y','T1 Tues U14-U16 Dodgeball ','School','Action','00028',NULL,NULL,NULL,NULL,'003,004,005,006',20,'',0.00,'Entire Programme','Finalised'),
	(00002033,024,'Y','Y','T3 Tues Project: G','School','Creativity/Action/Service','00030',NULL,NULL,NULL,NULL,'001,002,003,004,005,006,007',30,'',0.00,'Entire Programme','Finalised'),
	(00002034,024,'Y','Y','T1 Tues Table Tennis','School','Action','00028',NULL,NULL,NULL,NULL,'001,002,003,004,005,006,007',20,'',0.00,'Entire Programme','Finalised'),
	(00002052,024,'Y','Y','T1 Tues Project: G','School','Creativity/Action/Service','00028',NULL,NULL,NULL,NULL,'001,002,003,004,005,006,007',30,'',0.00,'Entire Programme','Finalised'),
	(00002054,024,'Y','Y','T1 Tues Swimming','School','Action','00028',NULL,NULL,NULL,NULL,'001,002,003,004,005,006,007',10,'',0.00,'Entire Programme','Finalised'),
	(00002060,024,'Y','Y','T1 Tues MUN/History Bee & Bowl','School','Creativity/Service','00028',NULL,NULL,NULL,NULL,'001,002,003,004,005,006,007',20,'',0.00,'Entire Programme','Finalised'),
	(00002061,024,'Y','Y','T2 Tues MUN/History Bee & Bowl','School','Creativity/Service','00029',NULL,NULL,NULL,NULL,'001,002,003,004,005,006,007',20,'',0.00,'Entire Programme','Finalised'),
	(00002068,024,'Y','Y','T2 Tues Library Support','School','Service','00029',NULL,NULL,NULL,NULL,'001,002,003,004,005,006,007',10,'',0.00,'Entire Programme','Finalised'),
	(00002069,024,'Y','Y','T3 Tues Library Support','School','Service','00030',NULL,NULL,NULL,NULL,'001,002,003,004,005,006,007',11,'',0.00,'Entire Programme','Finalised'),
	(00002090,024,'Y','N','T1 Tues Singapore Touch Tour','School','Action','00028',NULL,NULL,NULL,NULL,'001,002,003,004,005,006,007',50,'',0.00,'Per Term','Finalised'),
	(00002093,024,'Y','Y','T1 Tues Gymnastics','School','Action','00028',NULL,NULL,NULL,NULL,'001,002,003,004,005,006,007',10,'',0.00,'Entire Programme','Finalised'),
	(00002094,024,'Y','Y','T1 Tues Juggling','School','Action/Creativity','00028',NULL,NULL,NULL,NULL,'001,002,003,004,005,006,007',20,'',0.00,'Entire Programme','Finalised'),
	(00002095,024,'Y','Y','T1 Tues Kendo','School','Action','00028',NULL,NULL,NULL,NULL,'001,002,003,004,005,006,007',25,'',0.00,'Per Term','Finalised'),
	(00002096,024,'Y','Y','T1 Tues Sewing and Textiles','School','Creativity/Service','00028',NULL,NULL,NULL,NULL,'001,002,003,004,005,006,007',10,'',0.00,'Entire Programme','Finalised'),
	(00002098,024,'Y','Y','T2 Tues Gymnastics','School','Action','00029',NULL,NULL,NULL,NULL,'001,002,003,004,005,006,007',10,'',0.00,'Entire Programme','Finalised'),
	(00002099,024,'Y','Y','T2 Tues Juggling','School','Action/Creativity','00029',NULL,NULL,NULL,NULL,'001,002,003,004,005,006,007',20,'',0.00,'Entire Programme','Finalised'),
	(00002100,024,'Y','Y','T2 Tues Kendo','School','Action','00029',NULL,NULL,NULL,NULL,'001,002,003,004,005,006,007',20,'',0.00,'Entire Programme','Finalised'),
	(00002101,024,'Y','Y','T3 Tues Bicycle Maintenance','School','','00030',NULL,NULL,NULL,NULL,'001,002,003,004,005,006,007',5,'',0.00,'Entire Programme','Finalised'),
	(00002102,024,'Y','Y','T3 Tues Crossfit','School','Action','00030',NULL,NULL,NULL,NULL,'001,002,003,004,005,006,007',20,'',0.00,'Entire Programme','Finalised'),
	(00002104,024,'Y','Y','T3 Tues Gymnastics','School','','00030',NULL,NULL,NULL,NULL,'001,002,003,004,005,006,007',10,'',0.00,'Entire Programme','Finalised'),
	(00002105,024,'Y','Y','T3 Tues Juggling','School','Action/Creativity','00030',NULL,NULL,NULL,NULL,'001,002,003,004,005,006,007',20,'',0.00,'Entire Programme','Finalised'),
	(00002106,024,'Y','Y','T3 Tues Kendo','School','','00030',NULL,NULL,NULL,NULL,'001,002,003,004,005,006,007',20,'',0.00,'Entire Programme','Finalised'),
	(00002107,024,'Y','Y','T1 Tues Wakeboarding','School','Action','00028',NULL,NULL,NULL,NULL,'001,002,003,004,005,006,007',15,'',0.00,'Per Term','Finalised'),
	(00002108,024,'Y','Y','T1 Tues Dance','School','Action','00028',NULL,NULL,NULL,NULL,'001,002,003,004,005,006,007',20,'',0.00,'Entire Programme','Finalised'),
	(00002109,024,'Y','Y','T1 Tues ICHK Service Leaders','School','Creativity/Action/Service','00028',NULL,NULL,NULL,NULL,'001,002,003,004,005,006,007',20,'',0.00,'Entire Programme','Finalised'),
	(00002110,024,'Y','Y','T2 Tues ICHK Service Leaders','School','Creativity/Action/Service','00029',NULL,NULL,NULL,NULL,'001,002,003,004,005,006,007',20,'',0.00,'Entire Programme','Finalised'),
	(00002111,024,'Y','Y','T1 Tues Taekwondo','School','Action','00028',NULL,NULL,NULL,NULL,'001,002,003,004,005,006,007',20,'',0.00,'Entire Programme','Finalised'),
	(00002112,024,'Y','Y','T1 Tues Manga Drawing Club','School','Creativity','00028',NULL,NULL,NULL,NULL,'001,002,003,004,005,006,007',15,'',0.00,'Entire Programme','Finalised'),
	(00002113,024,'Y','Y','T3 Tues Manga Drawing Club','School','Creativity','00030',NULL,NULL,NULL,NULL,'001,002,003,004,005,006,007',20,'',0.00,'Entire Programme','Finalised'),
	(00002114,024,'Y','Y','T2 Tues Taekwondo','School','Action','00029',NULL,NULL,NULL,NULL,'001,002,003,004,005,006,007',20,'',0.00,'Entire Programme','Finalised'),
	(00002115,024,'Y','Y','T3 Tues Taekwondo','School','Action','00030',NULL,NULL,NULL,NULL,'001,002,003,004,005,006,007',20,'',0.00,'Entire Programme','Finalised'),
	(00002116,024,'Y','Y','T3 Tues Dance','School','Action/Creativity','00030',NULL,NULL,NULL,NULL,'001,002,003,004,005,006,007',20,'',0.00,'Entire Programme','Finalised'),
	(00002117,024,'Y','Y','T3 Tues Performing Arts','School','Action/Creativity','00030',NULL,NULL,NULL,NULL,'001,002,003,004,005,006,007',50,'',0.00,'Entire Programme','Finalised'),
	(00002118,024,'Y','Y','T1 Tues U14 Girls Football','School','','00028',NULL,NULL,NULL,NULL,'001,002,003,004',20,'',0.00,'Per Term','Finalised'),
	(00002124,024,'Y','Y','T3 Tues Wakeboarding','School','Action','00030',NULL,NULL,NULL,NULL,'001,002,003,004,005,006,007',15,'',0.00,'Per Term','Finalised'),
	(00002125,024,'Y','Y','T2-T3 Wed Judo ','External','Action','00029,00030',NULL,NULL,NULL,NULL,'001,002,003,004,005,006,007',20,'',0.00,'Entire Programme','Finalised'),
	(00002126,024,'Y','Y','T3 Wed Speed Training ','School','Action','00029',NULL,NULL,NULL,NULL,'001,002,003,004,005,006,007',20,'',0.00,'Entire Programme','Finalised');
	
/*!40000 ALTER TABLE `gibbonActivity` ENABLE KEYS */;
UNLOCK TABLES;


# Dump of table gibbonActivitySlot
# ------------------------------------------------------------

LOCK TABLES `gibbonActivitySlot` WRITE;
/*!40000 ALTER TABLE `gibbonActivitySlot` DISABLE KEYS */;

INSERT INTO `gibbonActivitySlot` (`gibbonActivitySlotID`, `gibbonActivityID`, `gibbonSpaceID`, `locationExternal`, `gibbonDaysOfWeekID`, `timeStart`, `timeEnd`)
VALUES
	(0000001177,00001948,00041,'',02,'14:20:00','15:30:00'),
	(0000001182,00001953,NULL,'',02,'14:20:00','16:30:00'),
	(0000001186,00001957,NULL,'',02,'14:20:00','15:30:00'),
	(0000001194,00001965,NULL,'',02,'14:30:00','16:30:00'),
	(0000001195,00001966,00015,'',02,'14:20:00','15:30:00'),
	(0000001196,00001967,NULL,'',02,'14:00:00','16:00:00'),
	(0000001197,00001968,00009,'',02,'14:20:00','15:30:00'),
	(0000001203,00001974,NULL,'',02,'14:00:00','16:30:00'),
	(0000001210,00001981,00007,'',02,'14:20:00','15:30:00'),
	(0000001211,00001982,00007,'',02,'14:20:00','15:30:00'),
	(0000001215,00001986,NULL,'',02,'14:20:00','15:30:00'),
	(0000001219,00001990,00004,'',02,'14:20:00','15:30:00'),
	(0000001220,00001991,00004,'',02,'14:20:00','15:30:00'),
	(0000001226,00001997,NULL,'',02,'14:20:00','15:30:00'),
	(0000001239,00002010,00009,'',04,'15:30:00','16:30:00'),
	(0000001240,00002011,00028,'',02,'14:20:00','15:30:00'),
	(0000001246,00002016,NULL,'',02,'14:20:00','16:00:00'),
	(0000001256,00002026,00013,'',02,'14:20:00','15:30:00'),
	(0000001261,00002031,00004,'',02,'14:20:00','15:30:00'),
	(0000001263,00002033,NULL,'',02,'14:20:00','15:30:00'),
	(0000001282,00002052,NULL,'',02,'14:20:00','15:30:00'),
	(0000001284,00002054,NULL,'',02,'14:20:00','16:00:00'),
	(0000001299,00002068,00013,'',02,'14:20:00','15:30:00'),
	(0000001300,00002069,00013,'',02,'14:20:00','15:30:00'),
	(0000001304,00002074,00056,'',02,'14:20:00','15:30:00'),
	(0000001305,00002076,00014,'',04,'15:30:00','16:30:00'),
	(0000001308,00002078,00057,'',04,'15:30:00','17:30:00'),
	(0000001309,00002081,00015,'',04,'15:30:00','16:30:00'),
	(0000001311,00002084,00021,'',04,'15:30:00','16:30:00'),
	(0000001312,00002086,00018,'',02,'14:20:00','15:30:00'),
	(0000001314,00002087,NULL,'',02,'14:20:00','16:30:00'),
	(0000001315,00002019,00015,'',02,'14:20:00','15:30:00'),
	(0000001318,00001942,00047,'',02,'14:20:00','15:30:00'),
	(0000001319,00001947,00050,'',02,'14:20:00','15:30:00'),
	(0000001320,00002032,00014,'',02,'14:20:00','15:30:00'),
	(0000001322,00002027,NULL,'',02,'14:20:00','16:00:00'),
	(0000001323,00002093,00051,'',02,'14:20:00','15:30:00'),
	(0000001324,00002094,00006,'',02,'14:20:00','15:30:00'),
	(0000001325,00002095,00014,'',02,'14:20:00','15:30:00'),
	(0000001326,00002060,00031,'',02,'14:20:00','15:30:00'),
	(0000001328,00001949,NULL,'',02,'15:30:00','16:30:00'),
	(0000001329,00002096,00005,'',02,'14:20:00','15:30:00'),
	(0000001330,00002090,NULL,'',02,'14:20:00','15:30:00'),
	(0000001331,00002034,00012,'',02,'14:20:00','15:30:00'),
	(0000001333,00002018,NULL,'',02,'14:20:00','16:00:00'),
	(0000001334,00002014,NULL,'',02,'14:20:00','17:00:00'),
	(0000001335,00001999,00015,'',02,'14:20:00','15:30:00'),
	(0000001336,00002023,00050,'',02,'14:20:00','15:30:00'),
	(0000001337,00001996,NULL,'',02,'14:20:00','16:00:00'),
	(0000001339,00002099,00006,'',02,'14:20:00','15:30:00'),
	(0000001340,00002100,00012,'',02,'14:20:00','15:30:00'),
	(0000001341,00002061,00031,'',02,'14:20:00','15:30:00'),
	(0000001342,00001950,NULL,'',02,'15:30:00','16:30:00'),
	(0000001343,00001992,NULL,'',02,'14:20:00','16:00:00'),
	(0000001344,00001983,NULL,'',02,'14:20:00','16:30:00'),
	(0000001345,00001985,NULL,'',02,'14:20:00','16:30:00'),
	(0000001346,00001984,NULL,'',02,'14:20:00','16:30:00'),
	(0000001347,00001979,00041,'',02,'14:20:00','15:30:00'),
	(0000001348,00002101,00056,'',02,'14:20:00','15:30:00'),
	(0000001349,00001962,00056,'',02,'14:20:00','15:30:00'),
	(0000001350,00001944,00056,'',02,'14:20:00','15:30:00'),
	(0000001351,00001964,00047,'',02,'14:20:00','15:30:00'),
	(0000001352,00002102,00015,'',02,'14:20:00','15:30:00'),
	(0000001354,00001967,NULL,'',02,'14:20:00','16:00:00'),
	(0000001355,00002104,00014,'',02,'14:20:00','15:30:00'),
	(0000001356,00001951,NULL,'',02,'14:20:00','16:30:00'),
	(0000001357,00001995,NULL,'',02,'14:20:00','16:30:00'),
	(0000001358,00002105,00006,'',02,'14:20:00','15:30:00'),
	(0000001359,00002106,00014,'',02,'14:20:00','15:30:00'),
	(0000001360,00001940,NULL,'',02,'15:30:00','16:30:00'),
	(0000001361,00001971,00012,'',02,'14:20:00','15:30:00'),
	(0000001362,00001955,NULL,'',02,'14:20:00','16:00:00'),
	(0000001363,00001970,NULL,'',02,'14:20:00','16:30:00'),
	(0000001364,00001952,NULL,'',02,'14:20:00','16:30:00'),
	(0000001365,00001965,NULL,'',02,'14:20:00','16:30:00'),
	(0000001366,00001954,NULL,'',02,'14:20:00','16:30:00'),
	(0000001367,00001946,NULL,'',02,'14:20:00','17:00:00'),
	(0000001368,00002107,NULL,'',02,'14:20:00','18:00:00'),
	(0000001369,00002108,00028,'',02,'14:20:00','15:30:00'),
	(0000001375,00002109,00010,'',02,'14:20:00','15:30:00'),
	(0000001376,00002110,00010,'',02,'14:20:00','15:30:00'),
	(0000001377,00002111,00057,'',02,'14:20:00','15:30:00'),
	(0000001378,00002112,00024,'',02,'14:20:00','15:30:00'),
	(0000001379,00002113,00024,'',02,'14:20:00','15:30:00'),
	(0000001380,00002114,00057,'',02,'14:20:00','15:30:00'),
	(0000001381,00002115,00057,'',02,'14:20:00','15:30:00'),
	(0000001382,00002116,00057,'',02,'14:20:00','15:30:00'),
	(0000001383,00002117,00028,'',02,'14:20:00','15:30:00'),
	(0000001384,00002118,NULL,'',02,'14:20:00','16:30:00'),
	(0000001387,00002124,NULL,'',02,'14:20:00','18:00:00'),
	(0000001389,00002125,00014,'',03,'15:00:00','16:30:00'),
	(0000001390,00002126,00015,'',01,'15:30:00','16:30:00'),
	(0000001391,00002098,00057,'',02,'14:20:00','15:30:00'),
	(0000001392,00002141,NULL,'',02,'15:00:00','16:00:00');

/*!40000 ALTER TABLE `gibbonActivitySlot` ENABLE KEYS */;
UNLOCK TABLES;


# Dump of table gibbonActivityStaff
# ------------------------------------------------------------

LOCK TABLES `gibbonActivityStaff` WRITE;
/*!40000 ALTER TABLE `gibbonActivityStaff` DISABLE KEYS */;

INSERT INTO `gibbonActivityStaff` (`gibbonActivityStaffID`, `gibbonActivityID`, `gibbonPersonID`, `role`)
VALUES
	(00001683,00001941,0000000069,'Assistant'),
	(00001684,00001941,0000000429,'Assistant'),
	(00001685,00001941,0000000119,'Organiser'),
	(00001686,00001942,0000001119,'Organiser'),
	(00001688,00001943,0000000373,'Organiser'),
	(00001690,00001945,0000001506,'Organiser'),
	(00001691,00001945,0000000796,'Assistant'),
	(00001692,00001945,0000001122,'Organiser'),
	(00001693,00001945,0000001778,'Organiser'),
	(00001695,00001947,0000000198,'Organiser'),
	(00001696,00001948,0000000869,'Organiser'),
	(00001701,00001953,0000000119,'Coach'),
	(00001702,00001954,0000000373,'Coach'),
	(00001703,00001955,0000000120,'Organiser'),
	(00001704,00001956,0000000053,'Assistant'),
	(00001705,00001956,0000000063,'Assistant'),
	(00001706,00001956,0000001121,'Organiser'),
	(00001707,00001957,0000001055,'Organiser'),
	(00001709,00001957,0000000839,'Assistant'),
	(00001712,00001958,0000000432,'Organiser'),
	(00001713,00001958,0000000555,'Organiser'),
	(00001714,00001959,0000001121,'Coach'),
	(00001715,00001959,0000001502,'Coach'),
	(00001716,00001960,0000000124,'Organiser'),
	(00001717,00001961,0000001840,'Organiser'),
	(00001718,00001961,0000001817,'Organiser'),
	(00001720,00001963,0000001777,'Organiser'),
	(00001721,00001963,0000000063,'Assistant'),
	(00001722,00001963,0000000053,'Assistant'),
	(00001723,00001964,0000001057,'Organiser'),
	(00001725,00001964,0000001119,'Organiser'),
	(00001726,00001965,0000000198,'Coach'),
	(00001729,00001966,0000000569,'Organiser'),
	(00001732,00001968,0000001047,'Assistant'),
	(00001733,00001968,0000000375,'Organiser'),
	(00001736,00001969,0000001055,'Organiser'),
	(00001737,00001969,0000000533,'Organiser'),
	(00001738,00001969,0000000464,'Organiser'),
	(00001740,00001970,0000001776,'Organiser'),
	(00001744,00001972,0000000810,'Assistant'),
	(00001745,00001972,0000000689,'Organiser'),
	(00001746,00001973,0000000413,'Assistant'),
	(00001747,00001973,0000000119,'Organiser'),
	(00001748,00001974,0000000144,'Coach'),
	(00001749,00001974,0000000776,'Other'),
	(00001751,00001975,0000001517,'Organiser'),
	(00001752,00001975,0000001057,'Organiser'),
	(00001753,00001976,0000001057,'Organiser'),
	(00001754,00001976,0000001517,'Organiser'),
	(00001755,00001977,0000001316,'Organiser'),
	(00001756,00001977,0000000426,'Organiser'),
	(00001757,00001978,0000001778,'Organiser'),
	(00001758,00001979,0000000869,'Coach'),
	(00001759,00001980,0000001503,'Organiser'),
	(00001761,00001981,0000000069,'Organiser'),
	(00001762,00001982,0000000007,'Organiser'),
	(00001767,00001985,0000000014,'Coach'),
	(00001772,00001987,0000000420,'Organiser'),
	(00001773,00001987,0000001090,'Assistant'),
	(00001774,00001987,0000001840,'Organiser'),
	(00001775,00001988,0000001345,'Organiser'),
	(00001776,00001988,0000000486,'Assistant'),
	(00001777,00001989,0000000012,'Organiser'),
	(00001778,00001990,0000001047,'Organiser'),
	(00001779,00001990,0000000867,'Organiser'),
	(00001780,00001991,0000000867,'Organiser'),
	(00001782,00001993,0000000432,'Organiser'),
	(00001783,00001993,0000000808,'Organiser'),
	(00001784,00001994,0000001118,'Organiser'),
	(00001785,00001995,0000000589,'Organiser'),
	(00001787,00001997,0000000866,'Organiser'),
	(00001788,00001998,0000001843,'Organiser'),
	(00001789,00001998,0000000420,'Organiser'),
	(00001790,00001999,0000000120,'Coach'),
	(00001791,00001999,0000000058,'Assistant'),
	(00001792,00002000,0000000051,'Assistant'),
	(00001793,00002000,0000000092,'Assistant'),
	(00001794,00002001,0000000810,'Organiser'),
	(00001795,00002001,0000000689,'Organiser'),
	(00001796,00002002,0000000543,'Assistant'),
	(00001797,00002002,0000001119,'Organiser'),
	(00001798,00002002,0000000474,'Assistant'),
	(00001799,00002003,0000001057,'Organiser'),
	(00001800,00002003,0000001517,'Organiser'),
	(00001801,00002004,0000000007,'Organiser'),
	(00001802,00002004,0000000540,'Assistant'),
	(00001803,00002005,0000000474,'Organiser'),
	(00001804,00002005,0000000457,'Organiser'),
	(00001805,00002005,0000000058,'Assistant'),
	(00001806,00002006,0000001057,'Organiser'),
	(00001807,00002006,0000001517,'Organiser'),
	(00001808,00002007,0000000518,'Organiser'),
	(00001809,00002007,0000000474,'Organiser'),
	(00001810,00002008,0000000373,'Coach'),
	(00001811,00002009,0000000373,'Coach'),
	(00001812,00002010,0000000001,'Organiser'),
	(00001815,00002011,0000000871,'Organiser'),
	(00001816,00002011,0000000375,'Organiser'),
	(00001817,00002011,0000001506,'Organiser'),
	(00001818,00002012,0000000396,'Assistant'),
	(00001819,00002012,0000001776,'Coach'),
	(00001820,00002012,0000000373,'Assistant'),
	(00001821,00002013,0000000012,'Organiser'),
	(00001822,00002014,0000000869,'Coach'),
	(00001823,00002014,0000001502,'Coach'),
	(00001824,00002015,0000001117,'Organiser'),
	(00001825,00002016,0000000870,'Organiser'),
	(00001826,00002017,0000000870,'Organiser'),
	(00001828,00002019,0000000120,'Organiser'),
	(00001829,00002019,0000000058,'Assistant'),
	(00001830,00002020,0000001504,'Organiser'),
	(00001831,00002020,0000001055,'Organiser'),
	(00001832,00002020,0000001122,'Organiser'),
	(00001833,00002020,0000001778,'Organiser'),
	(00001834,00002020,0000000796,'Assistant'),
	(00001835,00002020,0000000032,'Assistant'),
	(00001836,00002021,0000000808,'Organiser'),
	(00001837,00002021,0000000432,'Organiser'),
	(00001838,00002022,0000001119,'Organiser'),
	(00001840,00002024,0000000124,'Organiser'),
	(00001841,00002025,0000000420,'Organiser'),
	(00001842,00002025,0000000142,'Coach'),
	(00001843,00002025,0000001817,'Organiser'),
	(00001844,00002025,0000001090,'Assistant'),
	(00001845,00002026,0000000689,'Organiser'),
	(00001846,00002026,0000000810,'Assistant'),
	(00001847,00002026,0000000817,'Organiser'),
	(00001848,00002027,0000000119,'Organiser'),
	(00001849,00002028,0000000074,'Assistant'),
	(00001850,00002028,0000000048,'Organiser'),
	(00001851,00002028,0000000032,'Organiser'),
	(00001852,00002028,0000000103,'Organiser'),
	(00001853,00002028,0000000091,'Organiser'),
	(00001854,00002029,0000000032,'Organiser'),
	(00001855,00002029,0000000048,'Organiser'),
	(00001856,00002029,0000000103,'Organiser'),
	(00001857,00002029,0000000091,'Organiser'),
	(00001858,00002030,0000000103,'Assistant'),
	(00001859,00002030,0000001316,'Assistant'),
	(00001860,00002031,0000000867,'Organiser'),
	(00001861,00002031,0000001047,'Assistant'),
	(00001862,00002032,0000000044,'Organiser'),
	(00001864,00002033,0000000866,'Organiser'),
	(00001865,00002034,0000000095,'Organiser'),
	(00001868,00002035,0000000689,'Organiser'),
	(00001869,00002035,0000000810,'Organiser'),
	(00001870,00002036,0000001517,'Organiser'),
	(00001871,00002036,0000001057,'Organiser'),
	(00001872,00002037,0000000119,'Organiser'),
	(00001873,00002037,0000000024,'Assistant'),
	(00001874,00002037,0000001582,'Assistant'),
	(00001875,00002038,0000001778,'Organiser'),
	(00001876,00002039,0000000058,'Coach'),
	(00001877,00002039,0000000582,'Organiser'),
	(00001878,00002040,0000001517,'Organiser'),
	(00001879,00002040,0000001057,'Organiser'),
	(00001880,00002041,0000001055,'Organiser'),
	(00001881,00002041,0000001777,'Organiser'),
	(00001882,00002042,0000001777,'Organiser'),
	(00001883,00002043,0000001055,'Organiser'),
	(00001884,00002043,0000001777,'Organiser'),
	(00001885,00002044,0000000137,'Organiser'),
	(00001886,00002044,0000000120,'Organiser'),
	(00001887,00002045,0000000137,'Organiser'),
	(00001888,00002045,0000000120,'Organiser'),
	(00001889,00002046,0000000120,'Organiser'),
	(00001890,00002046,0000000137,'Organiser'),
	(00001891,00002047,0000000413,'Assistant'),
	(00001892,00002047,0000000119,'Coach'),
	(00001893,00002048,0000000796,'Assistant'),
	(00001894,00002048,0000001122,'Organiser'),
	(00001895,00002048,0000001506,'Organiser'),
	(00001896,00002048,0000001778,'Organiser'),
	(00001897,00002049,0000000817,'Assistant'),
	(00001898,00002049,0000000748,'Organiser'),
	(00001899,00002050,0000000569,'Organiser'),
	(00001900,00002050,0000000748,'Organiser'),
	(00001901,00002051,0000001503,'Organiser'),
	(00001902,00002052,0000000866,'Organiser'),
	(00001903,00002053,0000001345,'Organiser'),
	(00001904,00002053,0000000486,'Assistant'),
	(00001905,00002054,0000000119,'Organiser'),
	(00001906,00002055,0000001504,'Coach'),
	(00001907,00002056,0000001104,'Organiser'),
	(00001908,00002056,0000000120,'Organiser'),
	(00001909,00002057,0000001778,'Organiser'),
	(00001910,00002058,0000000871,'Organiser'),
	(00001911,00002059,0000001104,'Organiser'),
	(00001912,00002059,0000000120,'Organiser'),
	(00001914,00002060,0000000124,'Organiser'),
	(00001917,00002061,0000000124,'Organiser'),
	(00001919,00002062,0000001122,'Organiser'),
	(00001920,00002063,0000001104,'Organiser'),
	(00001921,00002064,0000001104,'Organiser'),
	(00001922,00002065,0000001093,'Organiser'),
	(00001923,00002066,0000001093,'Organiser'),
	(00001924,00002067,0000001110,'Organiser'),
	(00001925,00002068,0000000689,'Organiser'),
	(00001926,00002069,0000000689,'Organiser'),
	(00001927,00002070,0000000119,'Organiser'),
	(00001928,00002071,0000001122,'Organiser'),
	(00001929,00002072,0000000119,'Organiser'),
	(00001930,00002072,0000001104,'Organiser'),
	(00001931,00002072,0000001502,'Organiser'),
	(00001932,00002073,0000000007,'Organiser'),
	(00001933,00002073,0000000053,'Organiser'),
	(00001934,00002074,0000001505,'Organiser'),
	(00001938,00002075,0000001117,'Organiser'),
	(00001944,00002077,0000000119,'Organiser'),
	(00001945,00002077,0000001282,'Other'),
	(00001946,00002078,0000000119,'Organiser'),
	(00001947,00002079,0000000119,'Organiser'),
	(00001951,00002080,0000000119,'Organiser'),
	(00001952,00002081,0000000119,'Organiser'),
	(00001954,00002082,0000000198,'Organiser'),
	(00001956,00002083,0000000119,'Organiser'),
	(00001957,00002084,0000001501,'Organiser'),
	(00001958,00002085,0000001517,'Organiser'),
	(00001959,00002086,0000000119,'Organiser'),
	(00001960,00002087,0000001008,'Organiser'),
	(00001961,00002087,0000000119,'Organiser'),
	(00001964,00002088,0000000119,'Coach'),
	(00001971,00002089,0000001517,'Organiser'),
	(00001972,00002090,0000000870,'Organiser'),
	(00001973,00002090,0000000119,'Assistant'),
	(00001974,00002091,0000001104,'Assistant'),
	(00001975,00002091,0000001502,'Assistant'),
	(00001976,00001944,0000001110,'Organiser'),
	(00001977,00001981,0000000374,'Organiser'),
	(00001978,00001966,0000002026,'Organiser'),
	(00001979,00001966,0000002025,'Organiser'),
	(00001980,00002032,0000002028,'Organiser'),
	(00001981,00002032,0000001104,'Organiser'),
	(00001982,00002092,0000002062,'Organiser'),
	(00001984,00002094,0000001778,'Organiser'),
	(00001986,00002060,0000002027,'Organiser'),
	(00001987,00001949,0000001117,'Organiser'),
	(00001988,00002052,0000001506,'Organiser'),
	(00001989,00002096,0000000375,'Organiser'),
	(00001990,00002090,0000000373,'Organiser'),
	(00001991,00002034,0000001121,'Organiser'),
	(00001992,00002018,0000002096,'Organiser'),
	(00001995,00001962,0000001104,'Organiser'),
	(00001997,00002023,0000001119,'Organiser'),
	(00001998,00001982,0000000374,'Organiser'),
	(00001999,00001982,0000000684,'Organiser'),
	(00002000,00001982,0000000655,'Organiser'),
	(00002001,00001986,0000002026,'Organiser'),
	(00002002,00001986,0000002025,'Organiser'),
	(00002004,00002097,0000002062,'Organiser'),
	(00002005,00001996,0000000144,'Organiser'),
	(00002006,00001995,0000001122,'Organiser'),
	(00002007,00001995,0000000140,'Organiser'),
	(00002008,00002099,0000001778,'Organiser'),
	(00002009,00002061,0000002027,'Organiser'),
	(00002010,00002061,0000001777,'Organiser'),
	(00002011,00001950,0000001117,'Organiser'),
	(00002014,00001983,0000001776,'Organiser'),
	(00002015,00001985,0000000373,'Organiser'),
	(00002016,00001984,0000000119,'Organiser'),
	(00002017,00001979,0000001121,'Organiser'),
	(00002018,00001979,0000001502,'Organiser'),
	(00002020,00001964,0000002096,'Organiser'),
	(00002021,00002102,0000001104,'Organiser'),
	(00002022,00001957,0000001506,'Organiser'),
	(00002023,00001957,0000002026,'Organiser'),
	(00002024,00001957,0000002025,'Organiser'),
	(00002025,00001957,0000002028,'Organiser'),
	(00002026,00002103,0000002062,'Organiser'),
	(00002027,00001967,0000000144,'Organiser'),
	(00002030,00002105,0000001778,'Organiser'),
	(00002031,00001940,0000001117,'Organiser'),
	(00002032,00001968,0000002027,'Organiser'),
	(00002035,00001948,0000001502,'Organiser'),
	(00002036,00002093,0000000119,'Organiser'),
	(00002037,00002098,0000000119,'Organiser'),
	(00002038,00002104,0000000119,'Organiser'),
	(00002039,00002095,0000000119,'Organiser'),
	(00002040,00002100,0000000119,'Organiser'),
	(00002041,00002106,0000000119,'Organiser'),
	(00002042,00001946,0000000119,'Organiser'),
	(00002043,00002108,0000001066,'Organiser'),
	(00002044,00002108,0000000719,'Organiser'),
	(00002045,00002107,0000000119,'Organiser'),
	(00002046,00002109,0000000796,'Organiser'),
	(00002047,00002110,0000000796,'Organiser'),
	(00002048,00002111,0000000119,'Organiser'),
	(00002049,00002112,0000001474,'Organiser'),
	(00002050,00002112,0000001086,'Organiser'),
	(00002051,00002113,0000001474,'Organiser'),
	(00002052,00002113,0000001086,'Organiser'),
	(00002053,00002114,0000000119,'Organiser'),
	(00002054,00002115,0000000119,'Organiser'),
	(00002055,00001974,0000001776,'Coach'),
	(00002056,00001974,0000001777,'Coach'),
	(00002057,00002116,0000000719,'Coach'),
	(00002058,00002116,0000001066,'Coach'),
	(00002059,00002117,0000000614,'Organiser'),
	(00002060,00002117,0000001514,'Organiser'),
	(00002061,00001974,0000000396,'Coach'),
	(00002062,00001942,0000002096,'Assistant'),
	(00002063,00002118,0000000144,'Coach'),
	(00002064,00002118,0000001776,'Coach'),
	(00002065,00002118,0000001777,'Coach'),
	(00002066,00002118,0000000396,'Coach'),
	(00002067,00002090,0000000649,'Coach'),
	(00002068,00002119,0000001110,'Organiser'),
	(00002069,00002120,0000001110,'Organiser'),
	(00002070,00002121,0000001110,'Organiser'),
	(00002071,00002121,0000000001,'Organiser'),
	(00002073,00002122,0000000001,'Organiser'),
	(00002074,00002123,0000000119,'Organiser'),
	(00002075,00002123,0000001104,'Organiser'),
	(00002076,00002123,0000001502,'Organiser'),
	(00002077,00002124,0000000119,'Organiser'),
	(00002078,00002125,0000000119,'Organiser'),
	(00002079,00002126,0000000119,'Organiser'),
	(00002081,00002126,0000001776,'Organiser'),
	(00002082,00001984,0000000198,'Assistant'),
	(00002083,00001985,0000001119,'Assistant'),
	(00002084,00001995,0000002096,'Organiser'),
	(00002085,00001992,0000000144,'Other'),
	(00002086,00002127,0000000119,'Organiser'),
	(00002087,00001962,0000002289,'Organiser'),
	(00002088,00002101,0000002289,'Organiser'),
	(00002089,00002128,0000000119,'Organiser'),
	(00002090,00002128,0000000373,'Organiser'),
	(00002091,00002129,0000000119,'Organiser'),
	(00002092,00002130,0000000770,'Organiser'),
	(00002094,00002131,0000000866,'Organiser'),
	(00002095,00002132,0000002027,'Organiser'),
	(00002096,00002132,0000000857,'Other'),
	(00002097,00002133,0000000119,'Organiser'),
	(00002098,00002133,0000000857,'Other'),
	(00002100,00002134,0000000866,'Organiser'),
	(00002101,00002134,0000000120,'Organiser'),
	(00002103,00002134,0000000857,'Other'),
	(00002104,00002133,0000000001,'Organiser'),
	(00002105,00002135,0000000373,'Organiser'),
	(00002106,00002135,0000000857,'Other'),
	(00002107,00002136,0000000144,'Organiser'),
	(00002108,00002136,0000001122,'Organiser'),
	(00002109,00002136,0000000869,'Organiser'),
	(00002110,00002136,0000000140,'Organiser'),
	(00002111,00002136,0000000198,'Organiser'),
	(00002112,00002136,0000001119,'Organiser'),
	(00002113,00002136,0000000857,'Other'),
	(00002114,00002137,0000000119,'Organiser'),
	(00002115,00002138,0000000001,'Organiser'),
	(00002116,00001951,0000001777,'Organiser'),
	(00002117,00002139,0000000119,'Organiser'),
	(00002118,00002140,0000000119,'Organiser'),
	(00002120,00001971,0000000870,'Organiser'),
	(00002121,00001968,0000000124,'Organiser'),
	(00002122,00001952,0000000373,'Organiser'),
	(00002123,00002141,0000001122,'Organiser'),
	(00002124,00002142,0000000198,'Organiser'),
	(00002125,00002143,0000000870,'Organiser'),
	(00002126,00002144,0000000119,'Organiser'),
	(00002127,00002145,0000001110,'Organiser'),
	(00002128,00002146,0000001777,'Organiser'),
	(00002129,00002147,0000000373,'Organiser'),
	(00002130,00002147,0000001104,'Organiser'),
	(00002131,00002148,0000001776,'Organiser'),
	(00002132,00002149,0000001122,'Organiser'),
	(00002133,00002149,0000000140,'Organiser'),
	(00002134,00002149,0000000198,'Organiser'),
	(00002135,00002149,0000001119,'Organiser'),
	(00002136,00002150,0000002133,'Organiser'),
	(00002137,00002150,0000002096,'Organiser'),
	(00002138,00002150,0000002291,'Organiser'),
	(00002139,00002150,0000000124,'Organiser'),
	(00002140,00002151,0000000120,'Organiser'),
	(00002141,00002152,0000000001,'Organiser'),
	(00002142,00002153,0000000119,'Organiser'),
	(00002143,00002154,0000000869,'Organiser'),
	(00002144,00002154,0000002289,'Organiser'),
	(00002145,00002155,0000000375,'Organiser'),
	(00002146,00002156,0000000589,'Organiser'),
	(00002147,00002157,0000000119,'Organiser'),
	(00002148,00002158,0000001778,'Organiser'),
	(00002149,00002159,0000000119,'Organiser'),
	(00002150,00002160,0000001122,'Organiser'),
	(00002151,00002160,0000000866,'Organiser'),
	(00002152,00001995,0000001777,'Organiser'),
	(00002155,00002161,0000000373,'Coach'),
	(00002156,00002161,0000000870,'Coach'),
	(00002157,00002162,0000000866,'Organiser'),
	(00002158,00002162,0000000198,'Organiser'),
	(00002159,00002144,0000002290,'Assistant');

/*!40000 ALTER TABLE `gibbonActivityStaff` ENABLE KEYS */;
UNLOCK TABLES;


# Dump of table gibbonCourse
# ------------------------------------------------------------

LOCK TABLES `gibbonCourse` WRITE;
/*!40000 ALTER TABLE `gibbonCourse` DISABLE KEYS */;

INSERT INTO `gibbonCourse` (`gibbonCourseID`, `gibbonSchoolYearID`, `gibbonDepartmentID`, `name`, `nameShort`, `description`, `map`, `gibbonYearGroupIDList`, `orderBy`)
VALUES
	(00001051,024,0005,'Year 10 Art','AR10','','Y','004',0),
	(00001052,024,0008,'Year 10 Chinese First Language','CF10','','Y','004',0),
	(00001053,024,0008,'Year 10 Chinese Second Language','CS10','','Y','004',0),
	(00001054,024,0005,'Year 10 Drama','DR10','','Y','004',0),
	(00001055,024,0006,'Year 10 Economics','EC10','','Y','004',0),
	(00001056,024,0007,'Year 10 English','EN10','','Y','004',0),
	(00001057,024,0018,'Year 10 Enrichment & Flow','ENF10','','Y','004',0),
	(00001058,024,0004,'Year 10 Environmental Management','EV10','','Y','004',0),
	(00001059,024,0006,'Year 10 History','HI10','','Y','004',0),
	(00001060,024,0018,'Year 10 Human Technologies','HT10','','Y','004',0),
	(00001061,024,0008,'Year 10 Japanese','JP10','','Y','004',0),
	(00001062,024,0016,'Year 10 Mathematics','MA10','','Y','004',0),
	(00001063,024,0005,'Year 10 Media Studies','ME10','','Y','004',0),
	(00001064,024,0010,'Year 10 Physical Education','PE10','','Y','004',0),
	(00001065,024,0004,'Year 10 Science','SC10','','Y','004',0),
	(00001066,024,0008,'Year 10 Self Study','SS10','','Y','004',0),
	(00001067,024,0008,'Year 10 Spanish','SP10','','Y','004',0),
	(00001068,024,0015,'Year 10 Tutor Time','TUT10','','Y','004',0),
	(00001069,024,0005,'Year 11 Art','AR11','','Y','005',0),
	(00001070,024,0008,'Year 11 Chinese First Language','CF11','','Y','005',0),
	(00001071,024,0008,'Year 11 Chinese Second Language','CS11','','Y','005',0),
	(00001072,024,0005,'Year 11 Drama','DR11','','Y','005',0),
	(00001073,024,0006,'Year 11 Economics','EC11','','Y','005',0),
	(00001074,024,0007,'Year 11 English','EN11','','Y','005',0),
	(00001075,024,0018,'Year 11 Enrichment & Flow','ENF11','','Y','005',0),
	(00001076,024,0004,'Year 11 Environmental Management','EV11','','Y','005',0),
	(00001078,024,0006,'Year 11 Global Perspectives','GP11','','Y','005',0),
	(00001079,024,0006,'Year 11 History','HI11','','Y','005',0),
	(00001080,024,NULL,'Year 11 IB Choices','IBC11','','Y','005',0),
	(00001081,024,0008,'Year 11 Japanese','JP11','','Y','005',0),
	(00001082,024,0016,'Year 11 Mathematics','MA11','','Y','005',0),
	(00001083,024,0005,'Year 11 Media Studies','ME11','','Y','005',0),
	(00001084,024,0010,'Year 11 Physical Education','PE11','','Y','005',0),
	(00001085,024,0004,'Year 11 Science','SC11','','Y','005',0),
	(00001086,024,0008,'Year 11 Self Study','SS11','','Y','005',0),
	(00001087,024,0008,'Year 11 Spanish','SP11','','Y','005',0),
	(00001088,024,0015,'Year 11 Tutor Time','TUT11','','Y','005',0),
	(00001089,024,0004,'Year 12 Biology (Higher)','BIHL12','','Y','006',0),
	(00001090,024,0004,'Year 12 Biology (Standard)','BISL12','','Y','006',0),
	(00001091,024,NULL,'Year 12 CAS	','CAS12','','Y','006',0),
	(00001092,024,0004,'Year 12 Chemistry (Higher)','CHHL12','','Y','006',0),
	(00001093,024,0004,'Year 12 Chemistry (Standard)','CHSL12','','Y','006',0),
	(00001094,024,0008,'Year 12 Chinese Second Language (Higher)','CSHL12','','Y','006',0),
	(00001095,024,0008,'Year 12 Chinese Second Language (Standard)','CSSL12','','Y','006',0),
	(00001096,024,0006,'Year 12 Economics (Higher)','ECHL12','','Y','006',0),
	(00001097,024,0006,'Year 12 Economics (Standard)','ECSL12','','Y','006',0),
	(00001098,024,0007,'Year 12 English (Higher)','ENHL12','','Y','006',0),
	(00001099,024,0007,'Year 12 English (Standard)','ENSL12','','Y','006',0),
	(00001100,024,0004,'Year 12 Envir. Systems & Societies (Standard)','ESSL12','','Y','006',0),
	(00001101,024,NULL,'Year 12 Extended Essay	','EE12','','Y','006',0),
	(00001102,024,0018,'Year 13 ITGS (Higher)','ITHL13','','Y','007',0),
	(00001103,024,0016,'Year 12 Mathematics (Higher)','MAHL12','','Y','006',0),
	(00001104,024,0016,'Year 12 Mathematics (Standard)','MASL12','','Y','006',0),
	(00001105,024,0016,'Year 12 Mathematics (Studies)','MSSL12','','Y','006',0),
	(00001106,024,0008,'Year 12 Pamoja Support','PS12','','Y','006',0),
	(00001107,024,0010,'Year 12 Physical Education','PE12','','Y','006',0),
	(00001108,024,0004,'Year 12 Physics (Higher)','PHHL12','','Y','006',0),
	(00001109,024,0004,'Year 12 Physics (Standard)','PHSL12','','Y','006',0),
	(00001110,024,0006,'Year 12 Psychology (Higher)','PYHL12','','Y','006',0),
	(00001111,024,0006,'Year 12 Psychology (Standard)','PYSL12','','Y','006',0),
	(00001112,024,0007,'Year 12 Self Study','SS12','','Y','006',0),
	(00001113,024,0008,'Year 12 Spanish (Higher)','SPHL12','','Y','006',0),
	(00001114,024,0008,'Year 12 Spanish (Standard)','SPSL12','','Y','006',0),
	(00001116,024,0005,'Year 12 Theatre Arts (Higher)','TAHL12','','Y','006',0),
	(00001117,024,0005,'Year 12 Theatre Arts (Standard)','TASL12','','Y','006',0),
	(00001118,024,0018,'Year 12 Theory of Knowledge','TOK12','','Y','006',0),
	(00001119,024,0015,'Year 12 Tutor Time','TUT12','','Y','006',0),
	(00001120,024,0005,'Year 12 Visual Arts (Higher)','VAHL12','','Y','006',0),
	(00001121,024,0005,'Year 12 Visual Arts (Standard)','VASL12','','Y','006',0),
	(00001122,024,0004,'Year 13 Biology (Higher)','BIHL13','','Y','007',0),
	(00001123,024,0004,'Year 13 Biology (Standard)','BISL13','','Y','007',0),
	(00001124,024,NULL,'Year 13 CAS','CAS13','','Y','007',0),
	(00001125,024,0004,'Year 13 Chemistry (Higher)','CHHL13','','Y','007',0),
	(00001126,024,0004,'Year 13 Chemistry (Standard)','CHSL13','','Y','007',0),
	(00001127,024,0008,'Year 13 Chinese Ab initio (Standard Level)','CASL13','','Y','007',0),
	(00001128,024,0008,'Year 13 Chinese Second Language (Higher)','CSHL13','','Y','007',0),
	(00001129,024,0008,'Year 13 Chinese Second Language (Standard)','CSSL13','','Y','007',0),
	(00001130,024,0006,'Year 13 Economics (Standard)','ECSL13','','Y','007',0),
	(00001131,024,0007,'Year 13 English (Higher)','ENHL13','','Y','007',0),
	(00001132,024,0007,'Year 13 English (Standard)','ENSL13','','Y','007',0),
	(00001133,024,0004,'Year 13 Envir. Systems & Societies (Standard)','ESSL13','','Y','007',0),
	(00001134,024,NULL,'Year 13 Extended Essay	','EE13','','Y','007',0),
	(00001135,024,0005,'Year 12 Film Studies (Higher)','FSHL12','','Y','006',0),
	(00001136,024,0008,'Year 13 French Ab Initio (Standard)','FASL13','','Y','007',0),
	(00001137,024,0006,'Year 12 History (Higher)','HIHL12','','Y','006',0),
	(00001138,024,0006,'Year 12 History (Standard)','HISL12','','Y','006',0),
	(00001139,024,0016,'Year 13 Mathematics (Higher)','MAHL13','','Y','007',0),
	(00001140,024,0016,'Year 13 Mathematics (Standard)','MASL13','','Y','007',0),
	(00001141,024,0016,'Year 13 Mathematics (Studies)','MSSL13','','Y','007',0),
	(00001142,024,0008,'Year 13 Pamoja Support','PS13','','Y','007',0),
	(00001143,024,0010,'Year 13 Physical Education','PE13','','Y','007',0),
	(00001144,024,0004,'Year 13 Physics (Higher)','PHHL13','','Y','007',0),
	(00001145,024,0004,'Year 13 Physics (Standard)','PHSL13','','Y','007',0),
	(00001146,024,0006,'Year 13 Psychology (Higher)','PYHL13','','Y','007',0),
	(00001147,024,0006,'Year 13 Psychology (Standard)','PYSL13','','Y','007',0),
	(00001148,024,0007,'Year 13 Self Study','SS13','','Y','007',0),
	(00001149,024,0008,'Year 13 Spanish (Higher)','SPHL13','','Y','007',0),
	(00001152,024,0005,'Year 13 Theatre Arts (Higher)','TAHL13','','Y','007',0),
	(00001153,024,0018,'Year 13 Theory of Knowledge','TOK13','','Y','007',0),
	(00001154,024,0015,'Year 13 Tutor Time','TUT13','','Y','007',0),
	(00001155,024,0005,'Year 13 Visual Arts (Higher)','VAHL13','','Y','007',0),
	(00001156,024,0005,'Year 13 Visual Arts (Standard)','VASL13','','Y','007',0),
	(00001157,024,0005,'Year 7 Art','AR07','','Y','001',0),
	(00001158,024,0006,'Year 7 Big History','BH07','','Y','001',0),
	(00001159,024,0008,'Year 7 Chinese First Language','CF07','','Y','001',0),
	(00001160,024,0008,'Year 7 Chinese Second Language','CS07','','Y','001',0),
	(00001161,024,0007,'Year 7 English','EN07','','Y','001',0),
	(00001162,024,0005,'Year 7 Expressive Arts','EX07','','Y','001',0),
	(00001163,024,0018,'Year 7 Free Learning','FL07','','Y','001',0),
	(00001164,024,0018,'Year 7 Human Technologies','HT07','','Y','001',0),
	(00001165,024,0008,'Year 7 Japanese','JP07','','Y','001',0),
	(00001166,024,0016,'Year 7 Mathematics','MA07','','Y','001',0),
	(00001167,024,0010,'Year 7 Physical Education','PE07','','Y','001',0),
	(00001168,024,0004,'Year 7 Science','SC07','','Y','001',0),
	(00001169,024,0008,'Year 7 Spanish','SP07','','Y','001',0),
	(00001170,024,0015,'Year 7 Tutor Time','TUT07','','Y','001',0),
	(00001171,024,0006,'Year 8 Big History','BH08','','Y','002',0),
	(00001172,024,0008,'Year 8 Chinese First Language','CF08','','Y','002',0),
	(00001173,024,0008,'Year 8 Chinese Second Language','CS08','','Y','002',0),
	(00001174,024,0018,'Year 8 Digital Creativity & Visual Thinking','DCVT08','','Y','002',0),
	(00001175,024,0007,'Year 8 English','EN08','','Y','002',0),
	(00001176,024,0005,'Year 8 Expressive Arts','EX08','','Y','002',0),
	(00001177,024,0018,'Year 8 Free Learning','FL08','','Y','002',0),
	(00001178,024,0018,'Year 8 Human Technologies','HT08','','Y','002',0),
	(00001179,024,0008,'Year 8 Japanese','JP08','','Y','002',0),
	(00001180,024,0016,'Year 8 Mathematics','MA08','','Y','002',0),
	(00001181,024,0010,'Year 8 Physical Education','PE08','','Y','002',0),
	(00001182,024,0004,'Year 8 Science','SC08','','Y','002',0),
	(00001183,024,0008,'Year 8 Spanish','SP08','','Y','002',0),
	(00001184,024,0015,'Year 8 Tutor Time','TUT08','','Y','002',0),
	(00001185,024,0005,'Year 9 Art','AR09','','Y','003',0),
	(00001186,024,0008,'Year 9 Chinese First Language','CF09','','Y','003',0),
	(00001187,024,0008,'Year 9 Chinese Second Language','CS09','','Y','003',0),
	(00001188,024,0007,'Year 9 English','EN09','','Y','003',0),
	(00001189,024,0005,'Year 9 Expressive Arts','EX09','','Y','003',0),
	(00001190,024,0018,'Year 9 Free Learning','FL09','','Y','003',0),
	(00001191,024,0018,'Year 9 Human Technologies','HT09','','Y','003',0),
	(00001192,024,0006,'Year 9 Humanities','HU09','','Y','003',0),
	(00001193,024,0008,'Year 9 Japanese','JP09','','Y','003',0),
	(00001194,024,0016,'Year 9 Mathematics','MA09','','Y','003',0),
	(00001195,024,0005,'Year 9 Media Studies','ME09','','Y','003',0),
	(00001196,024,0010,'Year 9 Physical Education','PE09','','Y','003',0),
	(00001197,024,0004,'Year 9 Science','SC09','','Y','003',0),
	(00001198,024,0008,'Year 9 Spanish','SP09','','Y','003',0),
	(00001199,024,0015,'Year 9 Tutor Time','TUT09','','Y','003',0),
	(00001200,024,0005,'Year 13 Theatre Arts (Standard)','TASL13','','Y','007',0),
	(00001201,024,0005,'Year 12 Film Studies (Standard)','FSSL12','','Y','006',0),
	(00001203,024,0008,'Year 13 Spanish Ab Initio (Standard)','SASL13','','Y','007',0),
	(00001204,024,0008,'Year 12 Spanish Ab Initio (Standard)','SASL12','','Y','006',0);

/*!40000 ALTER TABLE `gibbonCourse` ENABLE KEYS */;
UNLOCK TABLES;


# Dump of table gibbonCourseClass
# ------------------------------------------------------------

LOCK TABLES `gibbonCourseClass` WRITE;
/*!40000 ALTER TABLE `gibbonCourseClass` DISABLE KEYS */;

INSERT INTO `gibbonCourseClass` (`gibbonCourseClassID`, `gibbonCourseID`, `name`, `nameShort`, `reportable`, `attendance`, `gibbonScaleIDTarget`)
VALUES
	(00002005,00001051,'1','1','Y','Y',NULL),
	(00002006,00001052,'2','2','Y','Y',NULL),
	(00002007,00001052,'1','1','Y','Y',NULL),
	(00002008,00001053,'2','2','Y','Y',NULL),
	(00002009,00001053,'1','1','Y','Y',NULL),
	(00002010,00001054,'1','1','Y','Y',NULL),
	(00002011,00001055,'1','1','Y','Y',NULL),
	(00002012,00001056,'1','1','Y','Y',NULL),
	(00002013,00001056,'2','2','Y','Y',NULL),
	(00002014,00001056,'3','3','Y','Y',NULL),
	(00002016,00001057,'2','2','Y','Y',NULL),
	(00002017,00001057,'1','1','Y','Y',NULL),
	(00002018,00001058,'1','1','Y','Y',NULL),
	(00002019,00001059,'1','1','Y','Y',NULL),
	(00002020,00001060,'2','2','Y','Y',NULL),
	(00002021,00001060,'1','1','Y','Y',NULL),
	(00002022,00001061,'1','1','Y','Y',NULL),
	(00002023,00001062,'1','1','Y','Y',NULL),
	(00002024,00001062,'2','2','Y','Y',NULL),
	(00002025,00001062,'3','3','Y','Y',NULL),
	(00002026,00001063,'1','1','Y','Y',NULL),
	(00002027,00001064,'2','2','Y','Y',NULL),
	(00002028,00001064,'1','1','Y','Y',NULL),
	(00002030,00001065,'2','2','Y','Y',NULL),
	(00002031,00001065,'1','1','Y','Y',NULL),
	(00002032,00001066,'1','1','Y','Y',NULL),
	(00002033,00001067,'1','1','Y','Y',NULL),
	(00002035,00001068,'2','2','N','Y',NULL),
	(00002036,00001068,'1','1','N','Y',NULL),
	(00002037,00001069,'1','1','Y','Y',NULL),
	(00002038,00001070,'2','2','Y','Y',NULL),
	(00002039,00001070,'1','1','Y','Y',NULL),
	(00002040,00001071,'1','1','Y','Y',NULL),
	(00002041,00001072,'1','1','Y','Y',NULL),
	(00002042,00001073,'1','1','Y','Y',NULL),
	(00002043,00001074,'1','1','Y','Y',NULL),
	(00002044,00001074,'2','2','Y','Y',NULL),
	(00002045,00001074,'3','3','Y','Y',NULL),
	(00002046,00001075,'1','1','Y','Y',NULL),
	(00002048,00001076,'1','1','Y','Y',NULL),
	(00002049,00001078,'1','1','Y','Y',NULL),
	(00002050,00001079,'1','1','Y','Y',NULL),
	(00002051,00001080,'1','1','N','Y',NULL),
	(00002052,00001081,'1','1','Y','Y',NULL),
	(00002053,00001082,'1','1','Y','Y',NULL),
	(00002054,00001082,'2','2','Y','Y',NULL),
	(00002055,00001082,'3','3','Y','Y',NULL),
	(00002057,00001083,'1','1','Y','Y',NULL),
	(00002058,00001084,'1','1','Y','Y',NULL),
	(00002059,00001084,'2','2','Y','Y',NULL),
	(00002060,00001085,'2','2','Y','Y',NULL),
	(00002061,00001085,'1','1','Y','Y',NULL),
	(00002062,00001087,'1','1','Y','Y',NULL),
	(00002063,00001088,'2','2','N','Y',NULL),
	(00002064,00001088,'1','1','N','Y',NULL),
	(00002065,00001089,'1','1','Y','Y',NULL),
	(00002066,00001090,'1','1','Y','Y',NULL),
	(00002067,00001091,'1','1','Y','Y',NULL),
	(00002068,00001092,'1','1','Y','Y',NULL),
	(00002069,00001093,'1','1','Y','Y',NULL),
	(00002070,00001094,'1','1','Y','Y',NULL),
	(00002071,00001095,'1','1','Y','Y',NULL),
	(00002073,00001096,'1','1','Y','Y',NULL),
	(00002074,00001097,'1','1','Y','Y',NULL),
	(00002076,00001098,'1','1','Y','Y',NULL),
	(00002078,00001099,'1','1','Y','Y',NULL),
	(00002079,00001100,'1','1','Y','Y',NULL),
	(00002080,00001101,'1','1','Y','Y',NULL),
	(00002082,00001103,'1','1','Y','Y',NULL),
	(00002083,00001104,'1','1','Y','Y',NULL),
	(00002084,00001105,'1','1','Y','Y',NULL),
	(00002085,00001106,'1','1','Y','Y',NULL),
	(00002086,00001107,'2','2','N','Y',NULL),
	(00002087,00001107,'1','1','N','Y',NULL),
	(00002088,00001108,'1','1','Y','Y',NULL),
	(00002089,00001109,'1','1','Y','Y',NULL),
	(00002090,00001110,'1','1','Y','Y',NULL),
	(00002091,00001111,'1','1','Y','Y',NULL),
	(00002092,00001112,'1','1','Y','Y',NULL),
	(00002093,00001113,'1','1','Y','Y',NULL),
	(00002094,00001114,'1','1','Y','Y',NULL),
	(00002096,00001116,'1','1','Y','Y',NULL),
	(00002097,00001117,'1','1','Y','Y',NULL),
	(00002098,00001118,'1','1','Y','Y',NULL),
	(00002099,00001119,'2','2','N','Y',NULL),
	(00002100,00001119,'1','1','N','Y',NULL),
	(00002101,00001120,'1','1','Y','Y',NULL),
	(00002102,00001121,'1','1','Y','Y',NULL),
	(00002103,00001122,'1','1','Y','Y',NULL),
	(00002104,00001123,'1','1','Y','Y',NULL),
	(00002105,00001124,'1','1','Y','Y',NULL),
	(00002106,00001125,'1','1','Y','Y',NULL),
	(00002107,00001126,'1','1','Y','Y',NULL),
	(00002109,00001128,'1','1','Y','Y',NULL),
	(00002110,00001129,'1','1','Y','Y',NULL),
	(00002111,00001130,'1','1','Y','Y',NULL),
	(00002112,00001131,'2','2','Y','Y',NULL),
	(00002113,00001131,'1','1','Y','Y',NULL),
	(00002114,00001132,'2','2','Y','Y',NULL),
	(00002115,00001132,'1','1','Y','Y',NULL),
	(00002116,00001133,'1','1','Y','Y',NULL),
	(00002117,00001134,'1','1','Y','Y',NULL),
	(00002118,00001135,'1','1','Y','Y',NULL),
	(00002120,00001138,'1','1','Y','Y',NULL),
	(00002121,00001139,'1','1','Y','Y',NULL),
	(00002122,00001140,'1','1','Y','Y',NULL),
	(00002123,00001141,'1','1','Y','Y',NULL),
	(00002124,00001142,'1','1','Y','Y',NULL),
	(00002125,00001143,'1','1','N','Y',NULL),
	(00002126,00001144,'1','1','Y','Y',NULL),
	(00002127,00001146,'1','1','Y','Y',NULL),
	(00002128,00001147,'2','2','Y','Y',NULL),
	(00002130,00001152,'1','1','Y','Y',NULL),
	(00002131,00001153,'1','1','Y','Y',NULL),
	(00002132,00001154,'1','1','N','Y',NULL),
	(00002133,00001155,'1','1','Y','Y',NULL),
	(00002134,00001156,'1','1','Y','Y',NULL),
	(00002135,00001157,'3','3','Y','Y',NULL),
	(00002136,00001157,'2','2','Y','Y',NULL),
	(00002137,00001157,'1','1','Y','Y',NULL),
	(00002138,00001158,'3','3','Y','Y',NULL),
	(00002139,00001158,'2','2','Y','Y',NULL),
	(00002140,00001158,'1','1','Y','Y',NULL),
	(00002141,00001159,'2','2','Y','Y',NULL),
	(00002142,00001159,'1','1','Y','Y',NULL),
	(00002143,00001160,'2','2','Y','Y',NULL),
	(00002144,00001160,'1','1','Y','Y',NULL),
	(00002145,00001161,'1','1','Y','Y',NULL),
	(00002146,00001161,'2','2','Y','Y',NULL),
	(00002147,00001161,'3','3','Y','Y',NULL),
	(00002148,00001162,'3','3','Y','Y',NULL),
	(00002149,00001162,'2','2','Y','Y',NULL),
	(00002150,00001162,'1','1','Y','Y',NULL),
	(00002151,00001163,'3','3','Y','Y',NULL),
	(00002152,00001163,'2','2','Y','Y',NULL),
	(00002153,00001163,'1','1','Y','Y',NULL),
	(00002154,00001164,'3','3','Y','Y',NULL),
	(00002155,00001164,'2','2','Y','Y',NULL),
	(00002156,00001164,'1','1','Y','Y',NULL),
	(00002157,00001165,'1','1','Y','Y',NULL),
	(00002158,00001166,'1','1','Y','Y',NULL),
	(00002159,00001166,'2','2','Y','Y',NULL),
	(00002161,00001166,'3','3','Y','Y',NULL),
	(00002162,00001167,'3','3','Y','Y',NULL),
	(00002163,00001167,'2','2','Y','Y',NULL),
	(00002164,00001167,'1','1','Y','Y',NULL),
	(00002165,00001168,'3','3','Y','Y',NULL),
	(00002166,00001168,'2','2','Y','Y',NULL),
	(00002167,00001168,'1','1','Y','Y',NULL),
	(00002168,00001169,'1','1','Y','Y',NULL),
	(00002169,00001170,'1','1','N','Y',NULL),
	(00002170,00001170,'2','2','N','Y',NULL),
	(00002171,00001170,'3','3','N','Y',NULL),
	(00002172,00001171,'3','3','Y','Y',NULL),
	(00002173,00001171,'2','2','Y','Y',NULL),
	(00002174,00001171,'1','1','Y','Y',NULL),
	(00002175,00001172,'2','2','Y','Y',NULL),
	(00002176,00001172,'1','1','Y','Y',NULL),
	(00002177,00001173,'2','2','Y','Y',NULL),
	(00002178,00001173,'1','1','Y','Y',NULL),
	(00002179,00001174,'3','3','Y','Y',NULL),
	(00002180,00001174,'2','2','Y','Y',NULL),
	(00002181,00001174,'1','1','Y','Y',NULL),
	(00002182,00001175,'1','1','Y','Y',NULL),
	(00002183,00001175,'2','2','Y','Y',NULL),
	(00002184,00001175,'3','3','Y','Y',NULL),
	(00002185,00001176,'3','3','Y','Y',NULL),
	(00002186,00001176,'2','2','Y','Y',NULL),
	(00002187,00001176,'1','1','Y','Y',NULL),
	(00002188,00001177,'3','3','Y','Y',NULL),
	(00002189,00001177,'2','2','Y','Y',NULL),
	(00002190,00001177,'1','1','Y','Y',NULL),
	(00002191,00001178,'3','3','Y','Y',NULL),
	(00002192,00001178,'2','2','Y','Y',NULL),
	(00002193,00001178,'1','1','Y','Y',NULL),
	(00002194,00001179,'1','1','Y','Y',NULL),
	(00002195,00001180,'1','1','Y','Y',NULL),
	(00002196,00001180,'2','2','Y','Y',NULL),
	(00002197,00001180,'3','3','Y','Y',NULL),
	(00002198,00001181,'3','3','Y','Y',NULL),
	(00002199,00001181,'2','2','Y','Y',NULL),
	(00002200,00001181,'1','1','Y','Y',NULL),
	(00002201,00001182,'3','3','Y','Y',NULL),
	(00002202,00001182,'2','2','Y','Y',NULL),
	(00002203,00001182,'1','1','Y','Y',NULL),
	(00002204,00001183,'1','1','Y','Y',NULL),
	(00002205,00001184,'3','3','N','Y',NULL),
	(00002206,00001184,'1','1','N','Y',NULL),
	(00002207,00001184,'2','2','N','Y',NULL),
	(00002208,00001185,'1','1','Y','Y',NULL),
	(00002209,00001186,'2','2','Y','Y',NULL),
	(00002210,00001186,'1','1','Y','Y',NULL),
	(00002211,00001187,'1','1','Y','Y',NULL),
	(00002212,00001188,'1','1','Y','Y',NULL),
	(00002213,00001188,'2','2','Y','Y',NULL),
	(00002214,00001188,'3','3','Y','Y',NULL),
	(00002215,00001189,'1','1','Y','Y',NULL),
	(00002216,00001190,'2','2','Y','Y',NULL),
	(00002217,00001190,'1','1','Y','Y',NULL),
	(00002218,00001191,'2','2','Y','Y',NULL),
	(00002219,00001191,'1','1','Y','Y',NULL),
	(00002220,00001192,'2','2','Y','Y',NULL),
	(00002221,00001192,'1','1','Y','Y',NULL),
	(00002222,00001193,'1','1','Y','Y',NULL),
	(00002223,00001194,'1','1','Y','Y',NULL),
	(00002224,00001194,'2','2','Y','Y',NULL),
	(00002225,00001194,'3','3','Y','Y',NULL),
	(00002226,00001195,'1','1','Y','Y',NULL),
	(00002227,00001196,'2','2','Y','Y',NULL),
	(00002228,00001196,'1','1','Y','Y',NULL),
	(00002229,00001197,'2','2','Y','Y',NULL),
	(00002230,00001197,'1','1','Y','Y',NULL),
	(00002231,00001198,'1','1','Y','Y',NULL),
	(00002232,00001199,'2','2','N','Y',NULL),
	(00002233,00001199,'1','1','N','Y',NULL),
	(00002234,00001175,'4','4','Y','Y',NULL),
	(00002235,00001180,'4','4','Y','Y',NULL),
	(00002236,00001191,'3','3','Y','Y',NULL),
	(00002237,00001190,'3','3','Y','Y',NULL),
	(00002238,00001075,'2','2','Y','Y',NULL),
	(00002239,00001192,'3','3','Y','Y',NULL),
	(00002240,00001137,'1','1','Y','Y',NULL),
	(00002241,00001187,'2','2','Y','Y',NULL),
	(00002242,00001149,'1','1','Y','Y',NULL),
	(00002244,00001196,'3','3','Y','Y',NULL),
	(00002245,00001197,'3','3','Y','Y',NULL),
	(00002246,00001145,'1','1','Y','Y',NULL),
	(00002247,00001200,'1','1','Y','Y',NULL),
	(00002248,00001201,'1','1','Y','Y',NULL),
	(00002250,00001202,'1','1','Y','Y',NULL),
	(00002251,00001147,'1','1','Y','Y',NULL),
	(00002252,00001199,'3','3','N','Y',NULL),
	(00002256,00001088,'3','3','N','Y',NULL);

/*!40000 ALTER TABLE `gibbonCourseClass` ENABLE KEYS */;
UNLOCK TABLES;


# Dump of table gibbonCourseClassPerson
# ------------------------------------------------------------

LOCK TABLES `gibbonCourseClassPerson` WRITE;
/*!40000 ALTER TABLE `gibbonCourseClassPerson` DISABLE KEYS */;

INSERT INTO `gibbonCourseClassPerson` (`gibbonCourseClassPersonID`, `gibbonCourseClassID`, `gibbonPersonID`, `role`, `reportable`)
VALUES
	(0000041859,00002249,0000002302,'Student','Y'),
	(0000042064,00002137,0000000374,'Teacher','Y'),
	(0000042065,00002136,0000000374,'Teacher','Y'),
	(0000042066,00002135,0000000374,'Teacher','Y'),
	(0000042067,00002208,0000000374,'Teacher','Y'),
	(0000042068,00002005,0000000374,'Teacher','Y'),
	(0000042069,00002037,0000000374,'Teacher','Y'),
	(0000042070,00002140,0000001110,'Teacher','Y'),
	(0000042071,00002139,0000000124,'Teacher','Y'),
	(0000042072,00002138,0000002028,'Teacher','Y'),
	(0000042073,00002174,0000002028,'Teacher','Y'),
	(0000042074,00002173,0000002028,'Teacher','Y'),
	(0000042075,00002172,0000001121,'Teacher','Y'),
	(0000042076,00002065,0000000870,'Teacher','Y'),
	(0000042077,00002103,0000000870,'Teacher','Y'),
	(0000042078,00002066,0000000870,'Teacher','Y'),
	(0000042079,00002104,0000000870,'Teacher','Y'),
	(0000042080,00002142,0000001119,'Teacher','Y'),
	(0000042081,00002141,0000000869,'Teacher','Y'),
	(0000042082,00002176,0000001119,'Teacher','Y'),
	(0000042083,00002175,0000000869,'Teacher','Y'),
	(0000042084,00002210,0000000869,'Teacher','Y'),
	(0000042085,00002209,0000000198,'Teacher','Y'),
	(0000042086,00002007,0000000869,'Teacher','Y'),
	(0000042087,00002006,0000000198,'Teacher','Y'),
	(0000042088,00002039,0000000140,'Teacher','Y'),
	(0000042089,00002039,0000001119,'Teacher','Y'),
	(0000042090,00002038,0000000869,'Teacher','Y'),
	(0000042091,00002068,0000002026,'Teacher','Y'),
	(0000042092,00002106,0000002026,'Teacher','Y'),
	(0000042093,00002069,0000002026,'Teacher','Y'),
	(0000042094,00002107,0000002026,'Teacher','Y'),
	(0000042095,00002144,0000000198,'Teacher','Y'),
	(0000042096,00002143,0000000140,'Teacher','Y'),
	(0000042097,00002178,0000000140,'Teacher','Y'),
	(0000042098,00002177,0000000198,'Teacher','Y'),
	(0000042099,00002211,0000001119,'Teacher','Y'),
	(0000042100,00002241,0000000140,'Teacher','Y'),
	(0000042101,00002009,0000001119,'Teacher','Y'),
	(0000042102,00002008,0000000140,'Teacher','Y'),
	(0000042103,00002040,0000000198,'Teacher','Y'),
	(0000042104,00002070,0000000198,'Teacher','Y'),
	(0000042105,00002109,0000000869,'Teacher','Y'),
	(0000042106,00002071,0000000140,'Teacher','Y'),
	(0000042107,00002110,0000001119,'Teacher','Y'),
	(0000042108,00002181,0000001119,'Teacher','Y'),
	(0000042109,00002180,0000001119,'Teacher','Y'),
	(0000042110,00002179,0000001119,'Teacher','Y'),
	(0000042111,00002010,0000001506,'Teacher','Y'),
	(0000042112,00002041,0000001506,'Teacher','Y'),
	(0000042113,00002011,0000002028,'Teacher','Y'),
	(0000042114,00002042,0000002028,'Teacher','Y'),
	(0000042115,00002073,0000000124,'Teacher','Y'),
	(0000042116,00002250,0000000124,'Teacher','Y'),
	(0000042117,00002074,0000000124,'Teacher','Y'),
	(0000042118,00002111,0000000124,'Teacher','Y'),
	(0000042119,00002146,0000001123,'Teacher','Y'),
	(0000042120,00002145,0000000867,'Teacher','Y'),
	(0000042121,00002147,0000000373,'Teacher','Y'),
	(0000042122,00002182,0000001502,'Teacher','Y'),
	(0000042123,00002182,0000000867,'Teacher','Y'),
	(0000042124,00002184,0000001777,'Teacher','Y'),
	(0000042125,00002183,0000001778,'Teacher','Y'),
	(0000042126,00002234,0000001123,'Teacher','Y'),
	(0000042127,00002212,0000001778,'Teacher','Y'),
	(0000042128,00002213,0000001123,'Teacher','Y'),
	(0000042129,00002214,0000001777,'Teacher','Y'),
	(0000042133,00002044,0000001502,'Teacher','Y'),
	(0000042134,00002045,0000001778,'Teacher','Y'),
	(0000042135,00002043,0000001777,'Teacher','Y'),
	(0000042136,00002017,0000001506,'Teacher','Y'),
	(0000042137,00002016,0000000119,'Teacher','Y'),
	(0000042138,00002046,0000002028,'Teacher','Y'),
	(0000042139,00002238,0000000119,'Teacher','Y'),
	(0000042140,00002076,0000000867,'Teacher','Y'),
	(0000042141,00002113,0000001502,'Teacher','Y'),
	(0000042142,00002112,0000000867,'Teacher','Y'),
	(0000042143,00002078,0000001777,'Teacher','Y'),
	(0000042144,00002115,0000001502,'Teacher','Y'),
	(0000042145,00002114,0000000867,'Teacher','Y'),
	(0000042146,00002079,0000000589,'Teacher','Y'),
	(0000042147,00002116,0000000589,'Teacher','Y'),
	(0000042148,00002018,0000000589,'Teacher','Y'),
	(0000042149,00002048,0000002026,'Teacher','Y'),
	(0000042150,00002150,0000001506,'Teacher','Y'),
	(0000042151,00002149,0000001506,'Teacher','Y'),
	(0000042152,00002148,0000001506,'Teacher','Y'),
	(0000042153,00002187,0000001506,'Teacher','Y'),
	(0000042154,00002186,0000000375,'Teacher','Y'),
	(0000042155,00002185,0000001506,'Teacher','Y'),
	(0000042156,00002215,0000001506,'Teacher','Y'),
	(0000042157,00002153,0000000001,'Teacher','Y'),
	(0000042158,00002152,0000000001,'Teacher','Y'),
	(0000042159,00002151,0000000001,'Teacher','Y'),
	(0000042160,00002190,0000001778,'Teacher','Y'),
	(0000042161,00002189,0000000119,'Teacher','Y'),
	(0000042162,00002188,0000001778,'Teacher','Y'),
	(0000042163,00002217,0000000119,'Teacher','Y'),
	(0000042164,00002216,0000002134,'Teacher','Y'),
	(0000042165,00002237,0000001502,'Teacher','Y'),
	(0000042166,00002118,0000001776,'Teacher','Y'),
	(0000042167,00002248,0000001776,'Teacher','Y'),
	(0000042168,00002019,0000002027,'Teacher','Y'),
	(0000042169,00002050,0000002027,'Teacher','Y'),
	(0000042170,00002240,0000002027,'Teacher','Y'),
	(0000042171,00002120,0000002027,'Teacher','Y'),
	(0000042172,00002156,0000001110,'Teacher','Y'),
	(0000042173,00002155,0000000373,'Teacher','Y'),
	(0000042174,00002154,0000001123,'Teacher','Y'),
	(0000042175,00002193,0000001110,'Teacher','Y'),
	(0000042176,00002192,0000001104,'Teacher','Y'),
	(0000042177,00002191,0000000124,'Teacher','Y'),
	(0000042178,00002219,0000001123,'Teacher','Y'),
	(0000042179,00002218,0000001110,'Teacher','Y'),
	(0000042180,00002236,0000001777,'Teacher','Y'),
	(0000042181,00002021,0000002027,'Teacher','Y'),
	(0000042182,00002020,0000001502,'Teacher','Y'),
	(0000042183,00002221,0000000124,'Teacher','Y'),
	(0000042184,00002220,0000002027,'Teacher','Y'),
	(0000042185,00002239,0000002027,'Teacher','Y'),
	(0000042186,00002157,0000001122,'Teacher','Y'),
	(0000042187,00002194,0000001122,'Teacher','Y'),
	(0000042188,00002222,0000001122,'Teacher','Y'),
	(0000042189,00002022,0000001122,'Teacher','Y'),
	(0000042190,00002052,0000001122,'Teacher','Y'),
	(0000042191,00002161,0000000866,'Teacher','Y'),
	(0000042192,00002159,0000001104,'Teacher','Y'),
	(0000042193,00002158,0000001117,'Teacher','Y'),
	(0000042194,00002197,0000001117,'Teacher','Y'),
	(0000042195,00002196,0000001104,'Teacher','Y'),
	(0000042196,00002195,0000000866,'Teacher','Y'),
	(0000042197,00002235,0000000120,'Teacher','Y'),
	(0000042198,00002225,0000001117,'Teacher','Y'),
	(0000042199,00002223,0000000866,'Teacher','Y'),
	(0000042200,00002224,0000001104,'Teacher','Y'),
	(0000042201,00002024,0000000120,'Teacher','Y'),
	(0000042202,00002023,0000001117,'Teacher','Y'),
	(0000042203,00002025,0000000866,'Teacher','Y'),
	(0000042204,00002054,0000000120,'Teacher','Y'),
	(0000042205,00002055,0000001104,'Teacher','Y'),
	(0000042206,00002053,0000000866,'Teacher','Y'),
	(0000042207,00002082,0000000120,'Teacher','Y'),
	(0000042208,00002121,0000000120,'Teacher','Y'),
	(0000042209,00002083,0000001104,'Teacher','Y'),
	(0000042210,00002122,0000001104,'Teacher','Y'),
	(0000042211,00002226,0000000375,'Teacher','Y'),
	(0000042212,00002026,0000000001,'Teacher','Y'),
	(0000042213,00002057,0000000001,'Teacher','Y'),
	(0000042214,00002084,0000000866,'Teacher','Y'),
	(0000042215,00002123,0000001117,'Teacher','Y'),
	(0000042216,00002164,0000000373,'Teacher','Y'),
	(0000042217,00002164,0000002134,'Teacher','Y'),
	(0000042218,00002163,0000002134,'Teacher','Y'),
	(0000042219,00002162,0000000373,'Teacher','Y'),
	(0000042220,00002200,0000001776,'Teacher','Y'),
	(0000042221,00002199,0000002134,'Teacher','Y'),
	(0000042222,00002198,0000001776,'Teacher','Y'),
	(0000042223,00002228,0000002134,'Teacher','Y'),
	(0000042224,00002227,0000000119,'Teacher','Y'),
	(0000042225,00002244,0000002134,'Teacher','Y'),
	(0000042226,00002028,0000000119,'Teacher','Y'),
	(0000042227,00002027,0000000373,'Teacher','Y'),
	(0000042228,00002058,0000000119,'Teacher','Y'),
	(0000042229,00002059,0000000373,'Teacher','Y'),
	(0000042230,00002088,0000002326,'Teacher','Y'),
	(0000042231,00002126,0000002326,'Teacher','Y'),
	(0000042232,00002089,0000002326,'Teacher','Y'),
	(0000042233,00002246,0000002326,'Teacher','Y'),
	(0000042234,00002085,0000000144,'Teacher','Y'),
	(0000042235,00002124,0000000144,'Teacher','Y'),
	(0000042236,00002090,0000001121,'Teacher','Y'),
	(0000042237,00002127,0000002028,'Teacher','Y'),
	(0000042238,00002091,0000001121,'Teacher','Y'),
	(0000042239,00002251,0000002028,'Teacher','Y'),
	(0000042240,00002167,0000002134,'Teacher','Y'),
	(0000042241,00002166,0000001117,'Teacher','Y'),
	(0000042242,00002165,0000002326,'Teacher','Y'),
	(0000042243,00002203,0000000870,'Teacher','Y'),
	(0000042244,00002202,0000001121,'Teacher','Y'),
	(0000042245,00002201,0000001121,'Teacher','Y'),
	(0000042246,00002230,0000000870,'Teacher','Y'),
	(0000042247,00002229,0000000870,'Teacher','Y'),
	(0000042248,00002245,0000002326,'Teacher','Y'),
	(0000042249,00002031,0000002326,'Teacher','Y'),
	(0000042250,00002030,0000002026,'Teacher','Y'),
	(0000042251,00002061,0000002026,'Teacher','Y'),
	(0000042252,00002060,0000000589,'Teacher','Y'),
	(0000042253,00002168,0000001776,'Teacher','Y'),
	(0000042254,00002168,0000000144,'Teacher','Y'),
	(0000042255,00002204,0000001776,'Teacher','Y'),
	(0000042256,00002231,0000001776,'Teacher','Y'),
	(0000042257,00002033,0000001776,'Teacher','Y'),
	(0000042258,00002062,0000000144,'Teacher','Y'),
	(0000042259,00002093,0000000144,'Teacher','Y'),
	(0000042260,00002242,0000000144,'Teacher','Y'),
	(0000042261,00002094,0000000144,'Teacher','Y'),
	(0000042263,00002092,0000001123,'Teacher','Y'),
	(0000042264,00002096,0000000375,'Teacher','Y'),
	(0000042265,00002097,0000000375,'Teacher','Y'),
	(0000042266,00002098,0000001778,'Teacher','Y'),
	(0000042267,00002131,0000001777,'Teacher','Y'),
	(0000042268,00002101,0000000374,'Teacher','Y'),
	(0000042269,00002133,0000000374,'Teacher','Y'),
	(0000042270,00002102,0000000374,'Teacher','Y'),
	(0000042271,00002134,0000000374,'Teacher','Y'),
	(0000042394,00002253,0000002066,'Student','Y'),
	(0000042410,00002181,0000001864,'Student','Y'),
	(0000042411,00002181,0000001925,'Student','Y'),
	(0000042412,00002181,0000001980,'Student','Y'),
	(0000042413,00002181,0000001914,'Student','Y'),
	(0000042414,00002181,0000001901,'Student','Y'),
	(0000042415,00002181,0000001870,'Student','Y'),
	(0000042416,00002181,0000001983,'Student','Y'),
	(0000042417,00002181,0000001995,'Student','Y'),
	(0000042418,00002181,0000001974,'Student','Y'),
	(0000042419,00002181,0000001992,'Student','Y'),
	(0000042420,00002181,0000001915,'Student','Y'),
	(0000042421,00002181,0000001934,'Student','Y'),
	(0000042422,00002181,0000002009,'Student','Y'),
	(0000042423,00002181,0000001897,'Student','Y'),
	(0000042424,00002181,0000001958,'Student','Y'),
	(0000042425,00002181,0000001882,'Student','Y'),
	(0000042426,00002181,0000001878,'Student','Y'),
	(0000042427,00002181,0000001998,'Student','Y'),
	(0000042428,00002181,0000002006,'Student','Y'),
	(0000042429,00002181,0000001937,'Student','Y'),
	(0000042430,00002181,0000002113,'Student','Y'),
	(0000042431,00002181,0000002280,'Student','Y'),
	(0000042432,00002181,0000002327,'Student','Y'),
	(0000042434,00002180,0000001885,'Student','Y'),
	(0000042435,00002180,0000001977,'Student','Y'),
	(0000042436,00002180,0000002056,'Student','Y'),
	(0000042437,00002180,0000001924,'Student','Y'),
	(0000042438,00002180,0000001905,'Student','Y'),
	(0000042439,00002180,0000001888,'Student','Y'),
	(0000042440,00002180,0000001891,'Student','Y'),
	(0000042441,00002180,0000002012,'Student','Y'),
	(0000042442,00002180,0000001955,'Student','Y'),
	(0000042443,00002180,0000001986,'Student','Y'),
	(0000042444,00002180,0000002000,'Student','Y'),
	(0000042445,00002180,0000002072,'Student','Y'),
	(0000042446,00002180,0000001913,'Student','Y'),
	(0000042447,00002180,0000001898,'Student','Y'),
	(0000042448,00002180,0000002037,'Student','Y'),
	(0000042449,00002180,0000001921,'Student','Y'),
	(0000042450,00002180,0000001918,'Student','Y'),
	(0000042451,00002180,0000001964,'Student','Y'),
	(0000042452,00002180,0000001946,'Student','Y'),
	(0000042453,00002180,0000001940,'Student','Y'),
	(0000042454,00002180,0000002135,'Student','Y'),
	(0000042455,00002180,0000002141,'Student','Y'),
	(0000042456,00002180,0000002302,'Student','Y'),
	(0000042487,00002037,0000002090,'Student','Y'),
	(0000042488,00002037,0000001222,'Student','Y'),
	(0000042489,00002037,0000001276,'Student','Y'),
	(0000042490,00002037,0000001207,'Student','Y'),
	(0000042491,00002037,0000001178,'Student','Y'),
	(0000042492,00002037,0000001548,'Student','Y'),
	(0000042493,00002037,0000002109,'Student','Y'),
	(0000042495,00002037,0000002120,'Student','Y'),
	(0000042496,00002037,0000002145,'Student','Y'),
	(0000042498,00002174,0000001915,'Student','Y'),
	(0000042499,00002174,0000001934,'Student','Y'),
	(0000042500,00002174,0000002009,'Student','Y'),
	(0000042501,00002174,0000001992,'Student','Y'),
	(0000042502,00002174,0000001974,'Student','Y'),
	(0000042503,00002174,0000001995,'Student','Y'),
	(0000042504,00002174,0000001983,'Student','Y'),
	(0000042505,00002174,0000001870,'Student','Y'),
	(0000042506,00002174,0000001901,'Student','Y'),
	(0000042507,00002174,0000001914,'Student','Y'),
	(0000042508,00002174,0000001980,'Student','Y'),
	(0000042509,00002174,0000001925,'Student','Y'),
	(0000042510,00002174,0000001864,'Student','Y'),
	(0000042511,00002174,0000002006,'Student','Y'),
	(0000042512,00002174,0000001998,'Student','Y'),
	(0000042513,00002174,0000001878,'Student','Y'),
	(0000042514,00002174,0000001882,'Student','Y'),
	(0000042515,00002174,0000001958,'Student','Y'),
	(0000042516,00002174,0000001897,'Student','Y'),
	(0000042517,00002174,0000001937,'Student','Y'),
	(0000042518,00002174,0000002113,'Student','Y'),
	(0000042519,00002174,0000002280,'Student','Y'),
	(0000042520,00002174,0000002327,'Student','Y'),
	(0000042521,00002173,0000002012,'Student','Y'),
	(0000042522,00002173,0000001891,'Student','Y'),
	(0000042523,00002173,0000001888,'Student','Y'),
	(0000042524,00002173,0000001905,'Student','Y'),
	(0000042525,00002173,0000001924,'Student','Y'),
	(0000042526,00002173,0000002056,'Student','Y'),
	(0000042527,00002173,0000001977,'Student','Y'),
	(0000042528,00002173,0000001885,'Student','Y'),
	(0000042529,00002173,0000001955,'Student','Y'),
	(0000042530,00002173,0000001986,'Student','Y'),
	(0000042531,00002173,0000002000,'Student','Y'),
	(0000042532,00002173,0000002072,'Student','Y'),
	(0000042533,00002173,0000001913,'Student','Y'),
	(0000042534,00002173,0000001898,'Student','Y'),
	(0000042535,00002173,0000002037,'Student','Y'),
	(0000042536,00002173,0000001921,'Student','Y'),
	(0000042537,00002173,0000001918,'Student','Y'),
	(0000042538,00002173,0000001964,'Student','Y'),
	(0000042539,00002173,0000001946,'Student','Y'),
	(0000042540,00002173,0000001940,'Student','Y'),
	(0000042541,00002173,0000002135,'Student','Y'),
	(0000042542,00002173,0000002141,'Student','Y'),
	(0000042543,00002173,0000002302,'Student','Y'),
	(0000042545,00002172,0000002116,'Student','Y'),
	(0000042546,00002172,0000001928,'Student','Y'),
	(0000042547,00002172,0000001894,'Student','Y'),
	(0000042548,00002172,0000001875,'Student','Y'),
	(0000042549,00002172,0000002093,'Student','Y'),
	(0000042550,00002172,0000001904,'Student','Y'),
	(0000042551,00002172,0000001989,'Student','Y'),
	(0000042552,00002172,0000002019,'Student','Y'),
	(0000042553,00002172,0000002022,'Student','Y'),
	(0000042554,00002172,0000002040,'Student','Y'),
	(0000042555,00002172,0000001911,'Student','Y'),
	(0000042556,00002172,0000001970,'Student','Y'),
	(0000042557,00002172,0000001960,'Student','Y'),
	(0000042558,00002172,0000002049,'Student','Y'),
	(0000042559,00002172,0000002029,'Student','Y'),
	(0000042560,00002172,0000001879,'Student','Y'),
	(0000042561,00002172,0000002079,'Student','Y'),
	(0000042562,00002172,0000002016,'Student','Y'),
	(0000042563,00002172,0000002076,'Student','Y'),
	(0000042564,00002172,0000002123,'Student','Y'),
	(0000042565,00002172,0000002129,'Student','Y'),
	(0000042566,00002172,0000001931,'Student','Y'),
	(0000042568,00002221,0000001593,'Student','Y'),
	(0000042569,00002221,0000001642,'Student','Y'),
	(0000042570,00002221,0000001639,'Student','Y'),
	(0000042571,00002221,0000001744,'Student','Y'),
	(0000042572,00002221,0000001686,'Student','Y'),
	(0000042573,00002221,0000001591,'Student','Y'),
	(0000042574,00002221,0000001786,'Student','Y'),
	(0000042575,00002221,0000001664,'Student','Y'),
	(0000042576,00002221,0000001597,'Student','Y'),
	(0000042577,00002221,0000001794,'Student','Y'),
	(0000042578,00002221,0000001600,'Student','Y'),
	(0000042579,00002221,0000001791,'Student','Y'),
	(0000042580,00002221,0000001730,'Student','Y'),
	(0000042581,00002221,0000001801,'Student','Y'),
	(0000042582,00002221,0000001761,'Student','Y'),
	(0000042583,00002221,0000001779,'Student','Y'),
	(0000042584,00002221,0000001721,'Student','Y'),
	(0000042585,00002221,0000002033,'Student','Y'),
	(0000042586,00002221,0000002097,'Student','Y'),
	(0000042587,00002221,0000002119,'Student','Y'),
	(0000042588,00002221,0000002309,'Student','Y'),
	(0000042590,00002220,0000001645,'Student','Y'),
	(0000042591,00002220,0000001700,'Student','Y'),
	(0000042592,00002220,0000001617,'Student','Y'),
	(0000042593,00002220,0000001735,'Student','Y'),
	(0000042594,00002220,0000001612,'Student','Y'),
	(0000042595,00002220,0000001706,'Student','Y'),
	(0000042596,00002220,0000001627,'Student','Y'),
	(0000042597,00002220,0000001615,'Student','Y'),
	(0000042598,00002220,0000001773,'Student','Y'),
	(0000042599,00002220,0000001739,'Student','Y'),
	(0000042600,00002220,0000001783,'Student','Y'),
	(0000042601,00002220,0000001677,'Student','Y'),
	(0000042602,00002220,0000001828,'Student','Y'),
	(0000042603,00002220,0000001848,'Student','Y'),
	(0000042604,00002220,0000002035,'Student','Y'),
	(0000042605,00002220,0000002066,'Student','Y'),
	(0000042606,00002220,0000002087,'Student','Y'),
	(0000042607,00002220,0000002081,'Student','Y'),
	(0000042627,00002103,0000000640,'Student','Y'),
	(0000042628,00002103,0000000655,'Student','Y'),
	(0000042629,00002103,0000001683,'Student','Y'),
	(0000042630,00002103,0000000716,'Student','Y'),
	(0000042631,00002103,0000000670,'Student','Y'),
	(0000042632,00002103,0000000681,'Student','Y'),
	(0000042633,00002103,0000000719,'Student','Y'),
	(0000042634,00002103,0000000684,'Student','Y'),
	(0000042635,00002103,0000000849,'Student','Y'),
	(0000042636,00002103,0000000678,'Student','Y'),
	(0000042637,00002104,0000000640,'Student','Y'),
	(0000042638,00002104,0000000655,'Student','Y'),
	(0000042639,00002104,0000001683,'Student','Y'),
	(0000042640,00002104,0000000716,'Student','Y'),
	(0000042641,00002104,0000000670,'Student','Y'),
	(0000042642,00002104,0000000681,'Student','Y'),
	(0000042643,00002104,0000000719,'Student','Y'),
	(0000042644,00002104,0000000684,'Student','Y'),
	(0000042645,00002104,0000000849,'Student','Y'),
	(0000042646,00002104,0000000831,'Student','Y'),
	(0000042647,00002104,0000000678,'Student','Y'),
	(0000042648,00002105,0000001322,'Student','Y'),
	(0000042649,00002105,0000000831,'Student','Y'),
	(0000042650,00002105,0000001683,'Student','Y'),
	(0000042651,00002105,0000000849,'Student','Y'),
	(0000042652,00002105,0000000681,'Student','Y'),
	(0000042653,00002105,0000000614,'Student','Y'),
	(0000042654,00002105,0000000719,'Student','Y'),
	(0000042655,00002105,0000001811,'Student','Y'),
	(0000042656,00002105,0000000649,'Student','Y'),
	(0000042657,00002105,0000000843,'Student','Y'),
	(0000042658,00002105,0000002106,'Student','Y'),
	(0000042659,00002105,0000000678,'Student','Y'),
	(0000042660,00002105,0000000684,'Student','Y'),
	(0000042661,00002105,0000000640,'Student','Y'),
	(0000042662,00002105,0000001474,'Student','Y'),
	(0000042663,00002105,0000001086,'Student','Y'),
	(0000042664,00002105,0000000655,'Student','Y'),
	(0000042665,00002105,0000000699,'Student','Y'),
	(0000042666,00002105,0000000518,'Student','Y'),
	(0000042667,00002105,0000000673,'Student','Y'),
	(0000042668,00002105,0000001066,'Student','Y'),
	(0000042669,00002105,0000000716,'Student','Y'),
	(0000042670,00002105,0000001514,'Student','Y'),
	(0000042671,00002105,0000000670,'Student','Y'),
	(0000042672,00002176,0000001992,'Student','Y'),
	(0000042673,00002176,0000001870,'Student','Y'),
	(0000042674,00002176,0000001980,'Student','Y'),
	(0000042675,00002176,0000001925,'Student','Y'),
	(0000042676,00002176,0000001897,'Student','Y'),
	(0000042677,00002176,0000002012,'Student','Y'),
	(0000042678,00002176,0000001891,'Student','Y'),
	(0000042679,00002176,0000001888,'Student','Y'),
	(0000042680,00002176,0000002000,'Student','Y'),
	(0000042681,00002176,0000001898,'Student','Y'),
	(0000042682,00002176,0000002037,'Student','Y'),
	(0000042683,00002176,0000001970,'Student','Y'),
	(0000042684,00002176,0000002135,'Student','Y'),
	(0000042685,00002176,0000002116,'Student','Y'),
	(0000042686,00002176,0000002280,'Student','Y'),
	(0000042687,00002176,0000002302,'Student','Y'),
	(0000042688,00002175,0000001974,'Student','Y'),
	(0000042689,00002175,0000001905,'Student','Y'),
	(0000042690,00002175,0000001924,'Student','Y'),
	(0000042691,00002175,0000002056,'Student','Y'),
	(0000042692,00002175,0000001977,'Student','Y'),
	(0000042693,00002175,0000001885,'Student','Y'),
	(0000042694,00002175,0000001894,'Student','Y'),
	(0000042695,00002175,0000001931,'Student','Y'),
	(0000042696,00002175,0000001911,'Student','Y'),
	(0000042697,00002175,0000001879,'Student','Y'),
	(0000042698,00002175,0000002079,'Student','Y'),
	(0000042699,00002175,0000001915,'Student','Y'),
	(0000042700,00002175,0000001914,'Student','Y'),
	(0000042701,00002175,0000001958,'Student','Y'),
	(0000042702,00002175,0000001964,'Student','Y'),
	(0000042703,00002175,0000001946,'Student','Y'),
	(0000042704,00002175,0000001901,'Student','Y'),
	(0000042705,00002175,0000002009,'Student','Y'),
	(0000042706,00002175,0000002040,'Student','Y'),
	(0000042707,00002175,0000001864,'Student','Y'),
	(0000042708,00002175,0000002327,'Student','Y'),
	(0000042710,00002210,0000001642,'Student','Y'),
	(0000042711,00002210,0000001645,'Student','Y'),
	(0000042712,00002210,0000001639,'Student','Y'),
	(0000042713,00002210,0000001700,'Student','Y'),
	(0000042714,00002210,0000001617,'Student','Y'),
	(0000042715,00002210,0000001654,'Student','Y'),
	(0000042716,00002210,0000001648,'Student','Y'),
	(0000042717,00002210,0000001657,'Student','Y'),
	(0000042718,00002210,0000001739,'Student','Y'),
	(0000042719,00002210,0000001603,'Student','Y'),
	(0000042720,00002210,0000001779,'Student','Y'),
	(0000042721,00002210,0000001677,'Student','Y'),
	(0000042722,00002210,0000001828,'Student','Y'),
	(0000042723,00002210,0000001744,'Student','Y'),
	(0000042724,00002210,0000001794,'Student','Y'),
	(0000042725,00002210,0000002066,'Student','Y'),
	(0000042726,00002210,0000001594,'Student','Y'),
	(0000042727,00002210,0000002097,'Student','Y'),
	(0000042728,00002210,0000001713,'Student','Y'),
	(0000042729,00002210,0000001716,'Student','Y'),
	(0000042731,00002209,0000001721,'Student','Y'),
	(0000042732,00002209,0000001597,'Student','Y'),
	(0000042733,00002209,0000001791,'Student','Y'),
	(0000042734,00002209,0000001801,'Student','Y'),
	(0000042735,00002209,0000001735,'Student','Y'),
	(0000042736,00002209,0000001621,'Student','Y'),
	(0000042737,00002209,0000001848,'Student','Y'),
	(0000042738,00002209,0000002035,'Student','Y'),
	(0000042739,00002209,0000002309,'Student','Y'),
	(0000042740,00002209,0000001612,'Student','Y'),
	(0000042741,00002007,0000001445,'Student','Y'),
	(0000042742,00002007,0000001403,'Student','Y'),
	(0000042743,00002007,0000001477,'Student','Y'),
	(0000042744,00002007,0000001364,'Student','Y'),
	(0000042745,00002007,0000001416,'Student','Y'),
	(0000042746,00002007,0000001571,'Student','Y'),
	(0000042747,00002007,0000001427,'Student','Y'),
	(0000042748,00002007,0000001585,'Student','Y'),
	(0000042749,00002007,0000001631,'Student','Y'),
	(0000042750,00002007,0000001867,'Student','Y'),
	(0000042751,00002007,0000002084,'Student','Y'),
	(0000042752,00002007,0000001400,'Student','Y'),
	(0000042753,00002007,0000002286,'Student','Y'),
	(0000042754,00002007,0000002306,'Student','Y'),
	(0000042755,00002006,0000001352,'Student','Y'),
	(0000042756,00002006,0000001358,'Student','Y'),
	(0000042757,00002006,0000001486,'Student','Y'),
	(0000042758,00002006,0000001355,'Student','Y'),
	(0000042759,00002006,0000001492,'Student','Y'),
	(0000042760,00002006,0000001483,'Student','Y'),
	(0000042761,00002006,0000001377,'Student','Y'),
	(0000042762,00002006,0000001845,'Student','Y'),
	(0000042763,00002039,0000001179,'Student','Y'),
	(0000042764,00002039,0000001200,'Student','Y'),
	(0000042765,00002039,0000001201,'Student','Y'),
	(0000042766,00002039,0000001204,'Student','Y'),
	(0000042767,00002039,0000001207,'Student','Y'),
	(0000042768,00002039,0000001222,'Student','Y'),
	(0000042769,00002039,0000001236,'Student','Y'),
	(0000042770,00002039,0000001245,'Student','Y'),
	(0000042771,00002039,0000001814,'Student','Y'),
	(0000042772,00002039,0000001160,'Student','Y'),
	(0000042773,00002039,0000001251,'Student','Y'),
	(0000042774,00002039,0000002090,'Student','Y'),
	(0000042775,00002039,0000002145,'Student','Y'),
	(0000042776,00002039,0000002103,'Student','Y'),
	(0000042777,00002038,0000001163,'Student','Y'),
	(0000042778,00002038,0000001166,'Student','Y'),
	(0000042779,00002038,0000001257,'Student','Y'),
	(0000042780,00002038,0000001259,'Student','Y'),
	(0000042781,00002038,0000001275,'Student','Y'),
	(0000042782,00002038,0000001548,'Student','Y'),
	(0000042783,00002038,0000001214,'Student','Y'),
	(0000042784,00002038,0000001157,'Student','Y'),
	(0000042785,00002038,0000002100,'Student','Y'),
	(0000042786,00002106,0000000518,'Student','Y'),
	(0000042787,00002106,0000001811,'Student','Y'),
	(0000042788,00002106,0000000716,'Student','Y'),
	(0000042789,00002106,0000000670,'Student','Y'),
	(0000042790,00002106,0000000831,'Student','Y'),
	(0000042791,00002106,0000000849,'Student','Y'),
	(0000042792,00002107,0000000831,'Student','Y'),
	(0000042793,00002107,0000001811,'Student','Y'),
	(0000042794,00002107,0000001683,'Student','Y'),
	(0000042795,00002107,0000000716,'Student','Y'),
	(0000042796,00002107,0000000670,'Student','Y'),
	(0000042797,00002107,0000001474,'Student','Y'),
	(0000042798,00002107,0000000849,'Student','Y'),
	(0000042799,00002107,0000002106,'Student','Y'),
	(0000042800,00002107,0000000518,'Student','Y'),
	(0000042801,00002178,0000001995,'Student','Y'),
	(0000042802,00002178,0000001998,'Student','Y'),
	(0000042803,00002178,0000001921,'Student','Y'),
	(0000042804,00002178,0000002129,'Student','Y'),
	(0000042805,00002178,0000002029,'Student','Y'),
	(0000042806,00002178,0000002141,'Student','Y'),
	(0000042807,00002178,0000001875,'Student','Y'),
	(0000042808,00002178,0000001983,'Student','Y'),
	(0000042809,00002178,0000001934,'Student','Y'),
	(0000042810,00002178,0000001955,'Student','Y'),
	(0000042811,00002178,0000002072,'Student','Y'),
	(0000042812,00002177,0000001913,'Student','Y'),
	(0000042813,00002177,0000001928,'Student','Y'),
	(0000042814,00002177,0000001904,'Student','Y'),
	(0000042815,00002177,0000001989,'Student','Y'),
	(0000042816,00002177,0000002016,'Student','Y'),
	(0000042818,00002211,0000001593,'Student','Y'),
	(0000042819,00002211,0000001786,'Student','Y'),
	(0000042820,00002211,0000001761,'Student','Y'),
	(0000042821,00002211,0000001615,'Student','Y'),
	(0000042822,00002211,0000001773,'Student','Y'),
	(0000042823,00002211,0000001753,'Student','Y'),
	(0000042824,00002211,0000001796,'Student','Y'),
	(0000042825,00002211,0000001600,'Student','Y'),
	(0000042826,00002211,0000001628,'Student','Y'),
	(0000042827,00002241,0000001591,'Student','Y'),
	(0000042828,00002241,0000001706,'Student','Y'),
	(0000042829,00002241,0000001783,'Student','Y'),
	(0000042830,00002241,0000002063,'Student','Y'),
	(0000042831,00002241,0000002081,'Student','Y'),
	(0000042832,00002241,0000002313,'Student','Y'),
	(0000042834,00002009,0000001393,'Student','Y'),
	(0000042835,00002009,0000001391,'Student','Y'),
	(0000042836,00002009,0000001465,'Student','Y'),
	(0000042837,00002009,0000001410,'Student','Y'),
	(0000042838,00002009,0000001424,'Student','Y'),
	(0000042839,00002009,0000001520,'Student','Y'),
	(0000042840,00002009,0000001382,'Student','Y'),
	(0000042841,00002009,0000001430,'Student','Y'),
	(0000042842,00002009,0000001367,'Student','Y'),
	(0000042843,00002009,0000001440,'Student','Y'),
	(0000042844,00002009,0000001538,'Student','Y'),
	(0000042845,00002009,0000001507,'Student','Y'),
	(0000042846,00002009,0000001535,'Student','Y'),
	(0000042847,00002009,0000001396,'Student','Y'),
	(0000042848,00002009,0000002126,'Student','Y'),
	(0000042849,00002009,0000002316,'Student','Y'),
	(0000042850,00002040,0000001154,'Student','Y'),
	(0000042851,00002040,0000001178,'Student','Y'),
	(0000042852,00002040,0000001182,'Student','Y'),
	(0000042853,00002040,0000001226,'Student','Y'),
	(0000042854,00002040,0000001233,'Student','Y'),
	(0000042855,00002040,0000001254,'Student','Y'),
	(0000042856,00002040,0000001276,'Student','Y'),
	(0000042857,00002040,0000001528,'Student','Y'),
	(0000042858,00002040,0000002120,'Student','Y'),
	(0000042859,00002040,0000002109,'Student','Y'),
	(0000042860,00002040,0000001191,'Student','Y'),
	(0000042862,00002109,0000001811,'Student','Y'),
	(0000042863,00002109,0000001474,'Student','Y'),
	(0000042864,00002109,0000001322,'Student','Y'),
	(0000042865,00002109,0000001086,'Student','Y'),
	(0000042866,00002109,0000000719,'Student','Y'),
	(0000042867,00002109,0000000684,'Student','Y'),
	(0000042868,00002109,0000000849,'Student','Y'),
	(0000042869,00002110,0000000831,'Student','Y'),
	(0000042870,00002110,0000000649,'Student','Y'),
	(0000042871,00002110,0000000614,'Student','Y'),
	(0000042872,00002110,0000000640,'Student','Y'),
	(0000042873,00002110,0000000843,'Student','Y'),
	(0000042874,00002110,0000000655,'Student','Y'),
	(0000042875,00002110,0000000716,'Student','Y'),
	(0000042876,00002110,0000000670,'Student','Y'),
	(0000042877,00002110,0000000681,'Student','Y'),
	(0000042878,00002110,0000000673,'Student','Y'),
	(0000042879,00002110,0000000678,'Student','Y'),
	(0000042880,00002110,0000002106,'Student','Y'),
	(0000042881,00002110,0000000518,'Student','Y'),
	(0000042882,00002041,0000001257,'Student','Y'),
	(0000042883,00002041,0000001160,'Student','Y'),
	(0000042884,00002041,0000001254,'Student','Y'),
	(0000042885,00002041,0000001154,'Student','Y'),
	(0000042886,00002041,0000001191,'Student','Y'),
	(0000042887,00002041,0000001182,'Student','Y'),
	(0000042888,00002041,0000001163,'Student','Y'),
	(0000042889,00002041,0000001204,'Student','Y'),
	(0000042890,00002042,0000001204,'Student','Y'),
	(0000042891,00002042,0000001236,'Student','Y'),
	(0000042892,00002042,0000001222,'Student','Y'),
	(0000042893,00002042,0000001233,'Student','Y'),
	(0000042894,00002042,0000001257,'Student','Y'),
	(0000042895,00002042,0000001191,'Student','Y'),
	(0000042896,00002042,0000001814,'Student','Y'),
	(0000042897,00002042,0000001166,'Student','Y'),
	(0000042898,00002042,0000001226,'Student','Y'),
	(0000042899,00002042,0000001259,'Student','Y'),
	(0000042900,00002042,0000001251,'Student','Y'),
	(0000042901,00002042,0000001242,'Student','Y'),
	(0000042902,00002042,0000001179,'Student','Y'),
	(0000042903,00002042,0000001263,'Student','Y'),
	(0000042904,00002042,0000001163,'Student','Y'),
	(0000042905,00002042,0000001548,'Student','Y'),
	(0000042906,00002042,0000001201,'Student','Y'),
	(0000042907,00002042,0000001245,'Student','Y'),
	(0000042908,00002250,0000001811,'Student','Y'),
	(0000042909,00002250,0000001066,'Student','Y'),
	(0000042910,00002250,0000000831,'Student','Y'),
	(0000042911,00002250,0000000670,'Student','Y'),
	(0000042912,00002250,0000002106,'Student','Y'),
	(0000042913,00002254,0000000673,'Student','Y'),
	(0000042914,00002111,0000001811,'Student','Y'),
	(0000042915,00002111,0000001066,'Student','Y'),
	(0000042916,00002111,0000001086,'Student','Y'),
	(0000042917,00002111,0000000673,'Student','Y'),
	(0000042918,00002111,0000000831,'Student','Y'),
	(0000042919,00002111,0000002106,'Student','Y'),
	(0000042920,00002111,0000000670,'Student','Y'),
	(0000042921,00002111,0000000518,'Student','Y'),
	(0000042922,00002117,0000001322,'Student','Y'),
	(0000042923,00002117,0000000831,'Student','Y'),
	(0000042924,00002117,0000001683,'Student','Y'),
	(0000042925,00002117,0000000849,'Student','Y'),
	(0000042926,00002117,0000000681,'Student','Y'),
	(0000042927,00002117,0000000614,'Student','Y'),
	(0000042928,00002117,0000000719,'Student','Y'),
	(0000042929,00002117,0000001811,'Student','Y'),
	(0000042930,00002117,0000000649,'Student','Y'),
	(0000042931,00002117,0000000843,'Student','Y'),
	(0000042932,00002117,0000000543,'Student','Y'),
	(0000042933,00002117,0000002106,'Student','Y'),
	(0000042934,00002117,0000000678,'Student','Y'),
	(0000042935,00002117,0000000684,'Student','Y'),
	(0000042936,00002117,0000000640,'Student','Y'),
	(0000042937,00002117,0000001474,'Student','Y'),
	(0000042938,00002117,0000001086,'Student','Y'),
	(0000042939,00002117,0000000655,'Student','Y'),
	(0000042940,00002117,0000000699,'Student','Y'),
	(0000042941,00002117,0000000518,'Student','Y'),
	(0000042942,00002117,0000000673,'Student','Y'),
	(0000042943,00002117,0000001066,'Student','Y'),
	(0000042944,00002117,0000000716,'Student','Y'),
	(0000042945,00002117,0000001514,'Student','Y'),
	(0000042946,00002117,0000000670,'Student','Y'),
	(0000042948,00002182,0000001897,'Student','Y'),
	(0000042949,00002182,0000001958,'Student','Y'),
	(0000042950,00002182,0000001882,'Student','Y'),
	(0000042951,00002182,0000001878,'Student','Y'),
	(0000042952,00002182,0000001937,'Student','Y'),
	(0000042953,00002182,0000001998,'Student','Y'),
	(0000042954,00002182,0000002006,'Student','Y'),
	(0000042955,00002182,0000001864,'Student','Y'),
	(0000042956,00002182,0000001925,'Student','Y'),
	(0000042957,00002182,0000001980,'Student','Y'),
	(0000042958,00002182,0000001914,'Student','Y'),
	(0000042959,00002182,0000001901,'Student','Y'),
	(0000042960,00002182,0000001870,'Student','Y'),
	(0000042961,00002182,0000001983,'Student','Y'),
	(0000042962,00002182,0000001995,'Student','Y'),
	(0000042963,00002182,0000001974,'Student','Y'),
	(0000042964,00002182,0000002009,'Student','Y'),
	(0000042965,00002182,0000002113,'Student','Y'),
	(0000042966,00002182,0000001934,'Student','Y'),
	(0000042967,00002182,0000001915,'Student','Y'),
	(0000042968,00002182,0000001992,'Student','Y'),
	(0000042969,00002182,0000002280,'Student','Y'),
	(0000042970,00002182,0000001931,'Student','Y'),
	(0000042971,00002182,0000001989,'Student','Y'),
	(0000042972,00002184,0000001940,'Student','Y'),
	(0000042973,00002184,0000001946,'Student','Y'),
	(0000042974,00002184,0000002135,'Student','Y'),
	(0000042975,00002184,0000001964,'Student','Y'),
	(0000042976,00002184,0000001918,'Student','Y'),
	(0000042977,00002184,0000001921,'Student','Y'),
	(0000042978,00002184,0000002037,'Student','Y'),
	(0000042979,00002184,0000001898,'Student','Y'),
	(0000042980,00002184,0000001913,'Student','Y'),
	(0000042981,00002184,0000002072,'Student','Y'),
	(0000042982,00002184,0000002141,'Student','Y'),
	(0000042983,00002184,0000001986,'Student','Y'),
	(0000042984,00002184,0000001955,'Student','Y'),
	(0000042985,00002184,0000001885,'Student','Y'),
	(0000042986,00002184,0000001977,'Student','Y'),
	(0000042987,00002184,0000002056,'Student','Y'),
	(0000042988,00002184,0000001924,'Student','Y'),
	(0000042989,00002184,0000001905,'Student','Y'),
	(0000042990,00002184,0000001891,'Student','Y'),
	(0000042991,00002184,0000002012,'Student','Y'),
	(0000042992,00002184,0000001888,'Student','Y'),
	(0000042993,00002184,0000002000,'Student','Y'),
	(0000042994,00002184,0000002302,'Student','Y'),
	(0000042996,00002183,0000001875,'Student','Y'),
	(0000042997,00002183,0000002076,'Student','Y'),
	(0000042998,00002183,0000002079,'Student','Y'),
	(0000042999,00002183,0000002116,'Student','Y'),
	(0000043000,00002183,0000002029,'Student','Y'),
	(0000043001,00002183,0000001960,'Student','Y'),
	(0000043002,00002183,0000001970,'Student','Y'),
	(0000043003,00002183,0000001911,'Student','Y'),
	(0000043004,00002183,0000002040,'Student','Y'),
	(0000043005,00002183,0000002022,'Student','Y'),
	(0000043006,00002183,0000002019,'Student','Y'),
	(0000043007,00002183,0000001904,'Student','Y'),
	(0000043008,00002183,0000002093,'Student','Y'),
	(0000043009,00002183,0000002123,'Student','Y'),
	(0000043010,00002183,0000001894,'Student','Y'),
	(0000043011,00002183,0000002129,'Student','Y'),
	(0000043012,00002183,0000001928,'Student','Y'),
	(0000043013,00002183,0000001879,'Student','Y'),
	(0000043014,00002183,0000002016,'Student','Y'),
	(0000043015,00002183,0000002049,'Student','Y'),
	(0000043017,00002183,0000002327,'Student','Y'),
	(0000043019,00002212,0000001686,'Student','Y'),
	(0000043020,00002212,0000001591,'Student','Y'),
	(0000043021,00002212,0000001794,'Student','Y'),
	(0000043022,00002212,0000001848,'Student','Y'),
	(0000043023,00002212,0000001593,'Student','Y'),
	(0000043024,00002212,0000001600,'Student','Y'),
	(0000043025,00002212,0000001597,'Student','Y'),
	(0000043026,00002212,0000001700,'Student','Y'),
	(0000043027,00002212,0000001739,'Student','Y'),
	(0000043028,00002212,0000001677,'Student','Y'),
	(0000043029,00002212,0000001753,'Student','Y'),
	(0000043030,00002212,0000001713,'Student','Y'),
	(0000043031,00002212,0000001657,'Student','Y'),
	(0000043032,00002212,0000001603,'Student','Y'),
	(0000043033,00002212,0000001594,'Student','Y'),
	(0000043034,00002212,0000002081,'Student','Y'),
	(0000043035,00002212,0000002063,'Student','Y'),
	(0000043036,00002212,0000001721,'Student','Y'),
	(0000043038,00002212,0000002313,'Student','Y'),
	(0000043040,00002213,0000001801,'Student','Y'),
	(0000043041,00002213,0000001621,'Student','Y'),
	(0000043042,00002213,0000001617,'Student','Y'),
	(0000043043,00002213,0000001735,'Student','Y'),
	(0000043044,00002213,0000001858,'Student','Y'),
	(0000043045,00002213,0000001783,'Student','Y'),
	(0000043046,00002213,0000001639,'Student','Y'),
	(0000043047,00002213,0000001744,'Student','Y'),
	(0000043048,00002213,0000002033,'Student','Y'),
	(0000043049,00002213,0000001796,'Student','Y'),
	(0000043050,00002213,0000001761,'Student','Y'),
	(0000043051,00002213,0000001779,'Student','Y'),
	(0000043052,00002213,0000001645,'Student','Y'),
	(0000043053,00002213,0000001706,'Student','Y'),
	(0000043054,00002213,0000001716,'Student','Y'),
	(0000043055,00002213,0000001667,'Student','Y'),
	(0000043056,00002213,0000001648,'Student','Y'),
	(0000043057,00002213,0000002119,'Student','Y'),
	(0000043058,00002213,0000002087,'Student','Y'),
	(0000043059,00002214,0000001627,'Student','Y'),
	(0000043060,00002214,0000001730,'Student','Y'),
	(0000043061,00002214,0000001791,'Student','Y'),
	(0000043062,00002214,0000001664,'Student','Y'),
	(0000043063,00002214,0000001642,'Student','Y'),
	(0000043064,00002214,0000001612,'Student','Y'),
	(0000043066,00002214,0000001786,'Student','Y'),
	(0000043067,00002214,0000002035,'Student','Y'),
	(0000043068,00002214,0000002097,'Student','Y'),
	(0000043069,00002214,0000001615,'Student','Y'),
	(0000043070,00002214,0000001773,'Student','Y'),
	(0000043071,00002214,0000001828,'Student','Y'),
	(0000043072,00002214,0000001654,'Student','Y'),
	(0000043073,00002214,0000001831,'Student','Y'),
	(0000043074,00002214,0000001616,'Student','Y'),
	(0000043075,00002214,0000001609,'Student','Y'),
	(0000043076,00002214,0000001628,'Student','Y'),
	(0000043077,00002214,0000002066,'Student','Y'),
	(0000043078,00002214,0000002309,'Student','Y'),
	(0000043080,00002014,0000001382,'Student','Y'),
	(0000043081,00002014,0000001378,'Student','Y'),
	(0000043082,00002014,0000001364,'Student','Y'),
	(0000043083,00002014,0000001396,'Student','Y'),
	(0000043084,00002014,0000001486,'Student','Y'),
	(0000043085,00002014,0000001483,'Student','Y'),
	(0000043086,00002014,0000001477,'Student','Y'),
	(0000043087,00002014,0000001374,'Student','Y'),
	(0000043088,00002014,0000001352,'Student','Y'),
	(0000043089,00002014,0000001355,'Student','Y'),
	(0000043090,00002014,0000001440,'Student','Y'),
	(0000043091,00002014,0000001410,'Student','Y'),
	(0000043092,00002014,0000002126,'Student','Y'),
	(0000043093,00002014,0000002306,'Student','Y'),
	(0000043095,00002014,0000002316,'Student','Y'),
	(0000043097,00002012,0000001424,'Student','Y'),
	(0000043098,00002012,0000001571,'Student','Y'),
	(0000043099,00002012,0000001585,'Student','Y'),
	(0000043100,00002012,0000001430,'Student','Y'),
	(0000043101,00002012,0000001427,'Student','Y'),
	(0000043102,00002012,0000001507,'Student','Y'),
	(0000043103,00002012,0000001492,'Student','Y'),
	(0000043104,00002012,0000001465,'Student','Y'),
	(0000043105,00002012,0000001692,'Student','Y'),
	(0000043106,00002012,0000001845,'Student','Y'),
	(0000043107,00002012,0000001867,'Student','Y'),
	(0000043108,00002012,0000001631,'Student','Y'),
	(0000043109,00002012,0000001377,'Student','Y'),
	(0000043110,00002012,0000001471,'Student','Y'),
	(0000043111,00002012,0000001416,'Student','Y'),
	(0000043112,00002012,0000002084,'Student','Y'),
	(0000043114,00002013,0000001535,'Student','Y'),
	(0000043115,00002013,0000001399,'Student','Y'),
	(0000043116,00002013,0000001367,'Student','Y'),
	(0000043117,00002013,0000001388,'Student','Y'),
	(0000043118,00002013,0000001393,'Student','Y'),
	(0000043119,00002013,0000001358,'Student','Y'),
	(0000043120,00002013,0000001400,'Student','Y'),
	(0000043121,00002013,0000001520,'Student','Y'),
	(0000043122,00002013,0000001445,'Student','Y'),
	(0000043123,00002013,0000001710,'Student','Y'),
	(0000043124,00002013,0000001538,'Student','Y'),
	(0000043125,00002013,0000001391,'Student','Y'),
	(0000043126,00002013,0000001403,'Student','Y'),
	(0000043127,00002013,0000002286,'Student','Y'),
	(0000043128,00002044,0000001182,'Student','Y'),
	(0000043129,00002044,0000001179,'Student','Y'),
	(0000043130,00002044,0000001191,'Student','Y'),
	(0000043131,00002044,0000001245,'Student','Y'),
	(0000043132,00002044,0000001154,'Student','Y'),
	(0000043133,00002044,0000001226,'Student','Y'),
	(0000043134,00002044,0000001160,'Student','Y'),
	(0000043135,00002044,0000001201,'Student','Y'),
	(0000043136,00002044,0000001275,'Student','Y'),
	(0000043137,00002044,0000001251,'Student','Y'),
	(0000043138,00002044,0000001257,'Student','Y'),
	(0000043139,00002044,0000002120,'Student','Y'),
	(0000043140,00002044,0000002103,'Student','Y'),
	(0000043141,00002044,0000002138,'Student','Y'),
	(0000043142,00002043,0000001207,'Student','Y'),
	(0000043143,00002043,0000001259,'Student','Y'),
	(0000043144,00002043,0000001680,'Student','Y'),
	(0000043145,00002043,0000001254,'Student','Y'),
	(0000043146,00002043,0000001200,'Student','Y'),
	(0000043147,00002043,0000001157,'Student','Y'),
	(0000043148,00002043,0000001163,'Student','Y'),
	(0000043149,00002043,0000001236,'Student','Y'),
	(0000043150,00002043,0000001242,'Student','Y'),
	(0000043151,00002043,0000001204,'Student','Y'),
	(0000043152,00002043,0000001814,'Student','Y'),
	(0000043153,00002043,0000002100,'Student','Y'),
	(0000043154,00002045,0000001233,'Student','Y'),
	(0000043155,00002045,0000001166,'Student','Y'),
	(0000043156,00002045,0000001178,'Student','Y'),
	(0000043157,00002045,0000001276,'Student','Y'),
	(0000043158,00002045,0000001263,'Student','Y'),
	(0000043159,00002045,0000001214,'Student','Y'),
	(0000043160,00002045,0000001193,'Student','Y'),
	(0000043161,00002045,0000001548,'Student','Y'),
	(0000043162,00002045,0000001528,'Student','Y'),
	(0000043163,00002045,0000002090,'Student','Y'),
	(0000043164,00002045,0000001222,'Student','Y'),
	(0000043165,00002045,0000002109,'Student','Y'),
	(0000043166,00002045,0000002145,'Student','Y'),
	(0000043167,00002046,0000001276,'Student','Y'),
	(0000043168,00002046,0000001275,'Student','Y'),
	(0000043169,00002046,0000001251,'Student','Y'),
	(0000043170,00002046,0000001163,'Student','Y'),
	(0000043171,00002046,0000001226,'Student','Y'),
	(0000043172,00002046,0000001222,'Student','Y'),
	(0000043173,00002046,0000001182,'Student','Y'),
	(0000043174,00002046,0000001166,'Student','Y'),
	(0000043175,00002046,0000001178,'Student','Y'),
	(0000043176,00002046,0000001263,'Student','Y'),
	(0000043177,00002046,0000001214,'Student','Y'),
	(0000043178,00002046,0000001204,'Student','Y'),
	(0000043180,00002046,0000002109,'Student','Y'),
	(0000043181,00002046,0000002100,'Student','Y'),
	(0000043182,00002046,0000002145,'Student','Y'),
	(0000043184,00002238,0000001245,'Student','Y'),
	(0000043185,00002238,0000001200,'Student','Y'),
	(0000043187,00002238,0000001193,'Student','Y'),
	(0000043188,00002238,0000001154,'Student','Y'),
	(0000043189,00002238,0000001259,'Student','Y'),
	(0000043190,00002238,0000001233,'Student','Y'),
	(0000043191,00002238,0000001548,'Student','Y'),
	(0000043193,00002238,0000001254,'Student','Y'),
	(0000043194,00002238,0000001528,'Student','Y'),
	(0000043195,00002238,0000001201,'Student','Y'),
	(0000043199,00002238,0000001157,'Student','Y'),
	(0000043200,00002238,0000001236,'Student','Y'),
	(0000043201,00002238,0000001257,'Student','Y'),
	(0000043202,00002238,0000001191,'Student','Y'),
	(0000043204,00002238,0000001207,'Student','Y'),
	(0000043205,00002238,0000001242,'Student','Y'),
	(0000043206,00002238,0000001179,'Student','Y'),
	(0000043207,00002238,0000002103,'Student','Y'),
	(0000043208,00002238,0000002138,'Student','Y'),
	(0000043209,00002113,0000000640,'Student','Y'),
	(0000043210,00002113,0000000655,'Student','Y'),
	(0000043211,00002113,0000000681,'Student','Y'),
	(0000043212,00002113,0000000678,'Student','Y'),
	(0000043213,00002112,0000000614,'Student','Y'),
	(0000043214,00002112,0000000843,'Student','Y'),
	(0000043215,00002112,0000001514,'Student','Y'),
	(0000043216,00002112,0000000518,'Student','Y'),
	(0000043217,00002115,0000000640,'Student','Y'),
	(0000043218,00002115,0000000655,'Student','Y'),
	(0000043219,00002115,0000001683,'Student','Y'),
	(0000043220,00002115,0000000716,'Student','Y'),
	(0000043221,00002115,0000000670,'Student','Y'),
	(0000043222,00002115,0000000681,'Student','Y'),
	(0000043223,00002115,0000000719,'Student','Y'),
	(0000043224,00002115,0000000684,'Student','Y'),
	(0000043225,00002115,0000000849,'Student','Y'),
	(0000043226,00002115,0000000831,'Student','Y'),
	(0000043227,00002115,0000000678,'Student','Y'),
	(0000043228,00002114,0000000649,'Student','Y'),
	(0000043229,00002114,0000000614,'Student','Y'),
	(0000043230,00002114,0000001811,'Student','Y'),
	(0000043231,00002114,0000000843,'Student','Y'),
	(0000043232,00002114,0000000699,'Student','Y'),
	(0000043233,00002114,0000001474,'Student','Y'),
	(0000043234,00002114,0000001066,'Student','Y'),
	(0000043235,00002114,0000001322,'Student','Y'),
	(0000043236,00002114,0000001086,'Student','Y'),
	(0000043237,00002114,0000000673,'Student','Y'),
	(0000043238,00002114,0000001514,'Student','Y'),
	(0000043239,00002114,0000002106,'Student','Y'),
	(0000043240,00002114,0000000518,'Student','Y'),
	(0000043241,00002116,0000000614,'Student','Y'),
	(0000043242,00002116,0000000843,'Student','Y'),
	(0000043243,00002116,0000000699,'Student','Y'),
	(0000043244,00002116,0000001474,'Student','Y'),
	(0000043245,00002116,0000000849,'Student','Y'),
	(0000043246,00002116,0000001322,'Student','Y'),
	(0000043247,00002116,0000000719,'Student','Y'),
	(0000043248,00002116,0000000684,'Student','Y'),
	(0000043249,00002116,0000001514,'Student','Y'),
	(0000043250,00002048,0000001254,'Student','Y'),
	(0000043251,00002048,0000001275,'Student','Y'),
	(0000043252,00002048,0000001160,'Student','Y'),
	(0000043253,00002048,0000001276,'Student','Y'),
	(0000043254,00002048,0000001207,'Student','Y'),
	(0000043255,00002048,0000001182,'Student','Y'),
	(0000043256,00002048,0000001178,'Student','Y'),
	(0000043257,00002048,0000002100,'Student','Y'),
	(0000043258,00002048,0000001528,'Student','Y'),
	(0000043259,00002048,0000002138,'Student','Y'),
	(0000043260,00002048,0000002145,'Student','Y'),
	(0000043261,00002048,0000001214,'Student','Y'),
	(0000043263,00002187,0000001915,'Student','Y'),
	(0000043264,00002187,0000001934,'Student','Y'),
	(0000043265,00002187,0000002009,'Student','Y'),
	(0000043266,00002187,0000001992,'Student','Y'),
	(0000043267,00002187,0000001974,'Student','Y'),
	(0000043268,00002187,0000001995,'Student','Y'),
	(0000043269,00002187,0000001983,'Student','Y'),
	(0000043270,00002187,0000001870,'Student','Y'),
	(0000043271,00002187,0000001901,'Student','Y'),
	(0000043272,00002187,0000001914,'Student','Y'),
	(0000043273,00002187,0000001980,'Student','Y'),
	(0000043274,00002187,0000001925,'Student','Y'),
	(0000043275,00002187,0000001864,'Student','Y'),
	(0000043276,00002187,0000002006,'Student','Y'),
	(0000043277,00002187,0000001998,'Student','Y'),
	(0000043278,00002187,0000001878,'Student','Y'),
	(0000043279,00002187,0000001882,'Student','Y'),
	(0000043280,00002187,0000001958,'Student','Y'),
	(0000043281,00002187,0000001897,'Student','Y'),
	(0000043282,00002187,0000001937,'Student','Y'),
	(0000043283,00002187,0000002113,'Student','Y'),
	(0000043284,00002187,0000002280,'Student','Y'),
	(0000043285,00002187,0000002327,'Student','Y'),
	(0000043287,00002186,0000002012,'Student','Y'),
	(0000043288,00002186,0000001891,'Student','Y'),
	(0000043289,00002186,0000001888,'Student','Y'),
	(0000043290,00002186,0000001905,'Student','Y'),
	(0000043291,00002186,0000001924,'Student','Y'),
	(0000043292,00002186,0000002056,'Student','Y'),
	(0000043293,00002186,0000001977,'Student','Y'),
	(0000043294,00002186,0000001885,'Student','Y'),
	(0000043295,00002186,0000001955,'Student','Y'),
	(0000043296,00002186,0000001986,'Student','Y'),
	(0000043297,00002186,0000002000,'Student','Y'),
	(0000043298,00002186,0000002072,'Student','Y'),
	(0000043299,00002186,0000001913,'Student','Y'),
	(0000043300,00002186,0000001898,'Student','Y'),
	(0000043301,00002186,0000002037,'Student','Y'),
	(0000043302,00002186,0000001921,'Student','Y'),
	(0000043303,00002186,0000001918,'Student','Y'),
	(0000043304,00002186,0000001964,'Student','Y'),
	(0000043305,00002186,0000001946,'Student','Y'),
	(0000043306,00002186,0000001940,'Student','Y'),
	(0000043307,00002186,0000002135,'Student','Y'),
	(0000043308,00002186,0000002141,'Student','Y'),
	(0000043309,00002185,0000002116,'Student','Y'),
	(0000043310,00002185,0000001928,'Student','Y'),
	(0000043311,00002185,0000001894,'Student','Y'),
	(0000043312,00002185,0000001875,'Student','Y'),
	(0000043313,00002185,0000002093,'Student','Y'),
	(0000043314,00002185,0000001904,'Student','Y'),
	(0000043315,00002185,0000001989,'Student','Y'),
	(0000043316,00002185,0000002019,'Student','Y'),
	(0000043317,00002185,0000002022,'Student','Y'),
	(0000043318,00002185,0000002040,'Student','Y'),
	(0000043319,00002185,0000001911,'Student','Y'),
	(0000043320,00002185,0000001970,'Student','Y'),
	(0000043321,00002185,0000001960,'Student','Y'),
	(0000043322,00002185,0000002049,'Student','Y'),
	(0000043323,00002185,0000002029,'Student','Y'),
	(0000043324,00002185,0000001879,'Student','Y'),
	(0000043325,00002185,0000002079,'Student','Y'),
	(0000043326,00002185,0000002016,'Student','Y'),
	(0000043327,00002185,0000002076,'Student','Y'),
	(0000043328,00002185,0000002123,'Student','Y'),
	(0000043329,00002185,0000002129,'Student','Y'),
	(0000043330,00002185,0000001931,'Student','Y'),
	(0000043333,00002190,0000001897,'Student','Y'),
	(0000043334,00002190,0000001958,'Student','Y'),
	(0000043335,00002190,0000001882,'Student','Y'),
	(0000043336,00002190,0000001878,'Student','Y'),
	(0000043337,00002190,0000002006,'Student','Y'),
	(0000043338,00002190,0000001925,'Student','Y'),
	(0000043339,00002190,0000001980,'Student','Y'),
	(0000043340,00002190,0000001914,'Student','Y'),
	(0000043341,00002190,0000001995,'Student','Y'),
	(0000043342,00002190,0000001974,'Student','Y'),
	(0000043343,00002190,0000001992,'Student','Y'),
	(0000043344,00002190,0000002009,'Student','Y'),
	(0000043345,00002190,0000001998,'Student','Y'),
	(0000043346,00002190,0000001864,'Student','Y'),
	(0000043347,00002190,0000001901,'Student','Y'),
	(0000043348,00002190,0000001870,'Student','Y'),
	(0000043349,00002190,0000001983,'Student','Y'),
	(0000043350,00002190,0000001934,'Student','Y'),
	(0000043351,00002190,0000001915,'Student','Y'),
	(0000043352,00002190,0000001937,'Student','Y'),
	(0000043353,00002190,0000002113,'Student','Y'),
	(0000043354,00002190,0000002280,'Student','Y'),
	(0000043355,00002190,0000002327,'Student','Y'),
	(0000043357,00002189,0000001940,'Student','Y'),
	(0000043358,00002189,0000001946,'Student','Y'),
	(0000043359,00002189,0000001964,'Student','Y'),
	(0000043360,00002189,0000001918,'Student','Y'),
	(0000043361,00002189,0000001921,'Student','Y'),
	(0000043362,00002189,0000002037,'Student','Y'),
	(0000043363,00002189,0000001898,'Student','Y'),
	(0000043364,00002189,0000001913,'Student','Y'),
	(0000043365,00002189,0000002072,'Student','Y'),
	(0000043366,00002189,0000002000,'Student','Y'),
	(0000043367,00002189,0000001986,'Student','Y'),
	(0000043368,00002189,0000001955,'Student','Y'),
	(0000043369,00002189,0000001885,'Student','Y'),
	(0000043370,00002189,0000001977,'Student','Y'),
	(0000043371,00002189,0000002056,'Student','Y'),
	(0000043372,00002189,0000001924,'Student','Y'),
	(0000043373,00002189,0000001888,'Student','Y'),
	(0000043374,00002189,0000001891,'Student','Y'),
	(0000043375,00002189,0000002012,'Student','Y'),
	(0000043376,00002189,0000002135,'Student','Y'),
	(0000043377,00002189,0000002141,'Student','Y'),
	(0000043378,00002189,0000002302,'Student','Y'),
	(0000043380,00002188,0000002016,'Student','Y'),
	(0000043381,00002188,0000002079,'Student','Y'),
	(0000043382,00002188,0000001879,'Student','Y'),
	(0000043383,00002188,0000002049,'Student','Y'),
	(0000043384,00002188,0000002040,'Student','Y'),
	(0000043385,00002188,0000001904,'Student','Y'),
	(0000043386,00002188,0000002093,'Student','Y'),
	(0000043387,00002188,0000001875,'Student','Y'),
	(0000043388,00002188,0000001894,'Student','Y'),
	(0000043389,00002188,0000002076,'Student','Y'),
	(0000043390,00002188,0000002029,'Student','Y'),
	(0000043391,00002188,0000001960,'Student','Y'),
	(0000043392,00002188,0000001970,'Student','Y'),
	(0000043393,00002188,0000001911,'Student','Y'),
	(0000043394,00002188,0000002022,'Student','Y'),
	(0000043395,00002188,0000002019,'Student','Y'),
	(0000043396,00002188,0000001989,'Student','Y'),
	(0000043397,00002188,0000001928,'Student','Y'),
	(0000043398,00002188,0000002116,'Student','Y'),
	(0000043399,00002188,0000002123,'Student','Y'),
	(0000043400,00002188,0000002129,'Student','Y'),
	(0000043401,00002188,0000001931,'Student','Y'),
	(0000043403,00002217,0000001593,'Student','Y'),
	(0000043404,00002217,0000001642,'Student','Y'),
	(0000043405,00002217,0000001639,'Student','Y'),
	(0000043406,00002217,0000001744,'Student','Y'),
	(0000043407,00002217,0000001686,'Student','Y'),
	(0000043408,00002217,0000001591,'Student','Y'),
	(0000043409,00002217,0000001786,'Student','Y'),
	(0000043410,00002217,0000001664,'Student','Y'),
	(0000043411,00002217,0000001597,'Student','Y'),
	(0000043412,00002217,0000001794,'Student','Y'),
	(0000043413,00002217,0000001600,'Student','Y'),
	(0000043414,00002217,0000001791,'Student','Y'),
	(0000043415,00002217,0000001730,'Student','Y'),
	(0000043416,00002217,0000001801,'Student','Y'),
	(0000043417,00002217,0000001761,'Student','Y'),
	(0000043418,00002217,0000001779,'Student','Y'),
	(0000043419,00002217,0000001721,'Student','Y'),
	(0000043420,00002217,0000002033,'Student','Y'),
	(0000043421,00002217,0000002097,'Student','Y'),
	(0000043422,00002217,0000002119,'Student','Y'),
	(0000043423,00002217,0000002309,'Student','Y'),
	(0000043426,00002216,0000001645,'Student','Y'),
	(0000043427,00002216,0000001700,'Student','Y'),
	(0000043428,00002216,0000001617,'Student','Y'),
	(0000043429,00002216,0000001735,'Student','Y'),
	(0000043430,00002216,0000001612,'Student','Y'),
	(0000043431,00002216,0000001706,'Student','Y'),
	(0000043432,00002216,0000001627,'Student','Y'),
	(0000043433,00002216,0000001615,'Student','Y'),
	(0000043434,00002216,0000001773,'Student','Y'),
	(0000043435,00002216,0000001739,'Student','Y'),
	(0000043436,00002216,0000001783,'Student','Y'),
	(0000043437,00002216,0000001677,'Student','Y'),
	(0000043438,00002216,0000001828,'Student','Y'),
	(0000043439,00002216,0000001848,'Student','Y'),
	(0000043440,00002216,0000002035,'Student','Y'),
	(0000043441,00002216,0000002066,'Student','Y'),
	(0000043442,00002216,0000002087,'Student','Y'),
	(0000043443,00002216,0000002081,'Student','Y'),
	(0000043445,00002237,0000001594,'Student','Y'),
	(0000043446,00002237,0000001858,'Student','Y'),
	(0000043447,00002237,0000001667,'Student','Y'),
	(0000043448,00002237,0000001796,'Student','Y'),
	(0000043449,00002237,0000001716,'Student','Y'),
	(0000043450,00002237,0000001753,'Student','Y'),
	(0000043451,00002237,0000001713,'Student','Y'),
	(0000043452,00002237,0000001654,'Student','Y'),
	(0000043453,00002237,0000001616,'Student','Y'),
	(0000043454,00002237,0000001609,'Student','Y'),
	(0000043455,00002237,0000001648,'Student','Y'),
	(0000043456,00002237,0000001657,'Student','Y'),
	(0000043457,00002237,0000001621,'Student','Y'),
	(0000043458,00002237,0000001628,'Student','Y'),
	(0000043459,00002237,0000001603,'Student','Y'),
	(0000043460,00002237,0000001831,'Student','Y'),
	(0000043461,00002237,0000002063,'Student','Y'),
	(0000043462,00002237,0000002313,'Student','Y'),
	(0000043463,00002017,0000001396,'Student','Y'),
	(0000043464,00002017,0000001391,'Student','Y'),
	(0000043465,00002017,0000001427,'Student','Y'),
	(0000043466,00002017,0000001400,'Student','Y'),
	(0000043467,00002017,0000001477,'Student','Y'),
	(0000043468,00002017,0000001571,'Student','Y'),
	(0000043469,00002017,0000001358,'Student','Y'),
	(0000043470,00002017,0000001486,'Student','Y'),
	(0000043471,00002017,0000001440,'Student','Y'),
	(0000043472,00002017,0000001507,'Student','Y'),
	(0000043473,00002017,0000001631,'Student','Y'),
	(0000043474,00002017,0000001374,'Student','Y'),
	(0000043475,00002017,0000001483,'Student','Y'),
	(0000043476,00002017,0000001403,'Student','Y'),
	(0000043477,00002017,0000001399,'Student','Y'),
	(0000043478,00002017,0000001538,'Student','Y'),
	(0000043479,00002017,0000001393,'Student','Y'),
	(0000043480,00002017,0000001377,'Student','Y'),
	(0000043481,00002017,0000001492,'Student','Y'),
	(0000043482,00002017,0000001710,'Student','Y'),
	(0000043483,00002017,0000001845,'Student','Y'),
	(0000043484,00002017,0000002286,'Student','Y'),
	(0000043485,00002017,0000002306,'Student','Y'),
	(0000043486,00002017,0000002316,'Student','Y'),
	(0000043488,00002016,0000001364,'Student','Y'),
	(0000043489,00002016,0000001378,'Student','Y'),
	(0000043490,00002016,0000001352,'Student','Y'),
	(0000043491,00002016,0000001430,'Student','Y'),
	(0000043492,00002016,0000001424,'Student','Y'),
	(0000043493,00002016,0000001535,'Student','Y'),
	(0000043494,00002016,0000001416,'Student','Y'),
	(0000043495,00002016,0000001445,'Student','Y'),
	(0000043496,00002016,0000001367,'Student','Y'),
	(0000043497,00002016,0000001520,'Student','Y'),
	(0000043498,00002016,0000001471,'Student','Y'),
	(0000043499,00002016,0000001585,'Student','Y'),
	(0000043500,00002016,0000001410,'Student','Y'),
	(0000043501,00002016,0000001382,'Student','Y'),
	(0000043502,00002016,0000001355,'Student','Y'),
	(0000043503,00002016,0000001388,'Student','Y'),
	(0000043504,00002016,0000001465,'Student','Y'),
	(0000043505,00002016,0000001692,'Student','Y'),
	(0000043506,00002016,0000002084,'Student','Y'),
	(0000043507,00002016,0000002126,'Student','Y'),
	(0000043508,00002016,0000001867,'Student','Y'),
	(0000043509,00002050,0000001154,'Student','Y'),
	(0000043510,00002050,0000001200,'Student','Y'),
	(0000043511,00002050,0000001193,'Student','Y'),
	(0000043512,00002050,0000001680,'Student','Y'),
	(0000043513,00002050,0000002109,'Student','Y'),
	(0000043514,00002050,0000002120,'Student','Y'),
	(0000043515,00002050,0000002090,'Student','Y'),
	(0000043516,00002050,0000002103,'Student','Y'),
	(0000043517,00002050,0000001157,'Student','Y'),
	(0000043520,00002193,0000001937,'Student','Y'),
	(0000043521,00002193,0000001915,'Student','Y'),
	(0000043522,00002193,0000001934,'Student','Y'),
	(0000043523,00002193,0000002009,'Student','Y'),
	(0000043524,00002193,0000001992,'Student','Y'),
	(0000043525,00002193,0000001974,'Student','Y'),
	(0000043526,00002193,0000001995,'Student','Y'),
	(0000043527,00002193,0000001983,'Student','Y'),
	(0000043528,00002193,0000001870,'Student','Y'),
	(0000043529,00002193,0000001901,'Student','Y'),
	(0000043530,00002193,0000001914,'Student','Y'),
	(0000043531,00002193,0000001980,'Student','Y'),
	(0000043532,00002193,0000001925,'Student','Y'),
	(0000043533,00002193,0000001864,'Student','Y'),
	(0000043534,00002193,0000002006,'Student','Y'),
	(0000043535,00002193,0000001998,'Student','Y'),
	(0000043536,00002193,0000001878,'Student','Y'),
	(0000043537,00002193,0000001882,'Student','Y'),
	(0000043538,00002193,0000001958,'Student','Y'),
	(0000043539,00002193,0000001897,'Student','Y'),
	(0000043540,00002193,0000002113,'Student','Y'),
	(0000043541,00002193,0000002280,'Student','Y'),
	(0000043542,00002193,0000002327,'Student','Y'),
	(0000043544,00002192,0000002012,'Student','Y'),
	(0000043545,00002192,0000001891,'Student','Y'),
	(0000043546,00002192,0000001888,'Student','Y'),
	(0000043547,00002192,0000001924,'Student','Y'),
	(0000043548,00002192,0000002056,'Student','Y'),
	(0000043549,00002192,0000001977,'Student','Y'),
	(0000043550,00002192,0000001885,'Student','Y'),
	(0000043551,00002192,0000001955,'Student','Y'),
	(0000043552,00002192,0000001986,'Student','Y'),
	(0000043553,00002192,0000002000,'Student','Y'),
	(0000043554,00002192,0000002072,'Student','Y'),
	(0000043555,00002192,0000001913,'Student','Y'),
	(0000043556,00002192,0000001898,'Student','Y'),
	(0000043557,00002192,0000002037,'Student','Y'),
	(0000043558,00002192,0000001921,'Student','Y'),
	(0000043559,00002192,0000001918,'Student','Y'),
	(0000043560,00002192,0000001964,'Student','Y'),
	(0000043561,00002192,0000001946,'Student','Y'),
	(0000043562,00002192,0000001940,'Student','Y'),
	(0000043563,00002192,0000002135,'Student','Y'),
	(0000043564,00002192,0000002141,'Student','Y'),
	(0000043566,00002191,0000002116,'Student','Y'),
	(0000043567,00002191,0000001928,'Student','Y'),
	(0000043568,00002191,0000001894,'Student','Y'),
	(0000043569,00002191,0000001875,'Student','Y'),
	(0000043570,00002191,0000002093,'Student','Y'),
	(0000043571,00002191,0000001904,'Student','Y'),
	(0000043572,00002191,0000001989,'Student','Y'),
	(0000043573,00002191,0000002019,'Student','Y'),
	(0000043574,00002191,0000002022,'Student','Y'),
	(0000043575,00002191,0000002040,'Student','Y'),
	(0000043576,00002191,0000001911,'Student','Y'),
	(0000043577,00002191,0000001970,'Student','Y'),
	(0000043578,00002191,0000001960,'Student','Y'),
	(0000043579,00002191,0000002049,'Student','Y'),
	(0000043580,00002191,0000002029,'Student','Y'),
	(0000043581,00002191,0000001879,'Student','Y'),
	(0000043582,00002191,0000002079,'Student','Y'),
	(0000043583,00002191,0000002016,'Student','Y'),
	(0000043584,00002191,0000002076,'Student','Y'),
	(0000043585,00002191,0000002123,'Student','Y'),
	(0000043586,00002191,0000002129,'Student','Y'),
	(0000043587,00002191,0000001931,'Student','Y'),
	(0000043590,00002219,0000001593,'Student','Y'),
	(0000043591,00002219,0000001642,'Student','Y'),
	(0000043592,00002219,0000001639,'Student','Y'),
	(0000043593,00002219,0000001744,'Student','Y'),
	(0000043594,00002219,0000001686,'Student','Y'),
	(0000043595,00002219,0000001591,'Student','Y'),
	(0000043596,00002219,0000001786,'Student','Y'),
	(0000043597,00002219,0000001664,'Student','Y'),
	(0000043598,00002219,0000001597,'Student','Y'),
	(0000043599,00002219,0000001794,'Student','Y'),
	(0000043600,00002219,0000001600,'Student','Y'),
	(0000043601,00002219,0000001791,'Student','Y'),
	(0000043602,00002219,0000001730,'Student','Y'),
	(0000043603,00002219,0000001761,'Student','Y'),
	(0000043604,00002219,0000001779,'Student','Y'),
	(0000043605,00002219,0000001721,'Student','Y'),
	(0000043606,00002219,0000002097,'Student','Y'),
	(0000043607,00002219,0000002119,'Student','Y'),
	(0000043608,00002219,0000002309,'Student','Y'),
	(0000043610,00002218,0000001645,'Student','Y'),
	(0000043611,00002218,0000001677,'Student','Y'),
	(0000043612,00002218,0000001783,'Student','Y'),
	(0000043613,00002218,0000001739,'Student','Y'),
	(0000043614,00002218,0000001773,'Student','Y'),
	(0000043615,00002218,0000001615,'Student','Y'),
	(0000043616,00002218,0000001627,'Student','Y'),
	(0000043617,00002218,0000001706,'Student','Y'),
	(0000043618,00002218,0000001612,'Student','Y'),
	(0000043619,00002218,0000001735,'Student','Y'),
	(0000043620,00002218,0000001617,'Student','Y'),
	(0000043621,00002218,0000001700,'Student','Y'),
	(0000043622,00002218,0000001828,'Student','Y'),
	(0000043623,00002218,0000001848,'Student','Y'),
	(0000043624,00002218,0000002035,'Student','Y'),
	(0000043625,00002218,0000002087,'Student','Y'),
	(0000043626,00002218,0000002081,'Student','Y'),
	(0000043627,00002236,0000001594,'Student','Y'),
	(0000043628,00002236,0000001858,'Student','Y'),
	(0000043629,00002236,0000001667,'Student','Y'),
	(0000043630,00002236,0000001716,'Student','Y'),
	(0000043631,00002236,0000001753,'Student','Y'),
	(0000043632,00002236,0000001713,'Student','Y'),
	(0000043633,00002236,0000001654,'Student','Y'),
	(0000043634,00002236,0000001616,'Student','Y'),
	(0000043635,00002236,0000001609,'Student','Y'),
	(0000043636,00002236,0000001648,'Student','Y'),
	(0000043637,00002236,0000001657,'Student','Y'),
	(0000043638,00002236,0000001621,'Student','Y'),
	(0000043639,00002236,0000001628,'Student','Y'),
	(0000043640,00002236,0000001603,'Student','Y'),
	(0000043641,00002236,0000001796,'Student','Y'),
	(0000043642,00002236,0000001831,'Student','Y'),
	(0000043643,00002236,0000002063,'Student','Y'),
	(0000043645,00002236,0000002313,'Student','Y'),
	(0000043647,00002021,0000001427,'Student','Y'),
	(0000043648,00002021,0000001400,'Student','Y'),
	(0000043649,00002021,0000001477,'Student','Y'),
	(0000043650,00002021,0000001571,'Student','Y'),
	(0000043651,00002021,0000001358,'Student','Y'),
	(0000043652,00002021,0000001486,'Student','Y'),
	(0000043653,00002021,0000001440,'Student','Y'),
	(0000043654,00002021,0000001507,'Student','Y'),
	(0000043655,00002021,0000001631,'Student','Y'),
	(0000043656,00002021,0000001374,'Student','Y'),
	(0000043657,00002021,0000001483,'Student','Y'),
	(0000043658,00002021,0000001403,'Student','Y'),
	(0000043659,00002021,0000001399,'Student','Y'),
	(0000043660,00002021,0000001538,'Student','Y'),
	(0000043661,00002021,0000001393,'Student','Y'),
	(0000043662,00002021,0000001377,'Student','Y'),
	(0000043663,00002021,0000001492,'Student','Y'),
	(0000043664,00002021,0000001396,'Student','Y'),
	(0000043665,00002021,0000001391,'Student','Y'),
	(0000043666,00002021,0000001710,'Student','Y'),
	(0000043667,00002021,0000001845,'Student','Y'),
	(0000043668,00002021,0000002286,'Student','Y'),
	(0000043669,00002021,0000002306,'Student','Y'),
	(0000043670,00002021,0000002316,'Student','Y'),
	(0000043672,00002020,0000001352,'Student','Y'),
	(0000043673,00002020,0000001430,'Student','Y'),
	(0000043674,00002020,0000001424,'Student','Y'),
	(0000043675,00002020,0000001535,'Student','Y'),
	(0000043676,00002020,0000001416,'Student','Y'),
	(0000043677,00002020,0000001445,'Student','Y'),
	(0000043678,00002020,0000001367,'Student','Y'),
	(0000043679,00002020,0000001520,'Student','Y'),
	(0000043680,00002020,0000001471,'Student','Y'),
	(0000043681,00002020,0000001585,'Student','Y'),
	(0000043682,00002020,0000001410,'Student','Y'),
	(0000043683,00002020,0000001382,'Student','Y'),
	(0000043684,00002020,0000001355,'Student','Y'),
	(0000043685,00002020,0000001388,'Student','Y'),
	(0000043686,00002020,0000001465,'Student','Y'),
	(0000043687,00002020,0000001364,'Student','Y'),
	(0000043688,00002020,0000001378,'Student','Y'),
	(0000043689,00002020,0000001692,'Student','Y'),
	(0000043690,00002020,0000001867,'Student','Y'),
	(0000043691,00002020,0000002084,'Student','Y'),
	(0000043692,00002020,0000002126,'Student','Y'),
	(0000043693,00002081,0000000699,'Student','Y'),
	(0000043694,00002194,0000001878,'Student','Y'),
	(0000043695,00002194,0000001918,'Student','Y'),
	(0000043696,00002194,0000002022,'Student','Y'),
	(0000043697,00002222,0000001664,'Student','Y'),
	(0000043698,00002222,0000001667,'Student','Y'),
	(0000043699,00002222,0000001616,'Student','Y'),
	(0000043700,00002022,0000001388,'Student','Y'),
	(0000043701,00002022,0000001378,'Student','Y'),
	(0000043702,00002052,0000001263,'Student','Y'),
	(0000043703,00002197,0000002302,'Student','Y'),
	(0000043705,00002197,0000002012,'Student','Y'),
	(0000043706,00002197,0000001901,'Student','Y'),
	(0000043707,00002197,0000002129,'Student','Y'),
	(0000043708,00002197,0000001934,'Student','Y'),
	(0000043709,00002197,0000001875,'Student','Y'),
	(0000043710,00002197,0000001888,'Student','Y'),
	(0000043711,00002197,0000001986,'Student','Y'),
	(0000043712,00002197,0000002019,'Student','Y'),
	(0000043713,00002197,0000002022,'Student','Y'),
	(0000043714,00002197,0000001870,'Student','Y'),
	(0000043715,00002197,0000001914,'Student','Y'),
	(0000043716,00002197,0000001898,'Student','Y'),
	(0000043717,00002197,0000001864,'Student','Y'),
	(0000043718,00002197,0000001921,'Student','Y'),
	(0000043719,00002197,0000002029,'Student','Y'),
	(0000043720,00002197,0000001882,'Student','Y'),
	(0000043721,00002197,0000001958,'Student','Y'),
	(0000043722,00002197,0000002016,'Student','Y'),
	(0000043723,00002197,0000002056,'Student','Y'),
	(0000043725,00002196,0000001974,'Student','Y'),
	(0000043726,00002196,0000001998,'Student','Y'),
	(0000043727,00002196,0000002116,'Student','Y'),
	(0000043728,00002196,0000002079,'Student','Y'),
	(0000043729,00002196,0000002049,'Student','Y'),
	(0000043730,00002196,0000001946,'Student','Y'),
	(0000043731,00002196,0000001937,'Student','Y'),
	(0000043732,00002196,0000001885,'Student','Y'),
	(0000043733,00002196,0000001913,'Student','Y'),
	(0000043734,00002196,0000001977,'Student','Y'),
	(0000043735,00002195,0000001928,'Student','Y'),
	(0000043736,00002195,0000002123,'Student','Y'),
	(0000043737,00002195,0000002076,'Student','Y'),
	(0000043738,00002195,0000001894,'Student','Y'),
	(0000043739,00002195,0000001989,'Student','Y'),
	(0000043740,00002195,0000001924,'Student','Y'),
	(0000043741,00002195,0000002037,'Student','Y'),
	(0000043742,00002195,0000001918,'Student','Y'),
	(0000043743,00002195,0000001964,'Student','Y'),
	(0000043744,00002195,0000001940,'Student','Y'),
	(0000043745,00002195,0000001980,'Student','Y'),
	(0000043746,00002195,0000001992,'Student','Y'),
	(0000043747,00002195,0000001878,'Student','Y'),
	(0000043748,00002195,0000001897,'Student','Y'),
	(0000043749,00002195,0000001995,'Student','Y'),
	(0000043750,00002195,0000002009,'Student','Y'),
	(0000043751,00002195,0000002135,'Student','Y'),
	(0000043752,00002195,0000001925,'Student','Y'),
	(0000043753,00002195,0000002006,'Student','Y'),
	(0000043754,00002195,0000002280,'Student','Y'),
	(0000043755,00002235,0000002093,'Student','Y'),
	(0000043756,00002235,0000001904,'Student','Y'),
	(0000043757,00002235,0000002040,'Student','Y'),
	(0000043758,00002235,0000001911,'Student','Y'),
	(0000043759,00002235,0000001970,'Student','Y'),
	(0000043760,00002235,0000001960,'Student','Y'),
	(0000043761,00002235,0000001879,'Student','Y'),
	(0000043762,00002235,0000001891,'Student','Y'),
	(0000043763,00002235,0000002072,'Student','Y'),
	(0000043764,00002235,0000001955,'Student','Y'),
	(0000043765,00002235,0000001905,'Student','Y'),
	(0000043766,00002235,0000001983,'Student','Y'),
	(0000043767,00002235,0000001931,'Student','Y'),
	(0000043768,00002235,0000002141,'Student','Y'),
	(0000043769,00002235,0000001915,'Student','Y'),
	(0000043770,00002235,0000002000,'Student','Y'),
	(0000043771,00002235,0000002327,'Student','Y'),
	(0000043772,00002235,0000002113,'Student','Y'),
	(0000043774,00002225,0000001642,'Student','Y'),
	(0000043775,00002225,0000001686,'Student','Y'),
	(0000043776,00002225,0000001664,'Student','Y'),
	(0000043777,00002225,0000001794,'Student','Y'),
	(0000043778,00002225,0000001600,'Student','Y'),
	(0000043779,00002225,0000001791,'Student','Y'),
	(0000043780,00002225,0000001603,'Student','Y'),
	(0000043781,00002225,0000001657,'Student','Y'),
	(0000043782,00002225,0000002097,'Student','Y'),
	(0000043783,00002225,0000002081,'Student','Y'),
	(0000043784,00002225,0000002063,'Student','Y'),
	(0000043785,00002225,0000001706,'Student','Y'),
	(0000043786,00002225,0000002066,'Student','Y'),
	(0000043787,00002225,0000001597,'Student','Y'),
	(0000043788,00002225,0000001677,'Student','Y'),
	(0000043789,00002225,0000002033,'Student','Y'),
	(0000043790,00002225,0000001700,'Student','Y'),
	(0000043791,00002225,0000001730,'Student','Y'),
	(0000043792,00002225,0000001667,'Student','Y'),
	(0000043793,00002225,0000002119,'Student','Y'),
	(0000043794,00002225,0000002309,'Student','Y'),
	(0000043796,00002223,0000001617,'Student','Y'),
	(0000043797,00002223,0000001612,'Student','Y'),
	(0000043798,00002223,0000001627,'Student','Y'),
	(0000043799,00002223,0000001773,'Student','Y'),
	(0000043800,00002223,0000001739,'Student','Y'),
	(0000043801,00002223,0000001779,'Student','Y'),
	(0000043802,00002223,0000001716,'Student','Y'),
	(0000043803,00002223,0000001753,'Student','Y'),
	(0000043804,00002223,0000001654,'Student','Y'),
	(0000043805,00002223,0000001796,'Student','Y'),
	(0000043806,00002223,0000001713,'Student','Y'),
	(0000043807,00002223,0000001594,'Student','Y'),
	(0000043808,00002223,0000001593,'Student','Y'),
	(0000043809,00002223,0000001828,'Student','Y'),
	(0000043810,00002223,0000001639,'Student','Y'),
	(0000043811,00002223,0000001744,'Student','Y'),
	(0000043812,00002223,0000001648,'Student','Y'),
	(0000043813,00002223,0000001591,'Student','Y'),
	(0000043814,00002223,0000001786,'Student','Y'),
	(0000043815,00002223,0000001616,'Student','Y'),
	(0000043816,00002223,0000001761,'Student','Y'),
	(0000043817,00002223,0000001628,'Student','Y'),
	(0000043820,00002224,0000001858,'Student','Y'),
	(0000043821,00002224,0000001609,'Student','Y'),
	(0000043822,00002224,0000001621,'Student','Y'),
	(0000043823,00002224,0000001831,'Student','Y'),
	(0000043824,00002224,0000001801,'Student','Y'),
	(0000043825,00002224,0000001645,'Student','Y'),
	(0000043826,00002224,0000001848,'Student','Y'),
	(0000043827,00002224,0000001783,'Student','Y'),
	(0000043828,00002224,0000002087,'Student','Y'),
	(0000043829,00002224,0000001735,'Student','Y'),
	(0000043830,00002224,0000001721,'Student','Y'),
	(0000043831,00002224,0000002035,'Student','Y'),
	(0000043832,00002224,0000001615,'Student','Y'),
	(0000043833,00002224,0000002313,'Student','Y'),
	(0000043836,00002024,0000001377,'Student','Y'),
	(0000043837,00002024,0000001391,'Student','Y'),
	(0000043838,00002024,0000001424,'Student','Y'),
	(0000043839,00002024,0000001400,'Student','Y'),
	(0000043840,00002024,0000001492,'Student','Y'),
	(0000043841,00002024,0000001403,'Student','Y'),
	(0000043842,00002024,0000001445,'Student','Y'),
	(0000043843,00002024,0000001477,'Student','Y'),
	(0000043844,00002024,0000001538,'Student','Y'),
	(0000043845,00002024,0000001378,'Student','Y'),
	(0000043846,00002024,0000001692,'Student','Y'),
	(0000043847,00002024,0000001585,'Student','Y'),
	(0000043848,00002024,0000001427,'Student','Y'),
	(0000043849,00002024,0000002084,'Student','Y'),
	(0000043850,00002024,0000001352,'Student','Y'),
	(0000043851,00002024,0000002126,'Student','Y'),
	(0000043852,00002024,0000002316,'Student','Y'),
	(0000043854,00002023,0000001486,'Student','Y'),
	(0000043855,00002023,0000001430,'Student','Y'),
	(0000043856,00002023,0000001367,'Student','Y'),
	(0000043857,00002023,0000001440,'Student','Y'),
	(0000043858,00002023,0000001535,'Student','Y'),
	(0000043861,00002025,0000001355,'Student','Y'),
	(0000043862,00002025,0000001520,'Student','Y'),
	(0000043863,00002025,0000001410,'Student','Y'),
	(0000043864,00002025,0000001471,'Student','Y'),
	(0000043865,00002025,0000001416,'Student','Y'),
	(0000043866,00002025,0000001867,'Student','Y'),
	(0000043867,00002025,0000001393,'Student','Y'),
	(0000043868,00002025,0000001399,'Student','Y'),
	(0000043869,00002025,0000001845,'Student','Y'),
	(0000043870,00002025,0000001483,'Student','Y'),
	(0000043871,00002025,0000001631,'Student','Y'),
	(0000043872,00002025,0000001374,'Student','Y'),
	(0000043873,00002025,0000001507,'Student','Y'),
	(0000043874,00002025,0000001388,'Student','Y'),
	(0000043875,00002025,0000001571,'Student','Y'),
	(0000043876,00002025,0000001364,'Student','Y'),
	(0000043877,00002025,0000001465,'Student','Y'),
	(0000043878,00002025,0000001382,'Student','Y'),
	(0000043879,00002025,0000001396,'Student','Y'),
	(0000043880,00002025,0000002286,'Student','Y'),
	(0000043881,00002025,0000002306,'Student','Y'),
	(0000043906,00002025,0000001193,'Student','Y'),
	(0000043923,00002121,0000000831,'Student','Y'),
	(0000043924,00002121,0000001066,'Student','Y'),
	(0000043925,00002121,0000001474,'Student','Y'),
	(0000043926,00002121,0000001322,'Student','Y'),
	(0000043927,00002121,0000000649,'Student','Y'),
	(0000043928,00002121,0000002106,'Student','Y'),
	(0000043929,00002121,0000000518,'Student','Y'),
	(0000043930,00002122,0000000678,'Student','Y'),
	(0000043931,00002122,0000001811,'Student','Y'),
	(0000043932,00002122,0000001683,'Student','Y'),
	(0000043933,00002122,0000000716,'Student','Y'),
	(0000043934,00002122,0000000670,'Student','Y'),
	(0000043935,00002122,0000001086,'Student','Y'),
	(0000043936,00002122,0000000719,'Student','Y'),
	(0000043937,00002122,0000000673,'Student','Y'),
	(0000043938,00002122,0000000684,'Student','Y'),
	(0000043939,00002122,0000000849,'Student','Y'),
	(0000043940,00002122,0000000699,'Student','Y'),
	(0000043941,00002057,0000001680,'Student','Y'),
	(0000043942,00002057,0000001236,'Student','Y'),
	(0000043943,00002057,0000001233,'Student','Y'),
	(0000043944,00002057,0000001275,'Student','Y'),
	(0000043945,00002057,0000001814,'Student','Y'),
	(0000043946,00002057,0000001166,'Student','Y'),
	(0000043947,00002057,0000001157,'Student','Y'),
	(0000043948,00002057,0000001200,'Student','Y'),
	(0000043949,00002057,0000001226,'Student','Y'),
	(0000043950,00002057,0000001259,'Student','Y'),
	(0000043951,00002057,0000001251,'Student','Y'),
	(0000043952,00002057,0000001242,'Student','Y'),
	(0000043953,00002057,0000001193,'Student','Y'),
	(0000043954,00002057,0000001528,'Student','Y'),
	(0000043955,00002057,0000001179,'Student','Y'),
	(0000043956,00002057,0000001263,'Student','Y'),
	(0000043957,00002057,0000001214,'Student','Y'),
	(0000043958,00002057,0000001201,'Student','Y'),
	(0000043959,00002057,0000002103,'Student','Y'),
	(0000043960,00002057,0000001245,'Student','Y'),
	(0000043961,00002057,0000002138,'Student','Y'),
	(0000043967,00002123,0000000614,'Student','Y'),
	(0000043968,00002123,0000000843,'Student','Y'),
	(0000043969,00002123,0000000655,'Student','Y'),
	(0000043970,00002123,0000000681,'Student','Y'),
	(0000043971,00002123,0000001514,'Student','Y'),
	(0000043972,00002123,0000000640,'Student','Y'),
	(0000043974,00002200,0000001937,'Student','Y'),
	(0000043975,00002200,0000001915,'Student','Y'),
	(0000043976,00002200,0000001934,'Student','Y'),
	(0000043977,00002200,0000002009,'Student','Y'),
	(0000043978,00002200,0000001992,'Student','Y'),
	(0000043979,00002200,0000001974,'Student','Y'),
	(0000043980,00002200,0000001995,'Student','Y'),
	(0000043981,00002200,0000001983,'Student','Y'),
	(0000043982,00002200,0000001870,'Student','Y'),
	(0000043983,00002200,0000001901,'Student','Y'),
	(0000043984,00002200,0000001914,'Student','Y'),
	(0000043985,00002200,0000001980,'Student','Y'),
	(0000043986,00002200,0000001925,'Student','Y'),
	(0000043987,00002200,0000001864,'Student','Y'),
	(0000043988,00002200,0000002006,'Student','Y'),
	(0000043989,00002200,0000001998,'Student','Y'),
	(0000043990,00002200,0000001878,'Student','Y'),
	(0000043991,00002200,0000001882,'Student','Y'),
	(0000043992,00002200,0000001958,'Student','Y'),
	(0000043993,00002200,0000001897,'Student','Y'),
	(0000043994,00002200,0000002113,'Student','Y'),
	(0000043996,00002200,0000002280,'Student','Y'),
	(0000043997,00002200,0000002327,'Student','Y'),
	(0000044000,00002199,0000002012,'Student','Y'),
	(0000044001,00002199,0000001891,'Student','Y'),
	(0000044002,00002199,0000001888,'Student','Y'),
	(0000044003,00002199,0000001905,'Student','Y'),
	(0000044004,00002199,0000001924,'Student','Y'),
	(0000044005,00002199,0000002056,'Student','Y'),
	(0000044006,00002199,0000001977,'Student','Y'),
	(0000044007,00002199,0000001885,'Student','Y'),
	(0000044008,00002199,0000001955,'Student','Y'),
	(0000044009,00002199,0000001986,'Student','Y'),
	(0000044010,00002199,0000002000,'Student','Y'),
	(0000044011,00002199,0000002072,'Student','Y'),
	(0000044012,00002199,0000001913,'Student','Y'),
	(0000044013,00002199,0000001898,'Student','Y'),
	(0000044014,00002199,0000002037,'Student','Y'),
	(0000044015,00002199,0000001921,'Student','Y'),
	(0000044016,00002199,0000001918,'Student','Y'),
	(0000044017,00002199,0000001964,'Student','Y'),
	(0000044018,00002199,0000001946,'Student','Y'),
	(0000044019,00002199,0000001940,'Student','Y'),
	(0000044020,00002199,0000002135,'Student','Y'),
	(0000044021,00002199,0000002141,'Student','Y'),
	(0000044022,00002199,0000002302,'Student','Y'),
	(0000044025,00002198,0000002116,'Student','Y'),
	(0000044026,00002198,0000001928,'Student','Y'),
	(0000044027,00002198,0000001894,'Student','Y'),
	(0000044028,00002198,0000001875,'Student','Y'),
	(0000044029,00002198,0000002093,'Student','Y'),
	(0000044030,00002198,0000001904,'Student','Y'),
	(0000044031,00002198,0000001989,'Student','Y'),
	(0000044032,00002198,0000002019,'Student','Y'),
	(0000044033,00002198,0000002022,'Student','Y'),
	(0000044034,00002198,0000002040,'Student','Y'),
	(0000044035,00002198,0000001911,'Student','Y'),
	(0000044036,00002198,0000001970,'Student','Y'),
	(0000044037,00002198,0000001960,'Student','Y'),
	(0000044038,00002198,0000002049,'Student','Y'),
	(0000044039,00002198,0000002029,'Student','Y'),
	(0000044040,00002198,0000001879,'Student','Y'),
	(0000044041,00002198,0000002079,'Student','Y'),
	(0000044042,00002198,0000002016,'Student','Y'),
	(0000044043,00002198,0000002076,'Student','Y'),
	(0000044044,00002198,0000002123,'Student','Y'),
	(0000044045,00002198,0000002129,'Student','Y'),
	(0000044046,00002198,0000001931,'Student','Y'),
	(0000044048,00002228,0000001593,'Student','Y'),
	(0000044049,00002228,0000001642,'Student','Y'),
	(0000044050,00002228,0000001639,'Student','Y'),
	(0000044051,00002228,0000001744,'Student','Y'),
	(0000044052,00002228,0000001686,'Student','Y'),
	(0000044053,00002228,0000001591,'Student','Y'),
	(0000044054,00002228,0000001786,'Student','Y'),
	(0000044055,00002228,0000001664,'Student','Y'),
	(0000044056,00002228,0000001597,'Student','Y'),
	(0000044057,00002228,0000001794,'Student','Y'),
	(0000044058,00002228,0000001600,'Student','Y'),
	(0000044059,00002228,0000001791,'Student','Y'),
	(0000044060,00002228,0000001730,'Student','Y'),
	(0000044061,00002228,0000001801,'Student','Y'),
	(0000044062,00002228,0000001761,'Student','Y'),
	(0000044063,00002228,0000001779,'Student','Y'),
	(0000044064,00002228,0000001721,'Student','Y'),
	(0000044065,00002228,0000002033,'Student','Y'),
	(0000044066,00002228,0000002097,'Student','Y'),
	(0000044067,00002228,0000002119,'Student','Y'),
	(0000044068,00002228,0000002309,'Student','Y'),
	(0000044070,00002227,0000001645,'Student','Y'),
	(0000044071,00002227,0000001700,'Student','Y'),
	(0000044072,00002227,0000001617,'Student','Y'),
	(0000044073,00002227,0000001735,'Student','Y'),
	(0000044074,00002227,0000001612,'Student','Y'),
	(0000044075,00002227,0000001706,'Student','Y'),
	(0000044076,00002227,0000001627,'Student','Y'),
	(0000044077,00002227,0000001615,'Student','Y'),
	(0000044078,00002227,0000001773,'Student','Y'),
	(0000044079,00002227,0000001739,'Student','Y'),
	(0000044080,00002227,0000001783,'Student','Y'),
	(0000044081,00002227,0000001677,'Student','Y'),
	(0000044082,00002227,0000001828,'Student','Y'),
	(0000044083,00002227,0000001848,'Student','Y'),
	(0000044084,00002227,0000002035,'Student','Y'),
	(0000044085,00002227,0000002066,'Student','Y'),
	(0000044086,00002227,0000002087,'Student','Y'),
	(0000044087,00002227,0000002081,'Student','Y'),
	(0000044090,00002244,0000001594,'Student','Y'),
	(0000044091,00002244,0000001858,'Student','Y'),
	(0000044092,00002244,0000001796,'Student','Y'),
	(0000044093,00002244,0000001667,'Student','Y'),
	(0000044094,00002244,0000001716,'Student','Y'),
	(0000044095,00002244,0000001753,'Student','Y'),
	(0000044096,00002244,0000001713,'Student','Y'),
	(0000044097,00002244,0000001654,'Student','Y'),
	(0000044098,00002244,0000001616,'Student','Y'),
	(0000044099,00002244,0000001609,'Student','Y'),
	(0000044100,00002244,0000001648,'Student','Y'),
	(0000044101,00002244,0000001657,'Student','Y'),
	(0000044102,00002244,0000001621,'Student','Y'),
	(0000044103,00002244,0000001628,'Student','Y'),
	(0000044104,00002244,0000001603,'Student','Y'),
	(0000044105,00002244,0000001831,'Student','Y'),
	(0000044107,00002244,0000002063,'Student','Y'),
	(0000044108,00002244,0000002313,'Student','Y'),
	(0000044109,00002028,0000001391,'Student','Y'),
	(0000044110,00002028,0000001396,'Student','Y'),
	(0000044111,00002028,0000001427,'Student','Y'),
	(0000044112,00002028,0000001400,'Student','Y'),
	(0000044113,00002028,0000001477,'Student','Y'),
	(0000044114,00002028,0000001571,'Student','Y'),
	(0000044115,00002028,0000001358,'Student','Y'),
	(0000044116,00002028,0000001486,'Student','Y'),
	(0000044117,00002028,0000001440,'Student','Y'),
	(0000044118,00002028,0000001507,'Student','Y'),
	(0000044119,00002028,0000001631,'Student','Y'),
	(0000044120,00002028,0000001374,'Student','Y'),
	(0000044121,00002028,0000001483,'Student','Y'),
	(0000044122,00002028,0000001403,'Student','Y'),
	(0000044123,00002028,0000001399,'Student','Y'),
	(0000044124,00002028,0000001538,'Student','Y'),
	(0000044125,00002028,0000001393,'Student','Y'),
	(0000044126,00002028,0000001377,'Student','Y'),
	(0000044127,00002028,0000001492,'Student','Y'),
	(0000044128,00002028,0000001710,'Student','Y'),
	(0000044129,00002028,0000001845,'Student','Y'),
	(0000044131,00002028,0000002286,'Student','Y'),
	(0000044132,00002028,0000002306,'Student','Y'),
	(0000044133,00002028,0000002316,'Student','Y'),
	(0000044134,00002027,0000001867,'Student','Y'),
	(0000044135,00002027,0000001364,'Student','Y'),
	(0000044136,00002027,0000001378,'Student','Y'),
	(0000044137,00002027,0000001352,'Student','Y'),
	(0000044138,00002027,0000001430,'Student','Y'),
	(0000044139,00002027,0000001424,'Student','Y'),
	(0000044140,00002027,0000001535,'Student','Y'),
	(0000044141,00002027,0000001416,'Student','Y'),
	(0000044142,00002027,0000001445,'Student','Y'),
	(0000044143,00002027,0000001367,'Student','Y'),
	(0000044144,00002027,0000001520,'Student','Y'),
	(0000044145,00002027,0000001471,'Student','Y'),
	(0000044146,00002027,0000001585,'Student','Y'),
	(0000044147,00002027,0000001410,'Student','Y'),
	(0000044148,00002027,0000001382,'Student','Y'),
	(0000044149,00002027,0000001355,'Student','Y'),
	(0000044150,00002027,0000001388,'Student','Y'),
	(0000044151,00002027,0000001465,'Student','Y'),
	(0000044152,00002027,0000001692,'Student','Y'),
	(0000044153,00002027,0000002084,'Student','Y'),
	(0000044154,00002027,0000002126,'Student','Y'),
	(0000044155,00002058,0000001276,'Student','Y'),
	(0000044156,00002058,0000001275,'Student','Y'),
	(0000044157,00002058,0000001251,'Student','Y'),
	(0000044158,00002058,0000001163,'Student','Y'),
	(0000044159,00002058,0000001226,'Student','Y'),
	(0000044160,00002058,0000001222,'Student','Y'),
	(0000044161,00002058,0000001182,'Student','Y'),
	(0000044162,00002058,0000001166,'Student','Y'),
	(0000044163,00002058,0000001178,'Student','Y'),
	(0000044164,00002058,0000001263,'Student','Y'),
	(0000044165,00002058,0000001214,'Student','Y'),
	(0000044166,00002058,0000001204,'Student','Y'),
	(0000044167,00002058,0000001245,'Student','Y'),
	(0000044168,00002058,0000001200,'Student','Y'),
	(0000044169,00002058,0000001680,'Student','Y'),
	(0000044170,00002058,0000001193,'Student','Y'),
	(0000044171,00002058,0000001154,'Student','Y'),
	(0000044172,00002058,0000001259,'Student','Y'),
	(0000044173,00002058,0000001233,'Student','Y'),
	(0000044174,00002058,0000002109,'Student','Y'),
	(0000044175,00002058,0000002100,'Student','Y'),
	(0000044177,00002059,0000001548,'Student','Y'),
	(0000044178,00002059,0000001814,'Student','Y'),
	(0000044179,00002059,0000001254,'Student','Y'),
	(0000044180,00002059,0000001528,'Student','Y'),
	(0000044181,00002059,0000001201,'Student','Y'),
	(0000044182,00002059,0000002090,'Student','Y'),
	(0000044183,00002059,0000001157,'Student','Y'),
	(0000044184,00002059,0000001236,'Student','Y'),
	(0000044185,00002059,0000001257,'Student','Y'),
	(0000044186,00002059,0000001191,'Student','Y'),
	(0000044187,00002059,0000001160,'Student','Y'),
	(0000044188,00002059,0000001207,'Student','Y'),
	(0000044189,00002059,0000001242,'Student','Y'),
	(0000044190,00002059,0000001179,'Student','Y'),
	(0000044191,00002059,0000002120,'Student','Y'),
	(0000044192,00002059,0000002103,'Student','Y'),
	(0000044193,00002059,0000002138,'Student','Y'),
	(0000044194,00002059,0000002145,'Student','Y'),
	(0000044196,00002087,0000001019,'Student','Y'),
	(0000044197,00002087,0000000922,'Student','Y'),
	(0000044198,00002087,0000000941,'Student','Y'),
	(0000044199,00002087,0000001008,'Student','Y'),
	(0000044200,00002087,0000000910,'Student','Y'),
	(0000044201,00002087,0000000934,'Student','Y'),
	(0000044202,00002087,0000000970,'Student','Y'),
	(0000044203,00002087,0000000931,'Student','Y'),
	(0000044204,00002087,0000000913,'Student','Y'),
	(0000044205,00002087,0000000925,'Student','Y'),
	(0000044206,00002087,0000001014,'Student','Y'),
	(0000044207,00002087,0000001291,'Student','Y'),
	(0000044208,00002087,0000000905,'Student','Y'),
	(0000044209,00002087,0000001313,'Student','Y'),
	(0000044210,00002087,0000001016,'Student','Y'),
	(0000044211,00002087,0000000992,'Student','Y'),
	(0000044214,00002086,0000000876,'Student','Y'),
	(0000044215,00002086,0000000928,'Student','Y'),
	(0000044216,00002086,0000000897,'Student','Y'),
	(0000044217,00002086,0000000888,'Student','Y'),
	(0000044218,00002086,0000000944,'Student','Y'),
	(0000044219,00002086,0000000974,'Student','Y'),
	(0000044220,00002086,0000001819,'Student','Y'),
	(0000044222,00002086,0000000937,'Student','Y'),
	(0000044223,00002086,0000001022,'Student','Y'),
	(0000044224,00002086,0000000989,'Student','Y'),
	(0000044225,00002086,0000001532,'Student','Y'),
	(0000044226,00002086,0000000964,'Student','Y'),
	(0000044228,00002086,0000000947,'Student','Y'),
	(0000044229,00002086,0000001288,'Student','Y'),
	(0000044230,00002086,0000001861,'Student','Y'),
	(0000044231,00002086,0000002184,'Student','Y'),
	(0000044234,00002125,0000001322,'Student','Y'),
	(0000044235,00002125,0000000831,'Student','Y'),
	(0000044236,00002125,0000001683,'Student','Y'),
	(0000044237,00002125,0000000849,'Student','Y'),
	(0000044238,00002125,0000000681,'Student','Y'),
	(0000044239,00002125,0000000614,'Student','Y'),
	(0000044240,00002125,0000000719,'Student','Y'),
	(0000044241,00002125,0000001811,'Student','Y'),
	(0000044242,00002125,0000000649,'Student','Y'),
	(0000044243,00002125,0000000843,'Student','Y'),
	(0000044246,00002125,0000001066,'Student','Y'),
	(0000044247,00002125,0000002106,'Student','Y'),
	(0000044248,00002125,0000000678,'Student','Y'),
	(0000044249,00002125,0000000684,'Student','Y'),
	(0000044250,00002125,0000000640,'Student','Y'),
	(0000044251,00002125,0000001474,'Student','Y'),
	(0000044252,00002125,0000001086,'Student','Y'),
	(0000044253,00002125,0000000655,'Student','Y'),
	(0000044254,00002125,0000000699,'Student','Y'),
	(0000044255,00002125,0000000518,'Student','Y'),
	(0000044256,00002125,0000000673,'Student','Y'),
	(0000044257,00002125,0000000716,'Student','Y'),
	(0000044258,00002125,0000001514,'Student','Y'),
	(0000044259,00002125,0000000670,'Student','Y'),
	(0000044261,00002126,0000000649,'Student','Y'),
	(0000044262,00002126,0000000699,'Student','Y'),
	(0000044263,00002126,0000001474,'Student','Y'),
	(0000044264,00002126,0000001066,'Student','Y'),
	(0000044265,00002126,0000001322,'Student','Y'),
	(0000044266,00002126,0000001086,'Student','Y'),
	(0000044267,00002126,0000000673,'Student','Y'),
	(0000044268,00002126,0000002106,'Student','Y'),
	(0000044270,00002246,0000000649,'Student','Y'),
	(0000044271,00002246,0000001811,'Student','Y'),
	(0000044272,00002246,0000000699,'Student','Y'),
	(0000044273,00002246,0000001474,'Student','Y'),
	(0000044274,00002246,0000001066,'Student','Y'),
	(0000044275,00002246,0000001322,'Student','Y'),
	(0000044276,00002246,0000001086,'Student','Y'),
	(0000044277,00002246,0000000673,'Student','Y'),
	(0000044278,00002246,0000002106,'Student','Y'),
	(0000044279,00002246,0000000518,'Student','Y'),
	(0000044280,00002124,0000001066,'Student','Y'),
	(0000044281,00002124,0000000673,'Student','Y'),
	(0000044282,00002124,0000000699,'Student','Y'),
	(0000044283,00002124,0000001514,'Student','Y'),
	(0000044284,00002127,0000000678,'Student','Y'),
	(0000044285,00002127,0000000614,'Student','Y'),
	(0000044286,00002127,0000000843,'Student','Y'),
	(0000044287,00002127,0000000655,'Student','Y'),
	(0000044288,00002127,0000001683,'Student','Y'),
	(0000044289,00002127,0000000716,'Student','Y'),
	(0000044290,00002127,0000000681,'Student','Y'),
	(0000044291,00002127,0000001086,'Student','Y'),
	(0000044292,00002127,0000000719,'Student','Y'),
	(0000044293,00002127,0000000673,'Student','Y'),
	(0000044294,00002127,0000001514,'Student','Y'),
	(0000044295,00002251,0000000678,'Student','Y'),
	(0000044296,00002251,0000000649,'Student','Y'),
	(0000044297,00002251,0000000614,'Student','Y'),
	(0000044298,00002251,0000000640,'Student','Y'),
	(0000044299,00002251,0000000843,'Student','Y'),
	(0000044300,00002251,0000000655,'Student','Y'),
	(0000044301,00002251,0000001683,'Student','Y'),
	(0000044302,00002251,0000000716,'Student','Y'),
	(0000044303,00002251,0000000681,'Student','Y'),
	(0000044304,00002251,0000001086,'Student','Y'),
	(0000044305,00002251,0000000719,'Student','Y'),
	(0000044306,00002251,0000000673,'Student','Y'),
	(0000044307,00002251,0000001514,'Student','Y'),
	(0000044308,00002255,0000001514,'Student','Y'),
	(0000044309,00002255,0000001066,'Student','Y'),
	(0000044311,00002203,0000001937,'Student','Y'),
	(0000044312,00002203,0000001915,'Student','Y'),
	(0000044313,00002203,0000001934,'Student','Y'),
	(0000044314,00002203,0000002009,'Student','Y'),
	(0000044315,00002203,0000001992,'Student','Y'),
	(0000044316,00002203,0000001974,'Student','Y'),
	(0000044317,00002203,0000001995,'Student','Y'),
	(0000044318,00002203,0000001983,'Student','Y'),
	(0000044319,00002203,0000001870,'Student','Y'),
	(0000044320,00002203,0000001901,'Student','Y'),
	(0000044321,00002203,0000001914,'Student','Y'),
	(0000044322,00002203,0000001980,'Student','Y'),
	(0000044323,00002203,0000001925,'Student','Y'),
	(0000044324,00002203,0000001864,'Student','Y'),
	(0000044325,00002203,0000002006,'Student','Y'),
	(0000044326,00002203,0000001998,'Student','Y'),
	(0000044327,00002203,0000001878,'Student','Y'),
	(0000044328,00002203,0000001882,'Student','Y'),
	(0000044329,00002203,0000001958,'Student','Y'),
	(0000044330,00002203,0000001897,'Student','Y'),
	(0000044331,00002203,0000002113,'Student','Y'),
	(0000044332,00002203,0000002280,'Student','Y'),
	(0000044333,00002203,0000002327,'Student','Y'),
	(0000044335,00002202,0000002012,'Student','Y'),
	(0000044336,00002202,0000001891,'Student','Y'),
	(0000044337,00002202,0000001888,'Student','Y'),
	(0000044338,00002202,0000001905,'Student','Y'),
	(0000044339,00002202,0000001924,'Student','Y'),
	(0000044340,00002202,0000002056,'Student','Y'),
	(0000044341,00002202,0000001977,'Student','Y'),
	(0000044342,00002202,0000001885,'Student','Y'),
	(0000044343,00002202,0000001955,'Student','Y'),
	(0000044344,00002202,0000001986,'Student','Y'),
	(0000044345,00002202,0000002000,'Student','Y'),
	(0000044346,00002202,0000002072,'Student','Y'),
	(0000044347,00002202,0000001913,'Student','Y'),
	(0000044348,00002202,0000001898,'Student','Y'),
	(0000044349,00002202,0000002037,'Student','Y'),
	(0000044350,00002202,0000001921,'Student','Y'),
	(0000044351,00002202,0000001918,'Student','Y'),
	(0000044352,00002202,0000001964,'Student','Y'),
	(0000044353,00002202,0000001946,'Student','Y'),
	(0000044354,00002202,0000001940,'Student','Y'),
	(0000044355,00002202,0000002135,'Student','Y'),
	(0000044356,00002202,0000002141,'Student','Y'),
	(0000044357,00002202,0000002302,'Student','Y'),
	(0000044359,00002201,0000002116,'Student','Y'),
	(0000044360,00002201,0000001928,'Student','Y'),
	(0000044361,00002201,0000001894,'Student','Y'),
	(0000044362,00002201,0000001875,'Student','Y'),
	(0000044363,00002201,0000002093,'Student','Y'),
	(0000044364,00002201,0000001904,'Student','Y'),
	(0000044365,00002201,0000001989,'Student','Y'),
	(0000044366,00002201,0000002019,'Student','Y'),
	(0000044367,00002201,0000002022,'Student','Y'),
	(0000044368,00002201,0000002040,'Student','Y'),
	(0000044369,00002201,0000001911,'Student','Y'),
	(0000044370,00002201,0000001970,'Student','Y'),
	(0000044371,00002201,0000001960,'Student','Y'),
	(0000044372,00002201,0000002049,'Student','Y'),
	(0000044373,00002201,0000002029,'Student','Y'),
	(0000044374,00002201,0000001879,'Student','Y'),
	(0000044375,00002201,0000002079,'Student','Y'),
	(0000044376,00002201,0000002016,'Student','Y'),
	(0000044377,00002201,0000002076,'Student','Y'),
	(0000044378,00002201,0000002123,'Student','Y'),
	(0000044379,00002201,0000002129,'Student','Y'),
	(0000044380,00002201,0000001931,'Student','Y'),
	(0000044382,00002230,0000001593,'Student','Y'),
	(0000044383,00002230,0000001642,'Student','Y'),
	(0000044384,00002230,0000001639,'Student','Y'),
	(0000044385,00002230,0000001744,'Student','Y'),
	(0000044386,00002230,0000001686,'Student','Y'),
	(0000044387,00002230,0000001591,'Student','Y'),
	(0000044388,00002230,0000001786,'Student','Y'),
	(0000044389,00002230,0000001664,'Student','Y'),
	(0000044390,00002230,0000001597,'Student','Y'),
	(0000044391,00002230,0000001794,'Student','Y'),
	(0000044392,00002230,0000001600,'Student','Y'),
	(0000044393,00002230,0000001791,'Student','Y'),
	(0000044394,00002230,0000001730,'Student','Y'),
	(0000044395,00002230,0000001801,'Student','Y'),
	(0000044396,00002230,0000001761,'Student','Y'),
	(0000044397,00002230,0000001779,'Student','Y'),
	(0000044398,00002230,0000001721,'Student','Y'),
	(0000044399,00002230,0000002033,'Student','Y'),
	(0000044400,00002230,0000002097,'Student','Y'),
	(0000044401,00002230,0000002119,'Student','Y'),
	(0000044402,00002230,0000002309,'Student','Y'),
	(0000044403,00002229,0000001645,'Student','Y'),
	(0000044404,00002229,0000001700,'Student','Y'),
	(0000044405,00002229,0000001617,'Student','Y'),
	(0000044406,00002229,0000001735,'Student','Y'),
	(0000044407,00002229,0000001612,'Student','Y'),
	(0000044408,00002229,0000001706,'Student','Y'),
	(0000044409,00002229,0000001627,'Student','Y'),
	(0000044410,00002229,0000001615,'Student','Y'),
	(0000044411,00002229,0000001773,'Student','Y'),
	(0000044412,00002229,0000001739,'Student','Y'),
	(0000044413,00002229,0000001783,'Student','Y'),
	(0000044414,00002229,0000001677,'Student','Y'),
	(0000044415,00002229,0000001828,'Student','Y'),
	(0000044416,00002229,0000001848,'Student','Y'),
	(0000044417,00002229,0000002035,'Student','Y'),
	(0000044418,00002229,0000002066,'Student','Y'),
	(0000044419,00002229,0000002087,'Student','Y'),
	(0000044420,00002229,0000002081,'Student','Y'),
	(0000044423,00002245,0000001594,'Student','Y'),
	(0000044424,00002245,0000001858,'Student','Y'),
	(0000044425,00002245,0000001796,'Student','Y'),
	(0000044426,00002245,0000001667,'Student','Y'),
	(0000044427,00002245,0000001716,'Student','Y'),
	(0000044428,00002245,0000001753,'Student','Y'),
	(0000044429,00002245,0000001713,'Student','Y'),
	(0000044430,00002245,0000001654,'Student','Y'),
	(0000044431,00002245,0000001616,'Student','Y'),
	(0000044432,00002245,0000001609,'Student','Y'),
	(0000044433,00002245,0000001648,'Student','Y'),
	(0000044434,00002245,0000001657,'Student','Y'),
	(0000044435,00002245,0000001621,'Student','Y'),
	(0000044436,00002245,0000001628,'Student','Y'),
	(0000044437,00002245,0000001603,'Student','Y'),
	(0000044438,00002245,0000001831,'Student','Y'),
	(0000044439,00002245,0000002063,'Student','Y'),
	(0000044440,00002245,0000002313,'Student','Y'),
	(0000044442,00002031,0000001396,'Student','Y'),
	(0000044443,00002031,0000001427,'Student','Y'),
	(0000044444,00002031,0000001400,'Student','Y'),
	(0000044445,00002031,0000001477,'Student','Y'),
	(0000044446,00002031,0000001571,'Student','Y'),
	(0000044447,00002031,0000001358,'Student','Y'),
	(0000044448,00002031,0000001486,'Student','Y'),
	(0000044449,00002031,0000001440,'Student','Y'),
	(0000044450,00002031,0000001507,'Student','Y'),
	(0000044451,00002031,0000001631,'Student','Y'),
	(0000044452,00002031,0000001374,'Student','Y'),
	(0000044453,00002031,0000001483,'Student','Y'),
	(0000044454,00002031,0000001403,'Student','Y'),
	(0000044455,00002031,0000001399,'Student','Y'),
	(0000044456,00002031,0000001538,'Student','Y'),
	(0000044457,00002031,0000001393,'Student','Y'),
	(0000044458,00002031,0000001377,'Student','Y'),
	(0000044459,00002031,0000001492,'Student','Y'),
	(0000044460,00002031,0000001391,'Student','Y'),
	(0000044461,00002031,0000001710,'Student','Y'),
	(0000044462,00002031,0000001845,'Student','Y'),
	(0000044463,00002031,0000002286,'Student','Y'),
	(0000044464,00002031,0000002306,'Student','Y'),
	(0000044465,00002031,0000002316,'Student','Y'),
	(0000044466,00002030,0000002084,'Student','Y'),
	(0000044468,00002030,0000001867,'Student','Y'),
	(0000044469,00002030,0000001364,'Student','Y'),
	(0000044470,00002030,0000001378,'Student','Y'),
	(0000044471,00002030,0000001352,'Student','Y'),
	(0000044472,00002030,0000001430,'Student','Y'),
	(0000044473,00002030,0000001424,'Student','Y'),
	(0000044474,00002030,0000001535,'Student','Y'),
	(0000044475,00002030,0000001416,'Student','Y'),
	(0000044476,00002030,0000001445,'Student','Y'),
	(0000044477,00002030,0000001367,'Student','Y'),
	(0000044478,00002030,0000001520,'Student','Y'),
	(0000044479,00002030,0000001471,'Student','Y'),
	(0000044480,00002030,0000001585,'Student','Y'),
	(0000044481,00002030,0000001410,'Student','Y'),
	(0000044482,00002030,0000001382,'Student','Y'),
	(0000044483,00002030,0000001355,'Student','Y'),
	(0000044484,00002030,0000001388,'Student','Y'),
	(0000044485,00002030,0000001465,'Student','Y'),
	(0000044486,00002030,0000001692,'Student','Y'),
	(0000044487,00002030,0000002126,'Student','Y'),
	(0000044488,00002061,0000001163,'Student','Y'),
	(0000044489,00002061,0000001166,'Student','Y'),
	(0000044490,00002061,0000001178,'Student','Y'),
	(0000044491,00002061,0000001182,'Student','Y'),
	(0000044492,00002061,0000001204,'Student','Y'),
	(0000044493,00002061,0000001214,'Student','Y'),
	(0000044494,00002061,0000001222,'Student','Y'),
	(0000044495,00002061,0000001226,'Student','Y'),
	(0000044496,00002061,0000001251,'Student','Y'),
	(0000044497,00002061,0000001263,'Student','Y'),
	(0000044498,00002061,0000001275,'Student','Y'),
	(0000044499,00002061,0000001276,'Student','Y'),
	(0000044500,00002061,0000002109,'Student','Y'),
	(0000044501,00002061,0000002100,'Student','Y'),
	(0000044502,00002061,0000002145,'Student','Y'),
	(0000044503,00002060,0000001548,'Student','Y'),
	(0000044504,00002060,0000001154,'Student','Y'),
	(0000044505,00002060,0000001193,'Student','Y'),
	(0000044506,00002060,0000001200,'Student','Y'),
	(0000044507,00002060,0000001201,'Student','Y'),
	(0000044508,00002060,0000001233,'Student','Y'),
	(0000044509,00002060,0000001245,'Student','Y'),
	(0000044510,00002060,0000001254,'Student','Y'),
	(0000044511,00002060,0000001259,'Student','Y'),
	(0000044512,00002060,0000001528,'Student','Y'),
	(0000044513,00002060,0000001680,'Student','Y'),
	(0000044514,00002060,0000001814,'Student','Y'),
	(0000044515,00002060,0000002090,'Student','Y'),
	(0000044516,00002060,0000002120,'Student','Y'),
	(0000044517,00002060,0000001160,'Student','Y'),
	(0000044519,00002060,0000001157,'Student','Y'),
	(0000044520,00002060,0000001179,'Student','Y'),
	(0000044524,00002060,0000001242,'Student','Y'),
	(0000044525,00002060,0000001257,'Student','Y'),
	(0000044527,00002060,0000002138,'Student','Y'),
	(0000044529,00002204,0000001940,'Student','Y'),
	(0000044530,00002204,0000002123,'Student','Y'),
	(0000044531,00002204,0000002019,'Student','Y'),
	(0000044532,00002204,0000001882,'Student','Y'),
	(0000044533,00002204,0000001937,'Student','Y'),
	(0000044534,00002204,0000001960,'Student','Y'),
	(0000044535,00002204,0000002076,'Student','Y'),
	(0000044536,00002204,0000002006,'Student','Y'),
	(0000044537,00002204,0000001986,'Student','Y'),
	(0000044538,00002204,0000002093,'Student','Y'),
	(0000044539,00002204,0000002049,'Student','Y'),
	(0000044541,00002231,0000001858,'Student','Y'),
	(0000044542,00002231,0000001686,'Student','Y'),
	(0000044543,00002231,0000001730,'Student','Y'),
	(0000044544,00002231,0000001627,'Student','Y'),
	(0000044545,00002231,0000001831,'Student','Y'),
	(0000044546,00002231,0000002119,'Student','Y'),
	(0000044547,00002231,0000002087,'Student','Y'),
	(0000044549,00002033,0000001692,'Student','Y'),
	(0000044550,00002033,0000001710,'Student','Y'),
	(0000044551,00002033,0000001471,'Student','Y'),
	(0000044552,00002033,0000001399,'Student','Y'),
	(0000044553,00002033,0000001374,'Student','Y'),
	(0000044554,00002062,0000001193,'Student','Y'),
	(0000044555,00002062,0000001242,'Student','Y'),
	(0000044556,00002062,0000001680,'Student','Y'),
	(0000044557,00002242,0000001683,'Student','Y'),
	(0000044558,00002242,0000000699,'Student','Y'),
	(0000044562,00002130,0000000649,'Student','Y'),
	(0000044563,00002130,0000000614,'Student','Y'),
	(0000044564,00002130,0000000640,'Student','Y'),
	(0000044565,00002130,0000000843,'Student','Y'),
	(0000044566,00002130,0000001514,'Student','Y'),
	(0000044570,00002247,0000000678,'Student','Y'),
	(0000044571,00002247,0000001514,'Student','Y'),
	(0000044572,00002247,0000000649,'Student','Y'),
	(0000044573,00002247,0000000614,'Student','Y'),
	(0000044574,00002247,0000000640,'Student','Y'),
	(0000044575,00002247,0000000843,'Student','Y'),
	(0000044576,00002247,0000000681,'Student','Y'),
	(0000044577,00002247,0000001066,'Student','Y'),
	(0000044578,00002131,0000000678,'Student','Y'),
	(0000044579,00002131,0000000649,'Student','Y'),
	(0000044580,00002131,0000000614,'Student','Y'),
	(0000044581,00002131,0000000640,'Student','Y'),
	(0000044582,00002131,0000001811,'Student','Y'),
	(0000044583,00002131,0000000843,'Student','Y'),
	(0000044584,00002131,0000000655,'Student','Y'),
	(0000044585,00002131,0000000699,'Student','Y'),
	(0000044586,00002131,0000001683,'Student','Y'),
	(0000044587,00002131,0000000716,'Student','Y'),
	(0000044588,00002131,0000000670,'Student','Y'),
	(0000044589,00002131,0000001474,'Student','Y'),
	(0000044590,00002131,0000000849,'Student','Y'),
	(0000044591,00002131,0000001066,'Student','Y'),
	(0000044592,00002131,0000000681,'Student','Y'),
	(0000044593,00002131,0000001322,'Student','Y'),
	(0000044594,00002131,0000000719,'Student','Y'),
	(0000044595,00002131,0000000673,'Student','Y'),
	(0000044596,00002131,0000000684,'Student','Y'),
	(0000044597,00002131,0000000831,'Student','Y'),
	(0000044598,00002131,0000001514,'Student','Y'),
	(0000044599,00002131,0000002106,'Student','Y'),
	(0000044600,00002131,0000000518,'Student','Y'),
	(0000044601,00002206,0000001937,'Student','Y'),
	(0000044603,00002206,0000001915,'Student','Y'),
	(0000044604,00002206,0000001934,'Student','Y'),
	(0000044605,00002206,0000002113,'Student','Y'),
	(0000044606,00002206,0000002009,'Student','Y'),
	(0000044607,00002206,0000001992,'Student','Y'),
	(0000044608,00002206,0000001974,'Student','Y'),
	(0000044609,00002206,0000001995,'Student','Y'),
	(0000044610,00002206,0000001983,'Student','Y'),
	(0000044611,00002206,0000001870,'Student','Y'),
	(0000044612,00002206,0000001901,'Student','Y'),
	(0000044613,00002206,0000001914,'Student','Y'),
	(0000044614,00002206,0000001980,'Student','Y'),
	(0000044615,00002206,0000001925,'Student','Y'),
	(0000044616,00002206,0000001864,'Student','Y'),
	(0000044617,00002206,0000002006,'Student','Y'),
	(0000044618,00002206,0000001998,'Student','Y'),
	(0000044619,00002206,0000001878,'Student','Y'),
	(0000044620,00002206,0000001882,'Student','Y'),
	(0000044621,00002206,0000001958,'Student','Y'),
	(0000044622,00002206,0000001897,'Student','Y'),
	(0000044623,00002206,0000002280,'Student','Y'),
	(0000044624,00002206,0000002327,'Student','Y'),
	(0000044626,00002207,0000002012,'Student','Y'),
	(0000044627,00002207,0000001891,'Student','Y'),
	(0000044628,00002207,0000001888,'Student','Y'),
	(0000044629,00002207,0000001905,'Student','Y'),
	(0000044630,00002207,0000001924,'Student','Y'),
	(0000044631,00002207,0000002056,'Student','Y'),
	(0000044632,00002207,0000001977,'Student','Y'),
	(0000044633,00002207,0000001885,'Student','Y'),
	(0000044634,00002207,0000001955,'Student','Y'),
	(0000044635,00002207,0000001986,'Student','Y'),
	(0000044636,00002207,0000002000,'Student','Y'),
	(0000044637,00002207,0000002072,'Student','Y'),
	(0000044638,00002207,0000001913,'Student','Y'),
	(0000044639,00002207,0000001898,'Student','Y'),
	(0000044640,00002207,0000002037,'Student','Y'),
	(0000044641,00002207,0000001921,'Student','Y'),
	(0000044642,00002207,0000001918,'Student','Y'),
	(0000044643,00002207,0000001964,'Student','Y'),
	(0000044644,00002207,0000001946,'Student','Y'),
	(0000044645,00002207,0000001940,'Student','Y'),
	(0000044646,00002207,0000002135,'Student','Y'),
	(0000044647,00002207,0000002141,'Student','Y'),
	(0000044648,00002207,0000002302,'Student','Y'),
	(0000044651,00002205,0000002116,'Student','Y'),
	(0000044652,00002205,0000001928,'Student','Y'),
	(0000044653,00002205,0000002129,'Student','Y'),
	(0000044654,00002205,0000001894,'Student','Y'),
	(0000044655,00002205,0000001875,'Student','Y'),
	(0000044656,00002205,0000002123,'Student','Y'),
	(0000044657,00002205,0000002093,'Student','Y'),
	(0000044658,00002205,0000001904,'Student','Y'),
	(0000044659,00002205,0000001989,'Student','Y'),
	(0000044660,00002205,0000002019,'Student','Y'),
	(0000044661,00002205,0000002022,'Student','Y'),
	(0000044662,00002205,0000002040,'Student','Y'),
	(0000044663,00002205,0000001911,'Student','Y'),
	(0000044664,00002205,0000001970,'Student','Y'),
	(0000044665,00002205,0000001960,'Student','Y'),
	(0000044666,00002205,0000002049,'Student','Y'),
	(0000044667,00002205,0000002029,'Student','Y'),
	(0000044668,00002205,0000001879,'Student','Y'),
	(0000044669,00002205,0000002079,'Student','Y'),
	(0000044670,00002205,0000002016,'Student','Y'),
	(0000044671,00002205,0000002076,'Student','Y'),
	(0000044672,00002205,0000001931,'Student','Y'),
	(0000044674,00002233,0000001593,'Student','Y'),
	(0000044675,00002233,0000001642,'Student','Y'),
	(0000044676,00002233,0000001721,'Student','Y'),
	(0000044677,00002233,0000001686,'Student','Y'),
	(0000044678,00002233,0000001591,'Student','Y'),
	(0000044679,00002233,0000001786,'Student','Y'),
	(0000044680,00002233,0000001664,'Student','Y'),
	(0000044681,00002233,0000001597,'Student','Y'),
	(0000044682,00002233,0000002033,'Student','Y'),
	(0000044683,00002233,0000001794,'Student','Y'),
	(0000044684,00002233,0000001600,'Student','Y'),
	(0000044685,00002233,0000001791,'Student','Y'),
	(0000044686,00002233,0000002119,'Student','Y'),
	(0000044687,00002233,0000001801,'Student','Y'),
	(0000044688,00002233,0000001761,'Student','Y'),
	(0000044689,00002233,0000002097,'Student','Y'),
	(0000044690,00002233,0000001779,'Student','Y'),
	(0000044691,00002233,0000001639,'Student','Y'),
	(0000044692,00002233,0000001744,'Student','Y'),
	(0000044693,00002233,0000001730,'Student','Y'),
	(0000044694,00002233,0000002309,'Student','Y'),
	(0000044696,00002232,0000001645,'Student','Y'),
	(0000044697,00002232,0000002081,'Student','Y'),
	(0000044698,00002232,0000001848,'Student','Y'),
	(0000044699,00002232,0000002035,'Student','Y'),
	(0000044700,00002232,0000001700,'Student','Y'),
	(0000044701,00002232,0000001617,'Student','Y'),
	(0000044702,00002232,0000001735,'Student','Y'),
	(0000044703,00002232,0000001612,'Student','Y'),
	(0000044704,00002232,0000001706,'Student','Y'),
	(0000044705,00002232,0000002087,'Student','Y'),
	(0000044706,00002232,0000001627,'Student','Y'),
	(0000044707,00002232,0000001615,'Student','Y'),
	(0000044708,00002232,0000001773,'Student','Y'),
	(0000044709,00002232,0000001739,'Student','Y'),
	(0000044710,00002232,0000001783,'Student','Y'),
	(0000044711,00002232,0000002066,'Student','Y'),
	(0000044712,00002232,0000001828,'Student','Y'),
	(0000044713,00002232,0000001677,'Student','Y'),
	(0000044714,00002252,0000001716,'Student','Y'),
	(0000044715,00002252,0000002063,'Student','Y'),
	(0000044716,00002252,0000001753,'Student','Y'),
	(0000044717,00002252,0000001713,'Student','Y'),
	(0000044718,00002252,0000001654,'Student','Y'),
	(0000044719,00002252,0000001858,'Student','Y'),
	(0000044720,00002252,0000001831,'Student','Y'),
	(0000044721,00002252,0000001796,'Student','Y'),
	(0000044722,00002252,0000001667,'Student','Y'),
	(0000044723,00002252,0000001616,'Student','Y'),
	(0000044724,00002252,0000001609,'Student','Y'),
	(0000044725,00002252,0000001657,'Student','Y'),
	(0000044726,00002252,0000001621,'Student','Y'),
	(0000044727,00002252,0000001628,'Student','Y'),
	(0000044728,00002252,0000001603,'Student','Y'),
	(0000044729,00002252,0000001594,'Student','Y'),
	(0000044731,00002252,0000001648,'Student','Y'),
	(0000044732,00002252,0000002313,'Student','Y'),
	(0000044734,00002036,0000001396,'Student','Y'),
	(0000044735,00002036,0000001538,'Student','Y'),
	(0000044736,00002036,0000001571,'Student','Y'),
	(0000044737,00002036,0000001358,'Student','Y'),
	(0000044738,00002036,0000001486,'Student','Y'),
	(0000044739,00002036,0000001427,'Student','Y'),
	(0000044740,00002036,0000001393,'Student','Y'),
	(0000044741,00002036,0000001399,'Student','Y'),
	(0000044742,00002036,0000001845,'Student','Y'),
	(0000044743,00002036,0000001400,'Student','Y'),
	(0000044744,00002036,0000001440,'Student','Y'),
	(0000044745,00002036,0000001492,'Student','Y'),
	(0000044746,00002036,0000001483,'Student','Y'),
	(0000044747,00002036,0000001391,'Student','Y'),
	(0000044748,00002036,0000001477,'Student','Y'),
	(0000044749,00002036,0000001377,'Student','Y'),
	(0000044750,00002036,0000001507,'Student','Y'),
	(0000044751,00002036,0000001631,'Student','Y'),
	(0000044752,00002036,0000001374,'Student','Y'),
	(0000044753,00002036,0000001710,'Student','Y'),
	(0000044754,00002036,0000001403,'Student','Y'),
	(0000044755,00002036,0000002286,'Student','Y'),
	(0000044756,00002036,0000002306,'Student','Y'),
	(0000044757,00002036,0000002316,'Student','Y'),
	(0000044758,00002035,0000001867,'Student','Y'),
	(0000044760,00002035,0000001424,'Student','Y'),
	(0000044761,00002035,0000001520,'Student','Y'),
	(0000044762,00002035,0000001471,'Student','Y'),
	(0000044763,00002035,0000001382,'Student','Y'),
	(0000044764,00002035,0000001352,'Student','Y'),
	(0000044765,00002035,0000001445,'Student','Y'),
	(0000044766,00002035,0000001430,'Student','Y'),
	(0000044767,00002035,0000001367,'Student','Y'),
	(0000044768,00002035,0000001355,'Student','Y'),
	(0000044769,00002035,0000002126,'Student','Y'),
	(0000044770,00002035,0000001585,'Student','Y'),
	(0000044771,00002035,0000001535,'Student','Y'),
	(0000044772,00002035,0000001388,'Student','Y'),
	(0000044773,00002035,0000001465,'Student','Y'),
	(0000044774,00002035,0000001410,'Student','Y'),
	(0000044775,00002035,0000001692,'Student','Y'),
	(0000044776,00002035,0000001378,'Student','Y'),
	(0000044777,00002035,0000001364,'Student','Y'),
	(0000044778,00002035,0000001416,'Student','Y'),
	(0000044779,00002035,0000002084,'Student','Y'),
	(0000044781,00002064,0000001275,'Student','Y'),
	(0000044782,00002064,0000002100,'Student','Y'),
	(0000044783,00002064,0000001251,'Student','Y'),
	(0000044784,00002064,0000001163,'Student','Y'),
	(0000044785,00002064,0000001226,'Student','Y'),
	(0000044786,00002064,0000001222,'Student','Y'),
	(0000044787,00002064,0000001166,'Student','Y'),
	(0000044788,00002064,0000001178,'Student','Y'),
	(0000044789,00002064,0000001263,'Student','Y'),
	(0000044790,00002064,0000002109,'Student','Y'),
	(0000044791,00002064,0000001214,'Student','Y'),
	(0000044792,00002064,0000001204,'Student','Y'),
	(0000044793,00002064,0000002145,'Student','Y'),
	(0000044794,00002064,0000001276,'Student','Y'),
	(0000044795,00002064,0000001182,'Student','Y'),
	(0000044797,00002063,0000001245,'Student','Y'),
	(0000044798,00002063,0000002120,'Student','Y'),
	(0000044799,00002063,0000001200,'Student','Y'),
	(0000044800,00002063,0000001680,'Student','Y'),
	(0000044801,00002063,0000001193,'Student','Y'),
	(0000044802,00002063,0000001259,'Student','Y'),
	(0000044803,00002063,0000001233,'Student','Y'),
	(0000044804,00002063,0000001548,'Student','Y'),
	(0000044805,00002063,0000001814,'Student','Y'),
	(0000044806,00002063,0000001254,'Student','Y'),
	(0000044807,00002063,0000001528,'Student','Y'),
	(0000044808,00002063,0000001201,'Student','Y'),
	(0000044809,00002063,0000002090,'Student','Y'),
	(0000044810,00002063,0000001154,'Student','Y'),
	(0000044812,00002256,0000001157,'Student','Y'),
	(0000044813,00002256,0000001236,'Student','Y'),
	(0000044814,00002256,0000001257,'Student','Y'),
	(0000044815,00002256,0000001191,'Student','Y'),
	(0000044816,00002256,0000001207,'Student','Y'),
	(0000044817,00002256,0000001242,'Student','Y'),
	(0000044818,00002256,0000002103,'Student','Y'),
	(0000044819,00002256,0000001179,'Student','Y'),
	(0000044820,00002256,0000002138,'Student','Y'),
	(0000044821,00002256,0000001160,'Student','Y'),
	(0000044822,00002100,0000000992,'Student','Y'),
	(0000044824,00002100,0000001291,'Student','Y'),
	(0000044825,00002100,0000001016,'Student','Y'),
	(0000044826,00002100,0000001019,'Student','Y'),
	(0000044827,00002100,0000000905,'Student','Y'),
	(0000044828,00002100,0000001008,'Student','Y'),
	(0000044829,00002100,0000000910,'Student','Y'),
	(0000044830,00002100,0000000913,'Student','Y'),
	(0000044831,00002100,0000001313,'Student','Y'),
	(0000044832,00002100,0000000922,'Student','Y'),
	(0000044833,00002100,0000000925,'Student','Y'),
	(0000044834,00002100,0000000931,'Student','Y'),
	(0000044835,00002100,0000000934,'Student','Y'),
	(0000044836,00002100,0000000941,'Student','Y'),
	(0000044837,00002100,0000001014,'Student','Y'),
	(0000044838,00002100,0000000970,'Student','Y'),
	(0000044840,00002099,0000000876,'Student','Y'),
	(0000044841,00002099,0000000974,'Student','Y'),
	(0000044842,00002099,0000000897,'Student','Y'),
	(0000044843,00002099,0000001022,'Student','Y'),
	(0000044845,00002099,0000001861,'Student','Y'),
	(0000044846,00002099,0000001288,'Student','Y'),
	(0000044847,00002099,0000000928,'Student','Y'),
	(0000044848,00002099,0000001532,'Student','Y'),
	(0000044850,00002099,0000000937,'Student','Y'),
	(0000044851,00002099,0000000989,'Student','Y'),
	(0000044852,00002099,0000000947,'Student','Y'),
	(0000044853,00002099,0000000944,'Student','Y'),
	(0000044854,00002099,0000000964,'Student','Y'),
	(0000044855,00002099,0000002184,'Student','Y'),
	(0000044856,00002099,0000000888,'Student','Y'),
	(0000044857,00002099,0000001819,'Student','Y'),
	(0000044859,00002132,0000001322,'Student','Y'),
	(0000044860,00002132,0000000831,'Student','Y'),
	(0000044861,00002132,0000001683,'Student','Y'),
	(0000044862,00002132,0000000849,'Student','Y'),
	(0000044863,00002132,0000000681,'Student','Y'),
	(0000044864,00002132,0000000614,'Student','Y'),
	(0000044865,00002132,0000000719,'Student','Y'),
	(0000044866,00002132,0000001811,'Student','Y'),
	(0000044867,00002132,0000000649,'Student','Y'),
	(0000044868,00002132,0000000843,'Student','Y'),
	(0000044869,00002132,0000001066,'Student','Y'),
	(0000044870,00002133,0000000684,'Student','Y'),
	(0000044871,00002134,0000000655,'Student','Y'),
	(0000044872,00002134,0000001322,'Student','Y'),
	(0000044873,00002134,0000000684,'Student','Y'),
	(0000044874,00002046,0000002120,'Student','Y'),
	(0000044875,00002046,0000001680,'Student','Y'),
	(0000044876,00002046,0000001160,'Student','Y'),
	(0000044877,00002046,0000001814,'Student','Y'),
	(0000044878,00002046,0000002090,'Student','Y'),
	(0000044879,00002247,0000000375,'Teacher','Y'),
	(0000044880,00002130,0000000375,'Teacher','Y'),
	(0000044881,00002096,0000000614,'Student','Y'),
	(0000044882,00002096,0000000640,'Student','Y'),
	(0000044883,00002096,0000000649,'Student','Y'),
	(0000044884,00002096,0000001514,'Student','Y'),
	(0000044885,00002096,0000000843,'Student','Y'),
	(0000044886,00002097,0000000678,'Student','Y'),
	(0000044887,00002097,0000001066,'Student','Y'),
	(0000044888,00002097,0000000681,'Student','Y'),
	(0000044889,00002097,0000000614,'Student','Y'),
	(0000044890,00002097,0000000640,'Student','Y'),
	(0000044891,00002097,0000000649,'Student','Y'),
	(0000044892,00002097,0000001514,'Student','Y'),
	(0000044893,00002097,0000000843,'Student','Y'),
	(0000044916,00002179,0000001928,'Student','Y'),
	(0000044917,00002179,0000002129,'Student','Y'),
	(0000044918,00002179,0000001894,'Student','Y'),
	(0000044919,00002179,0000001875,'Student','Y'),
	(0000044920,00002179,0000002123,'Student','Y'),
	(0000044921,00002179,0000002093,'Student','Y'),
	(0000044922,00002179,0000001904,'Student','Y'),
	(0000044923,00002179,0000002019,'Student','Y'),
	(0000044924,00002179,0000002022,'Student','Y'),
	(0000044925,00002179,0000001931,'Student','Y'),
	(0000044926,00002179,0000002040,'Student','Y'),
	(0000044927,00002179,0000001911,'Student','Y'),
	(0000044928,00002179,0000001970,'Student','Y'),
	(0000044929,00002179,0000001960,'Student','Y'),
	(0000044930,00002179,0000002049,'Student','Y'),
	(0000044931,00002179,0000002029,'Student','Y'),
	(0000044932,00002179,0000001879,'Student','Y'),
	(0000044933,00002179,0000002116,'Student','Y'),
	(0000044934,00002179,0000002079,'Student','Y'),
	(0000044935,00002179,0000002016,'Student','Y'),
	(0000044936,00002179,0000002076,'Student','Y'),
	(0000044937,00002179,0000001989,'Student','Y'),
	(0000044938,00002215,0000001753,'Student','Y'),
	(0000044939,00002215,0000001642,'Student','Y'),
	(0000044940,00002215,0000001654,'Student','Y'),
	(0000044941,00002215,0000001621,'Student','Y'),
	(0000044942,00002215,0000001628,'Student','Y'),
	(0000044943,00002215,0000001686,'Student','Y'),
	(0000044944,00002215,0000001593,'Student','Y'),
	(0000044945,00002215,0000002063,'Student','Y'),
	(0000044946,00002215,0000001252,'Student','Y'),
	(0000044947,00002215,0000001706,'Student','Y'),
	(0000044948,00002215,0000001773,'Student','Y'),
	(0000044949,00002215,0000001591,'Student','Y'),
	(0000044950,00002215,0000001831,'Student','Y'),
	(0000044951,00002215,0000001616,'Student','Y'),
	(0000044952,00002215,0000001612,'Student','Y'),
	(0000044953,00002215,0000001735,'Student','Y'),
	(0000044954,00002215,0000002309,'Student','Y'),
	(0000044955,00002215,0000001848,'Student','Y'),
	(0000044956,00002215,0000001796,'Student','Y'),
	(0000044957,00002215,0000001828,'Student','Y'),
	(0000044958,00002215,0000001657,'Student','Y'),
	(0000044959,00002226,0000001721,'Student','Y'),
	(0000044960,00002226,0000002087,'Student','Y'),
	(0000044961,00002226,0000001627,'Student','Y'),
	(0000044962,00002226,0000001700,'Student','Y'),
	(0000044963,00002226,0000001603,'Student','Y'),
	(0000044964,00002226,0000001716,'Student','Y'),
	(0000044965,00002226,0000002081,'Student','Y'),
	(0000044966,00002226,0000001713,'Student','Y'),
	(0000044967,00002226,0000001677,'Student','Y'),
	(0000044968,00002226,0000002066,'Student','Y'),
	(0000044969,00002208,0000001648,'Student','Y'),
	(0000044970,00002208,0000001791,'Student','Y'),
	(0000044971,00002208,0000001858,'Student','Y'),
	(0000044972,00002208,0000001744,'Student','Y'),
	(0000044973,00002208,0000001639,'Student','Y'),
	(0000044974,00002208,0000001617,'Student','Y'),
	(0000044975,00002208,0000002035,'Student','Y'),
	(0000044976,00002208,0000001794,'Student','Y'),
	(0000044977,00002208,0000001801,'Student','Y'),
	(0000044978,00002208,0000001597,'Student','Y'),
	(0000044979,00002208,0000001730,'Student','Y'),
	(0000044980,00002208,0000002119,'Student','Y'),
	(0000044981,00002208,0000001779,'Student','Y'),
	(0000044982,00002208,0000002033,'Student','Y'),
	(0000044983,00002239,0000001716,'Student','Y'),
	(0000044984,00002239,0000002063,'Student','Y'),
	(0000044985,00002239,0000001753,'Student','Y'),
	(0000044986,00002239,0000002313,'Student','Y'),
	(0000044987,00002239,0000001713,'Student','Y'),
	(0000044988,00002239,0000001654,'Student','Y'),
	(0000044989,00002239,0000001858,'Student','Y'),
	(0000044990,00002239,0000001831,'Student','Y'),
	(0000044991,00002239,0000001796,'Student','Y'),
	(0000044992,00002239,0000001667,'Student','Y'),
	(0000044993,00002239,0000001616,'Student','Y'),
	(0000044994,00002239,0000001609,'Student','Y'),
	(0000044995,00002239,0000001648,'Student','Y'),
	(0000044996,00002239,0000001657,'Student','Y'),
	(0000044997,00002239,0000001621,'Student','Y'),
	(0000044998,00002239,0000001628,'Student','Y'),
	(0000044999,00002239,0000001603,'Student','Y'),
	(0000045000,00002239,0000001252,'Student','Y'),
	(0000045001,00002024,0000001710,'Student','Y'),
	(0000045002,00002023,0000001358,'Student','Y'),
	(0000045003,00002055,0000001276,'Student','Y'),
	(0000045004,00002055,0000001157,'Student','Y'),
	(0000045005,00002055,0000001275,'Student','Y'),
	(0000045006,00002055,0000001251,'Student','Y'),
	(0000045007,00002055,0000001236,'Student','Y'),
	(0000045008,00002055,0000001259,'Student','Y'),
	(0000045009,00002055,0000001233,'Student','Y'),
	(0000045010,00002055,0000001222,'Student','Y'),
	(0000045011,00002055,0000001814,'Student','Y'),
	(0000045012,00002055,0000001166,'Student','Y'),
	(0000045013,00002055,0000001242,'Student','Y'),
	(0000045014,00002055,0000001201,'Student','Y'),
	(0000045015,00002055,0000002103,'Student','Y'),
	(0000045016,00002053,0000002100,'Student','Y'),
	(0000045017,00002053,0000002120,'Student','Y'),
	(0000045018,00002053,0000001191,'Student','Y'),
	(0000045019,00002053,0000001193,'Student','Y'),
	(0000045020,00002053,0000002138,'Student','Y'),
	(0000045021,00002053,0000001548,'Student','Y'),
	(0000045022,00002053,0000001254,'Student','Y'),
	(0000045023,00002053,0000002145,'Student','Y'),
	(0000045024,00002053,0000001178,'Student','Y'),
	(0000045025,00002053,0000001528,'Student','Y'),
	(0000045026,00002053,0000002109,'Student','Y'),
	(0000045027,00002054,0000001245,'Student','Y'),
	(0000045028,00002054,0000001200,'Student','Y'),
	(0000045029,00002054,0000001257,'Student','Y'),
	(0000045030,00002054,0000001163,'Student','Y'),
	(0000045031,00002054,0000001680,'Student','Y'),
	(0000045032,00002054,0000001226,'Student','Y'),
	(0000045033,00002054,0000001154,'Student','Y'),
	(0000045034,00002054,0000001160,'Student','Y'),
	(0000045035,00002054,0000001207,'Student','Y'),
	(0000045036,00002054,0000001182,'Student','Y'),
	(0000045037,00002054,0000001263,'Student','Y'),
	(0000045038,00002054,0000002090,'Student','Y'),
	(0000045039,00002054,0000001214,'Student','Y'),
	(0000045040,00002054,0000001204,'Student','Y'),
	(0000045041,00002054,0000001179,'Student','Y'),
	(0000045042,00002005,0000001364,'Student','Y'),
	(0000045043,00002005,0000001710,'Student','Y'),
	(0000045044,00002005,0000001477,'Student','Y'),
	(0000045045,00002005,0000001403,'Student','Y'),
	(0000045046,00002005,0000001355,'Student','Y'),
	(0000045047,00002010,0000001427,'Student','Y'),
	(0000045048,00002010,0000001692,'Student','Y'),
	(0000045049,00002010,0000001430,'Student','Y'),
	(0000045050,00002010,0000001845,'Student','Y'),
	(0000045051,00002010,0000002084,'Student','Y'),
	(0000045052,00002010,0000001416,'Student','Y'),
	(0000045053,00002010,0000001445,'Student','Y'),
	(0000045054,00002010,0000001486,'Student','Y'),
	(0000045055,00002010,0000001367,'Student','Y'),
	(0000045056,00002010,0000001440,'Student','Y'),
	(0000045057,00002010,0000001507,'Student','Y'),
	(0000045058,00002010,0000001520,'Student','Y'),
	(0000045059,00002010,0000001399,'Student','Y'),
	(0000045060,00002010,0000001410,'Student','Y'),
	(0000045061,00002010,0000001538,'Student','Y'),
	(0000045062,00002010,0000001393,'Student','Y'),
	(0000045063,00002010,0000001377,'Student','Y'),
	(0000045064,00002010,0000001492,'Student','Y'),
	(0000045065,00002010,0000001465,'Student','Y'),
	(0000045066,00002010,0000001585,'Student','Y'),
	(0000045067,00002011,0000001364,'Student','Y'),
	(0000045068,00002011,0000001424,'Student','Y'),
	(0000045069,00002011,0000002084,'Student','Y'),
	(0000045070,00002011,0000001710,'Student','Y'),
	(0000045071,00002011,0000001396,'Student','Y'),
	(0000045072,00002011,0000001358,'Student','Y'),
	(0000045073,00002011,0000001440,'Student','Y'),
	(0000045074,00002011,0000001507,'Student','Y'),
	(0000045075,00002011,0000001374,'Student','Y'),
	(0000045076,00002011,0000001403,'Student','Y'),
	(0000045077,00002011,0000001538,'Student','Y'),
	(0000045078,00002011,0000001393,'Student','Y'),
	(0000045079,00002011,0000001355,'Student','Y'),
	(0000045080,00002011,0000001492,'Student','Y'),
	(0000045081,00002011,0000001465,'Student','Y'),
	(0000045082,00002011,0000001585,'Student','Y'),
	(0000045083,00002018,0000001352,'Student','Y'),
	(0000045085,00002018,0000001430,'Student','Y'),
	(0000045086,00002018,0000001845,'Student','Y'),
	(0000045087,00002018,0000001477,'Student','Y'),
	(0000045088,00002018,0000001571,'Student','Y'),
	(0000045089,00002018,0000001486,'Student','Y'),
	(0000045090,00002018,0000001367,'Student','Y'),
	(0000045091,00002018,0000001520,'Student','Y'),
	(0000045092,00002018,0000001471,'Student','Y'),
	(0000045093,00002018,0000001410,'Student','Y'),
	(0000045094,00002018,0000001391,'Student','Y'),
	(0000045095,00002018,0000001377,'Student','Y'),
	(0000045096,00002019,0000001427,'Student','Y'),
	(0000045097,00002019,0000001416,'Student','Y'),
	(0000045098,00002019,0000001400,'Student','Y'),
	(0000045099,00002019,0000001445,'Student','Y'),
	(0000045100,00002019,0000001399,'Student','Y'),
	(0000045101,00002019,0000001483,'Student','Y'),
	(0000045102,00002019,0000001388,'Student','Y'),
	(0000045103,00002026,0000001352,'Student','Y'),
	(0000045104,00002026,0000001424,'Student','Y'),
	(0000045105,00002026,0000001400,'Student','Y'),
	(0000045106,00002026,0000001571,'Student','Y'),
	(0000045107,00002026,0000001396,'Student','Y'),
	(0000045108,00002026,0000001358,'Student','Y'),
	(0000045109,00002026,0000001374,'Student','Y'),
	(0000045110,00002026,0000001471,'Student','Y'),
	(0000045111,00002026,0000001391,'Student','Y'),
	(0000045112,00002026,0000001483,'Student','Y'),
	(0000045113,00002026,0000001388,'Student','Y'),
	(0000045114,00002065,0000000928,'Student','Y'),
	(0000045115,00002065,0000001532,'Student','Y'),
	(0000045116,00002065,0000000922,'Student','Y'),
	(0000045117,00002065,0000000897,'Student','Y'),
	(0000045118,00002065,0000000913,'Student','Y'),
	(0000045119,00002065,0000000937,'Student','Y'),
	(0000045120,00002066,0000000928,'Student','Y'),
	(0000045121,00002066,0000001532,'Student','Y'),
	(0000045122,00002066,0000000922,'Student','Y'),
	(0000045123,00002066,0000000925,'Student','Y'),
	(0000045125,00002066,0000000970,'Student','Y'),
	(0000045126,00002066,0000000897,'Student','Y'),
	(0000045129,00002066,0000000913,'Student','Y'),
	(0000045130,00002066,0000000934,'Student','Y'),
	(0000045131,00002066,0000000937,'Student','Y'),
	(0000045132,00002068,0000000905,'Student','Y'),
	(0000045133,00002068,0000000928,'Student','Y'),
	(0000045134,00002068,0000001291,'Student','Y'),
	(0000045135,00002068,0000000989,'Student','Y'),
	(0000045136,00002068,0000000925,'Student','Y'),
	(0000045137,00002069,0000000905,'Student','Y'),
	(0000045138,00002069,0000000928,'Student','Y'),
	(0000045139,00002069,0000000931,'Student','Y'),
	(0000045140,00002069,0000001291,'Student','Y'),
	(0000045141,00002069,0000000989,'Student','Y'),
	(0000045142,00002069,0000001022,'Student','Y'),
	(0000045143,00002069,0000000925,'Student','Y'),
	(0000045145,00002069,0000001288,'Student','Y'),
	(0000045146,00002069,0000000913,'Student','Y'),
	(0000045147,00002070,0000001016,'Student','Y'),
	(0000045148,00002070,0000001019,'Student','Y'),
	(0000045150,00002070,0000000934,'Student','Y'),
	(0000045151,00002070,0000001008,'Student','Y'),
	(0000045152,00002071,0000000905,'Student','Y'),
	(0000045153,00002071,0000000928,'Student','Y'),
	(0000045154,00002071,0000000931,'Student','Y'),
	(0000045155,00002071,0000001532,'Student','Y'),
	(0000045156,00002071,0000001861,'Student','Y'),
	(0000045157,00002071,0000001861,'Student','Y'),
	(0000045158,00002071,0000000876,'Student','Y'),
	(0000045159,00002071,0000000922,'Student','Y'),
	(0000045160,00002071,0000000925,'Student','Y'),
	(0000045162,00002071,0000000964,'Student','Y'),
	(0000045164,00002071,0000000970,'Student','Y'),
	(0000045165,00002071,0000000897,'Student','Y'),
	(0000045166,00002071,0000000913,'Student','Y'),
	(0000045167,00002071,0000000937,'Student','Y'),
	(0000045168,00002073,0000000905,'Student','Y'),
	(0000045169,00002073,0000000931,'Student','Y'),
	(0000045170,00002073,0000001291,'Student','Y'),
	(0000045171,00002073,0000001861,'Student','Y'),
	(0000045172,00002073,0000001016,'Student','Y'),
	(0000045173,00002073,0000001022,'Student','Y'),
	(0000045174,00002073,0000000964,'Student','Y'),
	(0000045176,00002073,0000000992,'Student','Y'),
	(0000045177,00002074,0000000905,'Student','Y'),
	(0000045178,00002074,0000000931,'Student','Y'),
	(0000045179,00002074,0000001291,'Student','Y'),
	(0000045180,00002074,0000001861,'Student','Y'),
	(0000045181,00002074,0000001016,'Student','Y'),
	(0000045182,00002074,0000001022,'Student','Y'),
	(0000045183,00002074,0000000964,'Student','Y'),
	(0000045185,00002074,0000001288,'Student','Y'),
	(0000045186,00002074,0000000992,'Student','Y'),
	(0000045187,00002074,0000001008,'Student','Y'),
	(0000045188,00002076,0000001532,'Student','Y'),
	(0000045189,00002076,0000001861,'Student','Y'),
	(0000045190,00002076,0000000876,'Student','Y'),
	(0000045191,00002076,0000000922,'Student','Y'),
	(0000045193,00002076,0000000964,'Student','Y'),
	(0000045195,00002076,0000000970,'Student','Y'),
	(0000045196,00002076,0000000897,'Student','Y'),
	(0000045198,00002076,0000000992,'Student','Y'),
	(0000045199,00002076,0000000913,'Student','Y'),
	(0000045200,00002076,0000000937,'Student','Y'),
	(0000045201,00002078,0000000905,'Student','Y'),
	(0000045202,00002078,0000000928,'Student','Y'),
	(0000045203,00002078,0000000931,'Student','Y'),
	(0000045204,00002078,0000001291,'Student','Y'),
	(0000045205,00002078,0000000989,'Student','Y'),
	(0000045206,00002078,0000001016,'Student','Y'),
	(0000045207,00002078,0000001022,'Student','Y'),
	(0000045208,00002078,0000000925,'Student','Y'),
	(0000045210,00002078,0000001019,'Student','Y'),
	(0000045212,00002078,0000000934,'Student','Y'),
	(0000045213,00002078,0000001008,'Student','Y'),
	(0000045214,00002079,0000001532,'Student','Y'),
	(0000045215,00002079,0000000989,'Student','Y'),
	(0000045216,00002079,0000000876,'Student','Y'),
	(0000045217,00002079,0000001016,'Student','Y'),
	(0000045218,00002079,0000000922,'Student','Y'),
	(0000045219,00002079,0000000964,'Student','Y'),
	(0000045221,00002079,0000000897,'Student','Y'),
	(0000045222,00002079,0000000992,'Student','Y'),
	(0000045223,00002079,0000001019,'Student','Y'),
	(0000045224,00002079,0000001008,'Student','Y'),
	(0000045225,00002079,0000000937,'Student','Y'),
	(0000045228,00002118,0000001008,'Student','Y'),
	(0000045231,00002248,0000001019,'Student','Y'),
	(0000045232,00002248,0000001008,'Student','Y'),
	(0000045234,00002240,0000000970,'Student','Y'),
	(0000045237,00002120,0000000970,'Student','Y'),
	(0000045239,00002082,0000000905,'Student','Y'),
	(0000045240,00002082,0000000931,'Student','Y'),
	(0000045241,00002082,0000000989,'Student','Y'),
	(0000045242,00002082,0000001016,'Student','Y'),
	(0000045243,00002082,0000001022,'Student','Y'),
	(0000045244,00002082,0000000925,'Student','Y'),
	(0000045246,00002082,0000001019,'Student','Y'),
	(0000045247,00002082,0000001008,'Student','Y'),
	(0000045248,00002083,0000000928,'Student','Y'),
	(0000045249,00002083,0000001291,'Student','Y'),
	(0000045250,00002083,0000001532,'Student','Y'),
	(0000045251,00002083,0000001861,'Student','Y'),
	(0000045252,00002083,0000000922,'Student','Y'),
	(0000045254,00002083,0000000970,'Student','Y'),
	(0000045255,00002083,0000000897,'Student','Y'),
	(0000045257,00002083,0000000992,'Student','Y'),
	(0000045259,00002083,0000000913,'Student','Y'),
	(0000045260,00002083,0000000937,'Student','Y'),
	(0000045261,00002084,0000000876,'Student','Y'),
	(0000045262,00002084,0000000964,'Student','Y'),
	(0000045264,00002084,0000001288,'Student','Y'),
	(0000045265,00002084,0000000934,'Student','Y'),
	(0000045266,00002088,0000000931,'Student','Y'),
	(0000045267,00002088,0000001861,'Student','Y'),
	(0000045268,00002088,0000000989,'Student','Y'),
	(0000045269,00002088,0000001022,'Student','Y'),
	(0000045270,00002088,0000001019,'Student','Y'),
	(0000045271,00002089,0000000905,'Student','Y'),
	(0000045272,00002089,0000000931,'Student','Y'),
	(0000045273,00002089,0000001861,'Student','Y'),
	(0000045274,00002089,0000000989,'Student','Y'),
	(0000045275,00002089,0000001016,'Student','Y'),
	(0000045276,00002089,0000001022,'Student','Y'),
	(0000045277,00002089,0000001019,'Student','Y'),
	(0000045278,00002090,0000000928,'Student','Y'),
	(0000045279,00002090,0000001291,'Student','Y'),
	(0000045280,00002090,0000001532,'Student','Y'),
	(0000045281,00002090,0000000876,'Student','Y'),
	(0000045282,00002090,0000000922,'Student','Y'),
	(0000045283,00002090,0000000925,'Student','Y'),
	(0000045286,00002090,0000000970,'Student','Y'),
	(0000045287,00002090,0000000897,'Student','Y'),
	(0000045289,00002090,0000000992,'Student','Y'),
	(0000045291,00002090,0000000913,'Student','Y'),
	(0000045292,00002090,0000000934,'Student','Y'),
	(0000045293,00002090,0000000937,'Student','Y'),
	(0000045294,00002091,0000000928,'Student','Y'),
	(0000045295,00002091,0000001291,'Student','Y'),
	(0000045296,00002091,0000001532,'Student','Y'),
	(0000045297,00002091,0000000876,'Student','Y'),
	(0000045298,00002091,0000000922,'Student','Y'),
	(0000045299,00002091,0000000925,'Student','Y'),
	(0000045302,00002091,0000000970,'Student','Y'),
	(0000045303,00002091,0000000897,'Student','Y'),
	(0000045305,00002091,0000000992,'Student','Y'),
	(0000045307,00002091,0000000913,'Student','Y'),
	(0000045308,00002091,0000000934,'Student','Y'),
	(0000045309,00002091,0000000937,'Student','Y'),
	(0000045311,00002257,0000000992,'Student','Y'),
	(0000045312,00002094,0000001291,'Student','Y'),
	(0000045313,00002094,0000000989,'Student','Y'),
	(0000045314,00002094,0000001022,'Student','Y'),
	(0000045316,00002096,0000000876,'Student','Y'),
	(0000045318,00002096,0000000964,'Student','Y'),
	(0000045319,00002096,0000000934,'Student','Y'),
	(0000045320,00002097,0000000876,'Student','Y'),
	(0000045322,00002097,0000000964,'Student','Y'),
	(0000045323,00002097,0000001288,'Student','Y'),
	(0000045324,00002097,0000000934,'Student','Y'),
	(0000045325,00002098,0000000905,'Student','Y'),
	(0000045326,00002098,0000000928,'Student','Y'),
	(0000045327,00002098,0000000931,'Student','Y'),
	(0000045328,00002098,0000001291,'Student','Y'),
	(0000045329,00002098,0000001532,'Student','Y'),
	(0000045330,00002098,0000000989,'Student','Y'),
	(0000045331,00002098,0000000876,'Student','Y'),
	(0000045332,00002098,0000001016,'Student','Y'),
	(0000045333,00002098,0000001022,'Student','Y'),
	(0000045334,00002098,0000000922,'Student','Y'),
	(0000045335,00002098,0000000925,'Student','Y'),
	(0000045337,00002098,0000000964,'Student','Y'),
	(0000045338,00002098,0000002184,'Student','Y'),
	(0000045339,00002098,0000001313,'Student','Y'),
	(0000045340,00002098,0000000970,'Student','Y'),
	(0000045341,00002098,0000000897,'Student','Y'),
	(0000045343,00002098,0000000992,'Student','Y'),
	(0000045344,00002098,0000001019,'Student','Y'),
	(0000045345,00002098,0000001819,'Student','Y'),
	(0000045346,00002098,0000000913,'Student','Y'),
	(0000045347,00002098,0000001008,'Student','Y'),
	(0000045348,00002098,0000000937,'Student','Y'),
	(0000045350,00002026,0000002306,'Student','Y'),
	(0000045351,00002019,0000002306,'Student','Y'),
	(0000045352,00002018,0000002286,'Student','Y'),
	(0000045353,00002026,0000002286,'Student','Y'),
	(0000045354,00002218,0000001122,'Teacher','Y'),
	(0000045365,00002020,0000001778,'Teacher','Y'),
	(0000045376,00002166,0000002134,'Teacher','Y'),
	(0000045377,00002198,0000002134,'Teacher','Y'),
	(0000045378,00002076,0000002184,'Student','Y'),
	(0000045379,00002073,0000002184,'Student','Y'),
	(0000045380,00002074,0000002184,'Student','Y'),
	(0000045381,00002082,0000002184,'Student','Y'),
	(0000045382,00002258,0000002184,'Student','Y'),
	(0000045383,00002079,0000002184,'Student','Y'),
	(0000045384,00002094,0000002184,'Student','Y'),
	(0000045385,00002076,0000001313,'Student','Y'),
	(0000045386,00002090,0000001313,'Student','Y'),
	(0000045387,00002091,0000001313,'Student','Y'),
	(0000045388,00002070,0000001313,'Student','Y'),
	(0000045389,00002118,0000001313,'Student','N'),
	(0000045390,00002248,0000001313,'Student','Y'),
	(0000045391,00002066,0000001313,'Student','Y'),
	(0000045392,00002084,0000001313,'Student','Y'),
	(0000045393,00002090,0000001819,'Student','Y'),
	(0000045394,00002091,0000001819,'Student','Y'),
	(0000045395,00002070,0000001819,'Student','Y'),
	(0000045396,00002065,0000001819,'Student','Y'),
	(0000045397,00002066,0000001819,'Student','Y'),
	(0000045398,00002083,0000001819,'Student','Y'),
	(0000045399,00002120,0000001819,'Student','Y'),
	(0000045400,00002078,0000001819,'Student','Y'),
	(0000045401,00002215,0000001645,'Student','Y'),
	(0000045402,00002061,0000001236,'Student','Y'),
	(0000045403,00002061,0000001191,'Student','Y'),
	(0000045404,00002061,0000001207,'Student','Y'),
	(0000045405,00002061,0000002103,'Student','Y'),
	(0000045406,00002011,0000001692,'Student','Y'),
	(0000045409,00002014,0000001502,'Teacher','Y'),
	(0000045411,00002012,0000001123,'Teacher','Y'),
	(0000045412,00002013,0000000867,'Teacher','Y'),
	(0000045413,00002259,0000001110,'Teacher','Y'),
	(0000045414,00002259,0000002096,'Teacher','Y'),
	(0000045415,00002137,0000002232,'Student','Y'),
	(0000045416,00002140,0000002232,'Student','Y'),
	(0000045417,00002150,0000002232,'Student','Y'),
	(0000045418,00002153,0000002232,'Student','Y'),
	(0000045419,00002156,0000002232,'Student','Y'),
	(0000045420,00002164,0000002232,'Student','Y'),
	(0000045421,00002167,0000002232,'Student','Y'),
	(0000045422,00002169,0000002232,'Student','Y'),
	(0000045430,00002137,0000002283,'Student','Y'),
	(0000045431,00002140,0000002283,'Student','Y'),
	(0000045432,00002150,0000002283,'Student','Y'),
	(0000045433,00002153,0000002283,'Student','Y'),
	(0000045434,00002156,0000002283,'Student','Y'),
	(0000045435,00002164,0000002283,'Student','Y'),
	(0000045436,00002167,0000002283,'Student','Y'),
	(0000045437,00002169,0000002283,'Student','Y'),
	(0000045445,00002137,0000002193,'Student','Y'),
	(0000045446,00002140,0000002193,'Student','Y'),
	(0000045447,00002150,0000002193,'Student','Y'),
	(0000045448,00002153,0000002193,'Student','Y'),
	(0000045449,00002156,0000002193,'Student','Y'),
	(0000045450,00002164,0000002193,'Student','Y'),
	(0000045451,00002167,0000002193,'Student','Y'),
	(0000045452,00002169,0000002193,'Student','Y'),
	(0000045460,00002137,0000002212,'Student','Y'),
	(0000045461,00002140,0000002212,'Student','Y'),
	(0000045462,00002150,0000002212,'Student','Y'),
	(0000045463,00002153,0000002212,'Student','Y'),
	(0000045464,00002156,0000002212,'Student','Y'),
	(0000045465,00002164,0000002212,'Student','Y'),
	(0000045466,00002167,0000002212,'Student','Y'),
	(0000045467,00002169,0000002212,'Student','Y'),
	(0000045475,00002137,0000002150,'Student','Y'),
	(0000045476,00002140,0000002150,'Student','Y'),
	(0000045477,00002150,0000002150,'Student','Y'),
	(0000045478,00002153,0000002150,'Student','Y'),
	(0000045479,00002156,0000002150,'Student','Y'),
	(0000045480,00002164,0000002150,'Student','Y'),
	(0000045481,00002167,0000002150,'Student','Y'),
	(0000045482,00002169,0000002150,'Student','Y'),
	(0000045490,00002137,0000002299,'Student','Y'),
	(0000045491,00002140,0000002299,'Student','Y'),
	(0000045492,00002150,0000002299,'Student','Y'),
	(0000045493,00002153,0000002299,'Student','Y'),
	(0000045494,00002156,0000002299,'Student','Y'),
	(0000045495,00002164,0000002299,'Student','Y'),
	(0000045496,00002167,0000002299,'Student','Y'),
	(0000045497,00002169,0000002299,'Student','Y'),
	(0000045505,00002137,0000002197,'Student','Y'),
	(0000045506,00002140,0000002197,'Student','Y'),
	(0000045507,00002150,0000002197,'Student','Y'),
	(0000045508,00002153,0000002197,'Student','Y'),
	(0000045509,00002156,0000002197,'Student','Y'),
	(0000045510,00002164,0000002197,'Student','Y'),
	(0000045511,00002167,0000002197,'Student','Y'),
	(0000045512,00002169,0000002197,'Student','Y'),
	(0000045520,00002137,0000002256,'Student','Y'),
	(0000045521,00002140,0000002256,'Student','Y'),
	(0000045522,00002150,0000002256,'Student','Y'),
	(0000045523,00002153,0000002256,'Student','Y'),
	(0000045524,00002156,0000002256,'Student','Y'),
	(0000045525,00002164,0000002256,'Student','Y'),
	(0000045526,00002167,0000002256,'Student','Y'),
	(0000045527,00002169,0000002256,'Student','Y'),
	(0000045535,00002137,0000002323,'Student','Y'),
	(0000045536,00002140,0000002323,'Student','Y'),
	(0000045537,00002150,0000002323,'Student','Y'),
	(0000045538,00002153,0000002323,'Student','Y'),
	(0000045539,00002156,0000002323,'Student','Y'),
	(0000045540,00002164,0000002323,'Student','Y'),
	(0000045541,00002167,0000002323,'Student','Y'),
	(0000045542,00002169,0000002323,'Student','Y'),
	(0000045550,00002137,0000002333,'Student','Y'),
	(0000045551,00002140,0000002333,'Student','Y'),
	(0000045552,00002150,0000002333,'Student','Y'),
	(0000045553,00002153,0000002333,'Student','Y'),
	(0000045554,00002156,0000002333,'Student','Y'),
	(0000045555,00002164,0000002333,'Student','Y'),
	(0000045556,00002167,0000002333,'Student','Y'),
	(0000045557,00002169,0000002333,'Student','Y'),
	(0000045565,00002137,0000002243,'Student','Y'),
	(0000045566,00002140,0000002243,'Student','Y'),
	(0000045567,00002150,0000002243,'Student','Y'),
	(0000045568,00002153,0000002243,'Student','Y'),
	(0000045569,00002156,0000002243,'Student','Y'),
	(0000045570,00002164,0000002243,'Student','Y'),
	(0000045571,00002167,0000002243,'Student','Y'),
	(0000045572,00002169,0000002243,'Student','Y'),
	(0000045580,00002137,0000002216,'Student','Y'),
	(0000045581,00002140,0000002216,'Student','Y'),
	(0000045582,00002150,0000002216,'Student','Y'),
	(0000045583,00002153,0000002216,'Student','Y'),
	(0000045584,00002156,0000002216,'Student','Y'),
	(0000045585,00002164,0000002216,'Student','Y'),
	(0000045586,00002167,0000002216,'Student','Y'),
	(0000045587,00002169,0000002216,'Student','Y'),
	(0000045595,00002137,0000002330,'Student','Y'),
	(0000045596,00002140,0000002330,'Student','Y'),
	(0000045597,00002150,0000002330,'Student','Y'),
	(0000045598,00002153,0000002330,'Student','Y'),
	(0000045599,00002156,0000002330,'Student','Y'),
	(0000045600,00002164,0000002330,'Student','Y'),
	(0000045601,00002167,0000002330,'Student','Y'),
	(0000045602,00002169,0000002330,'Student','Y'),
	(0000045610,00002137,0000002209,'Student','Y'),
	(0000045611,00002140,0000002209,'Student','Y'),
	(0000045612,00002150,0000002209,'Student','Y'),
	(0000045613,00002153,0000002209,'Student','Y'),
	(0000045614,00002156,0000002209,'Student','Y'),
	(0000045615,00002164,0000002209,'Student','Y'),
	(0000045616,00002167,0000002209,'Student','Y'),
	(0000045617,00002169,0000002209,'Student','Y'),
	(0000045625,00002137,0000002340,'Student','Y'),
	(0000045626,00002140,0000002340,'Student','Y'),
	(0000045627,00002150,0000002340,'Student','Y'),
	(0000045628,00002153,0000002340,'Student','Y'),
	(0000045629,00002156,0000002340,'Student','Y'),
	(0000045630,00002164,0000002340,'Student','Y'),
	(0000045631,00002167,0000002340,'Student','Y'),
	(0000045632,00002169,0000002340,'Student','Y'),
	(0000045640,00002136,0000002190,'Student','Y'),
	(0000045641,00002139,0000002190,'Student','Y'),
	(0000045642,00002149,0000002190,'Student','Y'),
	(0000045643,00002152,0000002190,'Student','Y'),
	(0000045644,00002155,0000002190,'Student','Y'),
	(0000045645,00002163,0000002190,'Student','Y'),
	(0000045646,00002166,0000002190,'Student','Y'),
	(0000045647,00002170,0000002190,'Student','Y'),
	(0000045655,00002136,0000002334,'Student','Y'),
	(0000045656,00002139,0000002334,'Student','Y'),
	(0000045657,00002149,0000002334,'Student','Y'),
	(0000045658,00002152,0000002334,'Student','Y'),
	(0000045659,00002155,0000002334,'Student','Y'),
	(0000045660,00002163,0000002334,'Student','Y'),
	(0000045661,00002166,0000002334,'Student','Y'),
	(0000045662,00002170,0000002334,'Student','Y'),
	(0000045670,00002136,0000002236,'Student','Y'),
	(0000045671,00002139,0000002236,'Student','Y'),
	(0000045672,00002149,0000002236,'Student','Y'),
	(0000045673,00002152,0000002236,'Student','Y'),
	(0000045674,00002155,0000002236,'Student','Y'),
	(0000045675,00002163,0000002236,'Student','Y'),
	(0000045676,00002166,0000002236,'Student','Y'),
	(0000045677,00002170,0000002236,'Student','Y'),
	(0000045685,00002136,0000002239,'Student','Y'),
	(0000045686,00002139,0000002239,'Student','Y'),
	(0000045687,00002149,0000002239,'Student','Y'),
	(0000045688,00002152,0000002239,'Student','Y'),
	(0000045689,00002155,0000002239,'Student','Y'),
	(0000045690,00002163,0000002239,'Student','Y'),
	(0000045691,00002166,0000002239,'Student','Y'),
	(0000045692,00002170,0000002239,'Student','Y'),
	(0000045700,00002136,0000002187,'Student','Y'),
	(0000045701,00002139,0000002187,'Student','Y'),
	(0000045702,00002149,0000002187,'Student','Y'),
	(0000045703,00002152,0000002187,'Student','Y'),
	(0000045704,00002155,0000002187,'Student','Y'),
	(0000045705,00002163,0000002187,'Student','Y'),
	(0000045706,00002166,0000002187,'Student','Y'),
	(0000045707,00002170,0000002187,'Student','Y'),
	(0000045715,00002136,0000002178,'Student','Y'),
	(0000045716,00002139,0000002178,'Student','Y'),
	(0000045717,00002149,0000002178,'Student','Y'),
	(0000045718,00002152,0000002178,'Student','Y'),
	(0000045719,00002155,0000002178,'Student','Y'),
	(0000045720,00002163,0000002178,'Student','Y'),
	(0000045721,00002166,0000002178,'Student','Y'),
	(0000045722,00002170,0000002178,'Student','Y'),
	(0000045730,00002136,0000002206,'Student','Y'),
	(0000045731,00002139,0000002206,'Student','Y'),
	(0000045732,00002149,0000002206,'Student','Y'),
	(0000045733,00002152,0000002206,'Student','Y'),
	(0000045734,00002155,0000002206,'Student','Y'),
	(0000045735,00002163,0000002206,'Student','Y'),
	(0000045736,00002166,0000002206,'Student','Y'),
	(0000045737,00002170,0000002206,'Student','Y'),
	(0000045745,00002136,0000002274,'Student','Y'),
	(0000045746,00002139,0000002274,'Student','Y'),
	(0000045747,00002149,0000002274,'Student','Y'),
	(0000045748,00002152,0000002274,'Student','Y'),
	(0000045749,00002155,0000002274,'Student','Y'),
	(0000045750,00002163,0000002274,'Student','Y'),
	(0000045751,00002166,0000002274,'Student','Y'),
	(0000045752,00002170,0000002274,'Student','Y'),
	(0000045760,00002136,0000002271,'Student','Y'),
	(0000045761,00002139,0000002271,'Student','Y'),
	(0000045762,00002149,0000002271,'Student','Y'),
	(0000045763,00002152,0000002271,'Student','Y'),
	(0000045764,00002155,0000002271,'Student','Y'),
	(0000045765,00002163,0000002271,'Student','Y'),
	(0000045766,00002166,0000002271,'Student','Y'),
	(0000045767,00002170,0000002271,'Student','Y'),
	(0000045775,00002136,0000002233,'Student','Y'),
	(0000045776,00002139,0000002233,'Student','Y'),
	(0000045777,00002149,0000002233,'Student','Y'),
	(0000045778,00002152,0000002233,'Student','Y'),
	(0000045779,00002155,0000002233,'Student','Y'),
	(0000045780,00002163,0000002233,'Student','Y'),
	(0000045781,00002166,0000002233,'Student','Y'),
	(0000045782,00002170,0000002233,'Student','Y'),
	(0000045790,00002136,0000002253,'Student','Y'),
	(0000045791,00002139,0000002253,'Student','Y'),
	(0000045792,00002149,0000002253,'Student','Y'),
	(0000045793,00002152,0000002253,'Student','Y'),
	(0000045794,00002155,0000002253,'Student','Y'),
	(0000045795,00002163,0000002253,'Student','Y'),
	(0000045796,00002166,0000002253,'Student','Y'),
	(0000045797,00002170,0000002253,'Student','Y'),
	(0000045805,00002136,0000002215,'Student','Y'),
	(0000045806,00002139,0000002215,'Student','Y'),
	(0000045807,00002149,0000002215,'Student','Y'),
	(0000045808,00002152,0000002215,'Student','Y'),
	(0000045809,00002155,0000002215,'Student','Y'),
	(0000045810,00002163,0000002215,'Student','Y'),
	(0000045811,00002166,0000002215,'Student','Y'),
	(0000045812,00002170,0000002215,'Student','Y'),
	(0000045820,00002136,0000002166,'Student','Y'),
	(0000045821,00002139,0000002166,'Student','Y'),
	(0000045822,00002149,0000002166,'Student','Y'),
	(0000045823,00002152,0000002166,'Student','Y'),
	(0000045824,00002155,0000002166,'Student','Y'),
	(0000045825,00002163,0000002166,'Student','Y'),
	(0000045826,00002166,0000002166,'Student','Y'),
	(0000045827,00002170,0000002166,'Student','Y'),
	(0000045835,00002135,0000002247,'Student','Y'),
	(0000045836,00002138,0000002247,'Student','Y'),
	(0000045837,00002148,0000002247,'Student','Y'),
	(0000045838,00002151,0000002247,'Student','Y'),
	(0000045839,00002154,0000002247,'Student','Y'),
	(0000045840,00002162,0000002247,'Student','Y'),
	(0000045841,00002165,0000002247,'Student','Y'),
	(0000045842,00002171,0000002247,'Student','Y'),
	(0000045850,00002135,0000002194,'Student','Y'),
	(0000045851,00002138,0000002194,'Student','Y'),
	(0000045852,00002148,0000002194,'Student','Y'),
	(0000045853,00002151,0000002194,'Student','Y'),
	(0000045854,00002154,0000002194,'Student','Y'),
	(0000045855,00002162,0000002194,'Student','Y'),
	(0000045856,00002165,0000002194,'Student','Y'),
	(0000045857,00002171,0000002194,'Student','Y'),
	(0000045865,00002135,0000002293,'Student','Y'),
	(0000045866,00002138,0000002293,'Student','Y'),
	(0000045867,00002148,0000002293,'Student','Y'),
	(0000045868,00002151,0000002293,'Student','Y'),
	(0000045869,00002154,0000002293,'Student','Y'),
	(0000045870,00002162,0000002293,'Student','Y'),
	(0000045871,00002165,0000002293,'Student','Y'),
	(0000045872,00002171,0000002293,'Student','Y'),
	(0000045880,00002135,0000002250,'Student','Y'),
	(0000045881,00002138,0000002250,'Student','Y'),
	(0000045882,00002148,0000002250,'Student','Y'),
	(0000045883,00002151,0000002250,'Student','Y'),
	(0000045884,00002154,0000002250,'Student','Y'),
	(0000045885,00002162,0000002250,'Student','Y'),
	(0000045886,00002165,0000002250,'Student','Y'),
	(0000045887,00002171,0000002250,'Student','Y'),
	(0000045895,00002135,0000002277,'Student','Y'),
	(0000045896,00002138,0000002277,'Student','Y'),
	(0000045897,00002148,0000002277,'Student','Y'),
	(0000045898,00002151,0000002277,'Student','Y'),
	(0000045899,00002154,0000002277,'Student','Y'),
	(0000045900,00002162,0000002277,'Student','Y'),
	(0000045901,00002165,0000002277,'Student','Y'),
	(0000045902,00002171,0000002277,'Student','Y'),
	(0000045910,00002135,0000002319,'Student','Y'),
	(0000045911,00002138,0000002319,'Student','Y'),
	(0000045912,00002148,0000002319,'Student','Y'),
	(0000045913,00002151,0000002319,'Student','Y'),
	(0000045914,00002154,0000002319,'Student','Y'),
	(0000045915,00002162,0000002319,'Student','Y'),
	(0000045916,00002165,0000002319,'Student','Y'),
	(0000045917,00002171,0000002319,'Student','Y'),
	(0000045925,00002135,0000002337,'Student','Y'),
	(0000045926,00002138,0000002337,'Student','Y'),
	(0000045927,00002148,0000002337,'Student','Y'),
	(0000045928,00002151,0000002337,'Student','Y'),
	(0000045929,00002154,0000002337,'Student','Y'),
	(0000045930,00002162,0000002337,'Student','Y'),
	(0000045931,00002165,0000002337,'Student','Y'),
	(0000045932,00002171,0000002337,'Student','Y'),
	(0000045940,00002135,0000002200,'Student','Y'),
	(0000045941,00002138,0000002200,'Student','Y'),
	(0000045942,00002148,0000002200,'Student','Y'),
	(0000045943,00002151,0000002200,'Student','Y'),
	(0000045944,00002154,0000002200,'Student','Y'),
	(0000045945,00002162,0000002200,'Student','Y'),
	(0000045946,00002165,0000002200,'Student','Y'),
	(0000045947,00002171,0000002200,'Student','Y'),
	(0000045955,00002135,0000002231,'Student','Y'),
	(0000045956,00002138,0000002231,'Student','Y'),
	(0000045957,00002148,0000002231,'Student','Y'),
	(0000045958,00002151,0000002231,'Student','Y'),
	(0000045959,00002154,0000002231,'Student','Y'),
	(0000045960,00002162,0000002231,'Student','Y'),
	(0000045961,00002165,0000002231,'Student','Y'),
	(0000045962,00002171,0000002231,'Student','Y'),
	(0000045970,00002135,0000002268,'Student','Y'),
	(0000045971,00002138,0000002268,'Student','Y'),
	(0000045972,00002148,0000002268,'Student','Y'),
	(0000045973,00002151,0000002268,'Student','Y'),
	(0000045974,00002154,0000002268,'Student','Y'),
	(0000045975,00002162,0000002268,'Student','Y'),
	(0000045976,00002165,0000002268,'Student','Y'),
	(0000045977,00002171,0000002268,'Student','Y'),
	(0000045985,00002135,0000002262,'Student','Y'),
	(0000045986,00002138,0000002262,'Student','Y'),
	(0000045987,00002148,0000002262,'Student','Y'),
	(0000045988,00002151,0000002262,'Student','Y'),
	(0000045989,00002154,0000002262,'Student','Y'),
	(0000045990,00002162,0000002262,'Student','Y'),
	(0000045991,00002165,0000002262,'Student','Y'),
	(0000045992,00002171,0000002262,'Student','Y'),
	(0000046000,00002135,0000002203,'Student','Y'),
	(0000046001,00002138,0000002203,'Student','Y'),
	(0000046002,00002148,0000002203,'Student','Y'),
	(0000046003,00002151,0000002203,'Student','Y'),
	(0000046004,00002154,0000002203,'Student','Y'),
	(0000046005,00002162,0000002203,'Student','Y'),
	(0000046006,00002165,0000002203,'Student','Y'),
	(0000046007,00002171,0000002203,'Student','Y'),
	(0000046015,00002135,0000002296,'Student','Y'),
	(0000046016,00002138,0000002296,'Student','Y'),
	(0000046017,00002148,0000002296,'Student','Y'),
	(0000046018,00002151,0000002296,'Student','Y'),
	(0000046019,00002154,0000002296,'Student','Y'),
	(0000046020,00002162,0000002296,'Student','Y'),
	(0000046021,00002165,0000002296,'Student','Y'),
	(0000046022,00002171,0000002296,'Student','Y'),
	(0000046030,00002142,0000002283,'Student','Y'),
	(0000046031,00002142,0000002150,'Student','Y'),
	(0000046032,00002142,0000002197,'Student','Y'),
	(0000046033,00002142,0000002256,'Student','Y'),
	(0000046034,00002142,0000002330,'Student','Y'),
	(0000046035,00002142,0000002340,'Student','Y'),
	(0000046036,00002142,0000002334,'Student','Y'),
	(0000046037,00002142,0000002236,'Student','Y'),
	(0000046038,00002142,0000002187,'Student','Y'),
	(0000046039,00002142,0000002178,'Student','Y'),
	(0000046040,00002142,0000002206,'Student','Y'),
	(0000046041,00002142,0000002274,'Student','Y'),
	(0000046042,00002142,0000002271,'Student','Y'),
	(0000046043,00002142,0000002253,'Student','Y'),
	(0000046044,00002142,0000002215,'Student','Y'),
	(0000046045,00002142,0000002166,'Student','Y'),
	(0000046046,00002142,0000002247,'Student','Y'),
	(0000046047,00002142,0000002194,'Student','Y'),
	(0000046048,00002142,0000002293,'Student','Y'),
	(0000046049,00002142,0000002250,'Student','Y'),
	(0000046050,00002142,0000002277,'Student','Y'),
	(0000046051,00002142,0000002319,'Student','Y'),
	(0000046052,00002142,0000002337,'Student','Y'),
	(0000046053,00002142,0000002200,'Student','Y'),
	(0000046054,00002142,0000002203,'Student','Y'),
	(0000046055,00002142,0000002296,'Student','Y'),
	(0000046056,00002144,0000002193,'Student','Y'),
	(0000046057,00002144,0000002212,'Student','Y'),
	(0000046058,00002144,0000002299,'Student','Y'),
	(0000046059,00002144,0000002323,'Student','Y'),
	(0000046060,00002144,0000002333,'Student','Y'),
	(0000046061,00002144,0000002232,'Student','Y'),
	(0000046062,00002144,0000002243,'Student','Y'),
	(0000046063,00002144,0000002216,'Student','Y'),
	(0000046064,00002144,0000002209,'Student','Y'),
	(0000046065,00002144,0000002190,'Student','Y'),
	(0000046066,00002144,0000002239,'Student','Y'),
	(0000046067,00002144,0000002233,'Student','Y'),
	(0000046068,00002144,0000002231,'Student','Y'),
	(0000046069,00002144,0000002268,'Student','Y'),
	(0000046070,00002144,0000002262,'Student','Y'),
	(0000046071,00002147,0000002283,'Student','Y'),
	(0000046072,00002147,0000002193,'Student','Y'),
	(0000046073,00002147,0000002212,'Student','Y'),
	(0000046074,00002147,0000002150,'Student','Y'),
	(0000046075,00002147,0000002299,'Student','Y'),
	(0000046076,00002147,0000002197,'Student','Y'),
	(0000046077,00002147,0000002256,'Student','Y'),
	(0000046078,00002147,0000002323,'Student','Y'),
	(0000046079,00002147,0000002333,'Student','Y'),
	(0000046080,00002147,0000002232,'Student','Y'),
	(0000046081,00002147,0000002243,'Student','Y'),
	(0000046082,00002147,0000002216,'Student','Y'),
	(0000046083,00002147,0000002330,'Student','Y'),
	(0000046084,00002147,0000002209,'Student','Y'),
	(0000046085,00002147,0000002340,'Student','Y'),
	(0000046086,00002146,0000002190,'Student','Y'),
	(0000046087,00002146,0000002334,'Student','Y'),
	(0000046088,00002146,0000002236,'Student','Y'),
	(0000046089,00002146,0000002239,'Student','Y'),
	(0000046090,00002146,0000002187,'Student','Y'),
	(0000046091,00002146,0000002178,'Student','Y'),
	(0000046092,00002146,0000002206,'Student','Y'),
	(0000046093,00002146,0000002274,'Student','Y'),
	(0000046094,00002146,0000002271,'Student','Y'),
	(0000046095,00002146,0000002233,'Student','Y'),
	(0000046096,00002146,0000002253,'Student','Y'),
	(0000046097,00002146,0000002215,'Student','Y'),
	(0000046098,00002146,0000002166,'Student','Y'),
	(0000046099,00002145,0000002247,'Student','Y'),
	(0000046100,00002145,0000002194,'Student','Y'),
	(0000046101,00002145,0000002293,'Student','Y'),
	(0000046102,00002145,0000002250,'Student','Y'),
	(0000046103,00002145,0000002277,'Student','Y'),
	(0000046104,00002145,0000002319,'Student','Y'),
	(0000046105,00002145,0000002337,'Student','Y'),
	(0000046106,00002145,0000002200,'Student','Y'),
	(0000046107,00002145,0000002231,'Student','Y'),
	(0000046108,00002145,0000002268,'Student','Y'),
	(0000046109,00002145,0000002262,'Student','Y'),
	(0000046110,00002145,0000002203,'Student','Y'),
	(0000046111,00002145,0000002296,'Student','Y'),
	(0000046112,00002159,0000002283,'Student','Y'),
	(0000046113,00002159,0000002193,'Student','Y'),
	(0000046114,00002159,0000002212,'Student','Y'),
	(0000046115,00002159,0000002150,'Student','Y'),
	(0000046116,00002159,0000002299,'Student','Y'),
	(0000046117,00002159,0000002197,'Student','Y'),
	(0000046118,00002159,0000002256,'Student','Y'),
	(0000046119,00002159,0000002323,'Student','Y'),
	(0000046120,00002159,0000002333,'Student','Y'),
	(0000046121,00002159,0000002232,'Student','Y'),
	(0000046122,00002159,0000002243,'Student','Y'),
	(0000046123,00002159,0000002216,'Student','Y'),
	(0000046124,00002159,0000002330,'Student','Y'),
	(0000046125,00002159,0000002209,'Student','Y'),
	(0000046126,00002159,0000002340,'Student','Y'),
	(0000046127,00002158,0000002190,'Student','Y'),
	(0000046128,00002158,0000002334,'Student','Y'),
	(0000046129,00002158,0000002236,'Student','Y'),
	(0000046130,00002158,0000002239,'Student','Y'),
	(0000046131,00002158,0000002187,'Student','Y'),
	(0000046132,00002158,0000002178,'Student','Y'),
	(0000046133,00002158,0000002206,'Student','Y'),
	(0000046134,00002158,0000002274,'Student','Y'),
	(0000046135,00002158,0000002271,'Student','Y'),
	(0000046136,00002158,0000002233,'Student','Y'),
	(0000046137,00002158,0000002253,'Student','Y'),
	(0000046138,00002158,0000002215,'Student','Y'),
	(0000046139,00002158,0000002166,'Student','Y'),
	(0000046140,00002161,0000002247,'Student','Y'),
	(0000046141,00002161,0000002194,'Student','Y'),
	(0000046142,00002161,0000002293,'Student','Y'),
	(0000046143,00002161,0000002250,'Student','Y'),
	(0000046144,00002161,0000002277,'Student','Y'),
	(0000046145,00002161,0000002319,'Student','Y'),
	(0000046146,00002161,0000002337,'Student','Y'),
	(0000046147,00002161,0000002200,'Student','Y'),
	(0000046148,00002161,0000002231,'Student','Y'),
	(0000046149,00002161,0000002268,'Student','Y'),
	(0000046150,00002161,0000002262,'Student','Y'),
	(0000046151,00002161,0000002203,'Student','Y'),
	(0000046152,00002161,0000002296,'Student','Y'),
	(0000046153,00002226,0000001609,'Student','Y'),
	(0000046154,00002226,0000001739,'Student','Y'),
	(0000046155,00002226,0000002097,'Student','Y'),
	(0000046156,00002226,0000001667,'Student','Y'),
	(0000046157,00002226,0000001786,'Student','Y'),
	(0000046158,00002226,0000001761,'Student','Y'),
	(0000046159,00002226,0000001600,'Student','Y');

/*!40000 ALTER TABLE `gibbonCourseClassPerson` ENABLE KEYS */;
UNLOCK TABLES;


# Dump of table gibbonDepartment
# ------------------------------------------------------------

LOCK TABLES `gibbonDepartment` WRITE;
/*!40000 ALTER TABLE `gibbonDepartment` DISABLE KEYS */;

INSERT INTO `gibbonDepartment` (`gibbonDepartmentID`, `type`, `name`, `nameShort`, `subjectListing`, `blurb`, `logo`)
VALUES
	(0004,'Learning Area','Science','SCI','Sciences','',''),
	(0005,'Learning Area','The Arts','TA','Art, Dance, Drama, Media, Music','',''),
	(0006,'Learning Area','Humanities','HUM','Humanities, Economics, Religious Studies, Environmental Management','',''),
	(0007,'Learning Area','English','ENG','English, English as an Additional Language','',''),
	(0008,'Learning Area','Languages','LNG','Chinese First Language, Chinese Second Language, Japanese, Spanish','',''),
	(0010,'Learning Area','Physical Education','PE','Physical Education','',''),
	(0011,'Administration','Finance','FIN','','',''),
	(0012,'Administration','Library','LIB','','',''),
	(0014,'Administration','IT Services','ITS','','',''),
	(0015,'Learning Area','Pastoral','PAST','','',''),
	(0016,'Learning Area','Mathematics','MA','Maths','',''),
	(0018,'Learning Area','Human Technologies','HT','HT, PSHE, DCVT, ENF','',''),
	(0022,'Learning Area','Individual Needs','IN','','','');

/*!40000 ALTER TABLE `gibbonDepartment` ENABLE KEYS */;
UNLOCK TABLES;


# Dump of table gibbonDepartmentStaff
# ------------------------------------------------------------

LOCK TABLES `gibbonDepartmentStaff` WRITE;
/*!40000 ALTER TABLE `gibbonDepartmentStaff` DISABLE KEYS */;

INSERT INTO `gibbonDepartmentStaff` (`gibbonDepartmentStaffID`, `gibbonDepartmentID`, `gibbonPersonID`, `role`)
VALUES
	(000001,0001,0000000001,'Coordinator'),
	(000002,0002,0000000001,'Coordinator'),
	(000006,0005,0000000117,'Coordinator'),
	(000007,0005,0000000143,'Teacher'),
	(000008,0005,0000000141,'Teacher'),
	(000012,0004,0000000139,'Other'),
	(000013,0006,0000000124,'Coordinator'),
	(000015,0008,0000000122,'Coordinator'),
	(000026,0010,0000000119,'Coordinator'),
	(000030,0004,0000000377,'Teacher'),
	(000036,0008,0000000198,'Teacher (Curriculum)'),
	(000037,0008,0000000140,'Teacher (Curriculum)'),
	(000038,0008,0000000378,'Teacher (Curriculum)'),
	(000041,0005,0000000374,'Teacher (Curriculum)'),
	(000044,0008,0000000144,'Coordinator'),
	(000045,0007,0000000151,'Teacher (Curriculum)'),
	(000046,0007,0000000145,'Teacher (Curriculum)'),
	(000047,0010,0000000373,'Teacher (Curriculum)'),
	(000048,0004,0000000146,'Teacher (Curriculum)'),
	(000050,0006,0000000770,'Teacher (Curriculum)'),
	(000051,0005,0000000771,'Teacher (Curriculum)'),
	(000052,0008,0000000771,'Teacher (Curriculum)'),
	(000053,0004,0000000622,'Teacher (Curriculum)'),
	(000054,0008,0000000772,'Teacher (Curriculum)'),
	(000056,0006,0000000774,'Teacher (Curriculum)'),
	(000057,0004,0000000775,'Teacher (Curriculum)'),
	(000061,0011,0000000385,'Director'),
	(000062,0012,0000000824,'Director'),
	(000064,0014,0000000001,'Director'),
	(000066,0006,0000000771,'Teacher (Curriculum)'),
	(000068,0015,0000000774,'Coordinator'),
	(000069,0015,0000000142,'Coordinator'),
	(000070,0007,0000000769,'Coordinator'),
	(000071,0007,0000000142,'Teacher (Curriculum)'),
	(000072,0006,0000000137,'Teacher (Curriculum)'),
	(000077,0015,0000000117,'Teacher (Curriculum)'),
	(000081,0015,0000000123,'Teacher (Curriculum)'),
	(000082,0015,0000000769,'Teacher (Curriculum)'),
	(000085,0015,0000000622,'Teacher (Curriculum)'),
	(000088,0015,0000000773,'Teacher (Curriculum)'),
	(000090,0015,0000000771,'Teacher (Curriculum)'),
	(000093,0008,0000001057,'Teacher (Curriculum)'),
	(000094,0015,0000000772,'Teacher (Curriculum)'),
	(000096,0004,0000000868,'Coordinator'),
	(000097,0004,0000000870,'Teacher (Curriculum)'),
	(000098,0004,0000001055,'Teacher (Curriculum)'),
	(000106,0015,0000001055,'Teacher (Curriculum)'),
	(000108,0005,0000001053,'Teacher (Curriculum)'),
	(000110,0008,0000000869,'Teacher (Curriculum)'),
	(000111,0006,0000001110,'Teacher (Curriculum)'),
	(000114,0004,0000001112,'Teacher (Curriculum)'),
	(000115,0016,0000000773,'Coordinator'),
	(000118,0016,0000000866,'Teacher (Curriculum)'),
	(000119,0016,0000001104,'Teacher (Curriculum)'),
	(000125,0006,0000000151,'Teacher (Curriculum)'),
	(000126,0005,0000000770,'Teacher (Curriculum)'),
	(000127,0007,0000001123,'Teacher (Curriculum)'),
	(000128,0007,0000001118,'Teacher (Curriculum)'),
	(000129,0007,0000001053,'Teacher (Curriculum)'),
	(000130,0007,0000000867,'Coordinator'),
	(000131,0006,0000001118,'Teacher (Curriculum)'),
	(000132,0006,0000001120,'Teacher (Curriculum)'),
	(000133,0006,0000001121,'Teacher (Curriculum)'),
	(000134,0008,0000001119,'Teacher (Curriculum)'),
	(000135,0008,0000001122,'Teacher (Curriculum)'),
	(000136,0008,0000001116,'Teacher (Curriculum)'),
	(000137,0016,0000001117,'Teacher (Curriculum)'),
	(000138,0004,0000001121,'Teacher (Curriculum)'),
	(000139,0004,0000001117,'Teacher (Curriculum)'),
	(000141,0006,0000000589,'Teacher (Curriculum)'),
	(000142,0005,0000000375,'Coordinator'),
	(000143,0004,0000001120,'Teacher (Curriculum)'),
	(000144,0005,0000000871,'Teacher (Curriculum)'),
	(000145,0015,0000000869,'Teacher (Curriculum)'),
	(000146,0015,0000001121,'Coordinator'),
	(000147,0015,0000001123,'Teacher (Curriculum)'),
	(000148,0015,0000000124,'Teacher (Curriculum)'),
	(000149,0015,0000000868,'Teacher (Curriculum)'),
	(000150,0015,0000000375,'Teacher (Curriculum)'),
	(000151,0015,0000000866,'Teacher (Curriculum)'),
	(000152,0015,0000001104,'Teacher (Curriculum)'),
	(000153,0015,0000001053,'Teacher (Curriculum)'),
	(000154,0015,0000001117,'Teacher (Curriculum)'),
	(000155,0015,0000000870,'Teacher (Curriculum)'),
	(000156,0015,0000000120,'Teacher (Curriculum)'),
	(000157,0015,0000000867,'Teacher (Curriculum)'),
	(000158,0015,0000000140,'Teacher (Curriculum)'),
	(000159,0015,0000000151,'Teacher (Curriculum)'),
	(000160,0015,0000001120,'Teacher (Curriculum)'),
	(000161,0015,0000000871,'Teacher (Curriculum)'),
	(000162,0015,0000000198,'Teacher (Curriculum)'),
	(000163,0015,0000001119,'Teacher (Curriculum)'),
	(000166,0018,0000000373,'Teacher (Curriculum)'),
	(000168,0010,0000001489,'Teacher (Curriculum)'),
	(000169,0007,0000001502,'Teacher (Curriculum)'),
	(000173,0016,0000001501,'Teacher (Curriculum)'),
	(000174,0004,0000001505,'Teacher (Curriculum)'),
	(000175,0004,0000001501,'Teacher (Curriculum)'),
	(000177,0016,0000000868,'Coordinator'),
	(000180,0004,0000000589,'Coordinator'),
	(000183,0007,0000001778,'Teacher (Curriculum)'),
	(000185,0007,0000001776,'Teacher (Curriculum)'),
	(000186,0008,0000001776,'Teacher (Curriculum)'),
	(000187,0005,0000001776,'Teacher (Curriculum)'),
	(000189,0018,0000001777,'Teacher (Curriculum)'),
	(000190,0007,0000001777,'Teacher (Curriculum)'),
	(000191,0018,0000001506,'Teacher (Curriculum)'),
	(000192,0005,0000001506,'Teacher (Curriculum)'),
	(000200,0018,0000001119,'Teacher (Curriculum)'),
	(000201,0018,0000001110,'Teacher (Curriculum)'),
	(000204,0007,0000000871,'Teacher (Curriculum)'),
	(000205,0008,0000001873,'Teacher (Curriculum)'),
	(000207,0016,0000000120,'Coordinator'),
	(000209,0018,0000002027,'Teacher (Curriculum)'),
	(000210,0006,0000002027,'Teacher (Curriculum)'),
	(000220,0018,0000000770,'Teacher (Curriculum)'),
	(000222,0006,0000002028,'Teacher (Curriculum)'),
	(000223,0004,0000002026,'Teacher (Curriculum)'),
	(000224,0004,0000002025,'Teacher (Curriculum)'),
	(000225,0018,0000000124,'Teacher (Curriculum)'),
	(000226,0018,0000000375,'Teacher (Curriculum)'),
	(000227,0018,0000001502,'Teacher (Curriculum)'),
	(000228,0018,0000000140,'Teacher (Curriculum)'),
	(000229,0018,0000000198,'Teacher (Curriculum)'),
	(000230,0018,0000002028,'Teacher (Curriculum)'),
	(000231,0015,0000000144,'Teacher (Curriculum)'),
	(000232,0015,0000000373,'Teacher (Curriculum)'),
	(000233,0015,0000000119,'Teacher (Curriculum)'),
	(000234,0015,0000002096,'Teacher (Curriculum)'),
	(000235,0015,0000002075,'Teacher (Curriculum)'),
	(000236,0015,0000000374,'Teacher (Curriculum)'),
	(000237,0015,0000001122,'Teacher (Curriculum)'),
	(000238,0015,0000001506,'Teacher (Curriculum)'),
	(000239,0015,0000002027,'Teacher (Curriculum)'),
	(000240,0015,0000001776,'Teacher (Curriculum)'),
	(000241,0015,0000001110,'Teacher (Curriculum)'),
	(000242,0015,0000000589,'Teacher (Curriculum)'),
	(000243,0015,0000001502,'Teacher (Curriculum)'),
	(000244,0015,0000001778,'Teacher (Curriculum)'),
	(000245,0015,0000000770,'Teacher (Curriculum)'),
	(000246,0015,0000000001,'Teacher (Curriculum)'),
	(000247,0015,0000001777,'Teacher (Curriculum)'),
	(000248,0015,0000002026,'Teacher (Curriculum)'),
	(000249,0015,0000002025,'Teacher (Curriculum)'),
	(000250,0015,0000001799,'Teacher (Curriculum)'),
	(000251,0015,0000002028,'Teacher (Curriculum)'),
	(000252,0010,0000001104,'Teacher (Curriculum)'),
	(000253,0010,0000001776,'Teacher (Curriculum)'),
	(000254,0010,0000002134,'Teacher (Curriculum)'),
	(000255,0022,0000001110,'Coordinator'),
	(000256,0022,0000002096,'Teacher (Curriculum)'),
	(000257,0016,0000002312,'Teacher (Curriculum)'),
	(000258,0007,0000002312,'Teacher (Curriculum)'),
	(000259,0018,0000001778,'Coordinator'),
	(000260,0018,0000000001,'Teacher (Curriculum)');

/*!40000 ALTER TABLE `gibbonDepartmentStaff` ENABLE KEYS */;
UNLOCK TABLES;


# Dump of table gibbonFamily
# ------------------------------------------------------------

LOCK TABLES `gibbonFamily` WRITE;
/*!40000 ALTER TABLE `gibbonFamily` DISABLE KEYS */;

INSERT INTO `gibbonFamily` (`gibbonFamilyID`, `name`, `nameAddress`, `homeAddress`, `homeAddressDistrict`, `homeAddressCountry`, `status`, `languageHomePrimary`, `languageHomeSecondary`, `familySync`)
VALUES
	(0000001,'0000001','','','','','Married','','',''),
	(0000003,'0000003','','','','','Married','','',''),
	(0000004,'0000004','','','','','Married','','',''),
	(0000005,'0000005','','','','','Married','','',''),
	(0000006,'0000006','','','','','Married','','',''),
	(0000007,'0000007','','','','','Married','','',''),
	(0000008,'0000008','','','','','Married','','',''),
	(0000009,'0000009','','','','','Married','','',''),
	(0000010,'0000010','','','','','Married','','',''),
	(0000011,'0000011','','','','','Married','','',''),
	(0000012,'0000012','','','','','Married','','',''),
	(0000013,'0000013','','','','','Married','','',''),
	(0000014,'0000014','','','','','Married','','',''),
	(0000015,'0000015','','','','','Married','','',''),
	(0000016,'0000016','','','','','Married','','',''),
	(0000017,'0000017','','','','','Married','','',''),
	(0000018,'0000018','','','','','Married','','',''),
	(0000019,'0000019','','','','','Married','','',''),
	(0000020,'0000020','','','','','Married','','',''),
	(0000021,'0000021','','','','','Married','','',''),
	(0000022,'0000022','','','','','Married','','',''),
	(0000023,'0000023','','','','','Married','','',''),
	(0000024,'0000024','','','','','Married','','',''),
	(0000025,'0000025','','','','','Married','','',''),
	(0000026,'0000026','','','','','Married','','',''),
	(0000027,'0000027','','','','','Married','','',''),
	(0000028,'0000028','','','','','Married','','',''),
	(0000030,'0000030','','','','','Married','','',''),
	(0000032,'0000032','','','','','Married','','',''),
	(0000033,'0000033','','','','','Married','','',''),
	(0000034,'0000034','','','','','Married','','',''),
	(0000035,'0000035','','','','','Married','','',''),
	(0000036,'0000036','','','','','Married','','',''),
	(0000037,'0000037','','','','','Married','','',''),
	(0000038,'0000038','','','','','Married','','',''),
	(0000039,'0000039','','','','','Married','','',''),
	(0000041,'0000041','','','','','Married','','',''),
	(0000042,'0000042','','','','','Married','','',''),
	(0000043,'0000043','','','','','Married','','',''),
	(0000044,'0000044','','','','','Married','','',''),
	(0000045,'0000045','','','','','Married','','',''),
	(0000046,'0000046','','','','','Married','','',''),
	(0000047,'0000047','','','','','Married','','',''),
	(0000050,'0000050','','','','','Married','','',''),
	(0000051,'0000051','','','','','Married','','',''),
	(0000052,'0000052','','','','','Married','','',''),
	(0000053,'0000053','','','','','Married','','',''),
	(0000054,'0000054','','','','','Married','','',''),
	(0000055,'0000055','','','','','Married','','',''),
	(0000056,'0000056','','','','','Married','','',''),
	(0000057,'0000057','','','','','Married','','',''),
	(0000058,'0000058','','','','','Married','','',''),
	(0000059,'0000059','','','','','Married','','',''),
	(0000060,'0000060','','','','','Married','','',''),
	(0000061,'0000061','','','','','Married','','',''),
	(0000062,'0000062','','','','','Married','','',''),
	(0000063,'0000063','','','','','Married','','',''),
	(0000065,'0000065','','','','','Married','','',''),
	(0000067,'0000067','','','','','Married','','',''),
	(0000071,'0000071','','','','','Married','','',''),
	(0000072,'0000072','','','','','Married','','',''),
	(0000073,'0000073','','','','','Married','','',''),
	(0000074,'0000074','','','','','Married','','',''),
	(0000075,'0000075','','','','','Married','','',''),
	(0000076,'0000076','','','','','Married','','',''),
	(0000077,'0000077','','','','','Married','','',''),
	(0000078,'0000078','','','','','Married','','',''),
	(0000079,'0000079','','','','','Married','','',''),
	(0000080,'0000080','','','','','Married','','',''),
	(0000081,'0000081','','','','','Married','','',''),
	(0000082,'0000082','','','','','Married','','',''),
	(0000083,'0000083','','','','','Married','','',''),
	(0000084,'0000084','','','','','Married','','',''),
	(0000085,'0000085','','','','','Married','','',''),
	(0000087,'0000087','','','','','Married','','',''),
	(0000088,'0000088','','','','','Married','','',''),
	(0000089,'0000089','','','','','Married','','',''),
	(0000090,'0000090','','','','','Married','','',''),
	(0000091,'0000091','','','','','Married','','',''),
	(0000092,'0000092','','','','','Married','','',''),
	(0000093,'0000093','','','','','Married','','',''),
	(0000095,'0000095','','','','','Married','','',''),
	(0000096,'0000096','','','','','Married','','',''),
	(0000097,'0000097','','','','','Married','','',''),
	(0000098,'0000098','','','','','Married','','',''),
	(0000099,'0000099','','','','','Married','','',''),
	(0000101,'0000101','','','','','Married','','',''),
	(0000102,'0000102','','','','','Married','','',''),
	(0000103,'0000103','','','','','Married','','',''),
	(0000105,'0000105','','','','','Married','','',''),
	(0000106,'0000106','','','','','Married','','',''),
	(0000107,'0000107','','','','','Married','','',''),
	(0000108,'0000108','','','','','Married','','',''),
	(0000109,'0000109','','','','','Married','','',''),
	(0000110,'0000110','','','','','Married','','',''),
	(0000111,'0000111','','','','','Married','','',''),
	(0000112,'0000112','','','','','Married','','',''),
	(0000114,'0000114','','','','','Married','','',''),
	(0000116,'0000116','','','','','Married','','',''),
	(0000117,'0000117','','','','','Married','','',''),
	(0000118,'0000118','','','','','Married','','',''),
	(0000121,'0000121','','','','','Married','','',''),
	(0000123,'0000123','','','','','Married','','',''),
	(0000124,'0000124','','','','','Married','','',''),
	(0000125,'0000125','','','','','Married','','',''),
	(0000126,'0000126','','','','','Married','','',''),
	(0000128,'0000128','','','','','Married','','',''),
	(0000129,'0000129','','','','','Married','','',''),
	(0000130,'0000130','','','','','Married','','',''),
	(0000131,'0000131','','','','','Married','','',''),
	(0000132,'0000132','','','','','Married','','',''),
	(0000134,'0000134','','','','','Married','','',''),
	(0000135,'0000135','','','','','Married','','',''),
	(0000137,'0000137','','','','','Married','','',''),
	(0000138,'0000138','','','','','Married','','',''),
	(0000139,'0000139','','','','','Married','','',''),
	(0000140,'0000140','','','','','Married','','',''),
	(0000141,'0000141','','','','','Married','','',''),
	(0000142,'0000142','','','','','Married','','',''),
	(0000143,'0000143','','','','','Married','','',''),
	(0000145,'0000145','','','','','Married','','',''),
	(0000146,'0000146','','','','','Married','','',''),
	(0000147,'0000147','','','','','Married','','',''),
	(0000148,'0000148','','','','','Married','','',''),
	(0000149,'0000149','','','','','Married','','',''),
	(0000150,'0000150','','','','','Married','','',''),
	(0000151,'0000151','','','','','Married','','',''),
	(0000152,'0000152','','','','','Married','','',''),
	(0000153,'0000153','','','','','Married','','',''),
	(0000154,'0000154','','','','','Married','','',''),
	(0000155,'0000155','','','','','Married','','',''),
	(0000156,'0000156','','','','','Married','','',''),
	(0000157,'0000157','','','','','Married','','',''),
	(0000158,'0000158','','','','','Married','','',''),
	(0000159,'0000159','','','','','Married','','',''),
	(0000160,'0000160','','','','','Married','','',''),
	(0000161,'0000161','','','','','Married','','',''),
	(0000162,'0000162','','','','','Married','','',''),
	(0000163,'0000163','','','','','Married','','',''),
	(0000164,'0000164','','','','','Married','','',''),
	(0000165,'0000165','','','','','Married','','',''),
	(0000166,'0000166','','','','','Married','','',''),
	(0000167,'0000167','','','','','Married','','',''),
	(0000168,'0000168','','','','','Married','','',''),
	(0000169,'0000169','','','','','Married','','',''),
	(0000170,'0000170','','','','','Married','','',''),
	(0000171,'0000171','','','','','Married','','',''),
	(0000172,'0000172','','','','','Married','','',''),
	(0000173,'0000173','','','','','Married','','',''),
	(0000174,'0000174','','','','','Married','','',''),
	(0000175,'0000175','','','','','Married','','',''),
	(0000176,'0000176','','','','','Married','','',''),
	(0000177,'0000177','','','','','Married','','',''),
	(0000178,'0000178','','','','','Married','','',''),
	(0000179,'0000179','','','','','Married','','',''),
	(0000180,'0000180','','','','','Married','','',''),
	(0000181,'0000181','','','','','Married','','',''),
	(0000182,'0000182','','','','','Married','','',''),
	(0000185,'0000185','','','','','Married','','',''),
	(0000187,'0000187','','','','','Married','','',''),
	(0000188,'0000188','','','','','Married','','',''),
	(0000189,'0000189','','','','','Married','','',''),
	(0000190,'0000190','','','','','Married','','',''),
	(0000191,'0000191','','','','','Married','','',''),
	(0000193,'0000193','','','','','Married','','',''),
	(0000194,'0000194','','','','','Married','','',''),
	(0000195,'0000195','','','','','Married','','',''),
	(0000196,'0000196','','','','','Married','','',''),
	(0000197,'0000197','','','','','Married','','',''),
	(0000198,'0000198','','','','','Married','','',''),
	(0000199,'0000199','','','','','Married','','',''),
	(0000200,'0000200','','','','','Married','','',''),
	(0000201,'0000201','','','','','Married','','',''),
	(0000202,'0000202','','','','','Married','','',''),
	(0000204,'0000204','','','','','Married','','',''),
	(0000205,'0000205','','','','','Married','','',''),
	(0000206,'0000206','','','','','Married','','',''),
	(0000207,'0000207','','','','','Married','','',''),
	(0000208,'0000208','','','','','Married','','',''),
	(0000210,'0000210','','','','','Married','','',''),
	(0000211,'0000211','','','','','Married','','',''),
	(0000212,'0000212','','','','','Married','','',''),
	(0000213,'0000213','','','','','Married','','',''),
	(0000214,'0000214','','','','','Married','','',''),
	(0000215,'0000215','','','','','Married','','',''),
	(0000216,'0000216','','','','','Married','','',''),
	(0000221,'0000221','','','','','Married','','',''),
	(0000222,'0000222','','','','','Married','','',''),
	(0000223,'0000223','','','','','Married','','',''),
	(0000224,'0000224','','','','','Married','','',''),
	(0000225,'0000225','','','','','Married','','',''),
	(0000227,'0000227','','','','','Married','','',''),
	(0000228,'0000228','','','','','Married','','',''),
	(0000229,'0000229','','','','','Married','','',''),
	(0000230,'0000230','','','','','Married','','',''),
	(0000231,'0000231','','','','','Married','','',''),
	(0000232,'0000232','','','','','Married','','',''),
	(0000234,'0000234','','','','','Married','','',''),
	(0000235,'0000235','','','','','Married','','',''),
	(0000236,'0000236','','','','','Married','','',''),
	(0000237,'0000237','','','','','Married','','',''),
	(0000238,'0000238','','','','','Married','','',''),
	(0000239,'0000239','','','','','Married','','',''),
	(0000240,'0000240','','','','','Married','','',''),
	(0000241,'0000241','','','','','Married','','',''),
	(0000244,'0000244','','','','','Married','','',''),
	(0000246,'0000246','','','','','Married','','',''),
	(0000247,'0000247','','','','','Married','','',''),
	(0000248,'0000248','','','','','Married','','',''),
	(0000249,'0000249','','','','','Married','','',''),
	(0000250,'0000250','','','','','Married','','',''),
	(0000251,'0000251','','','','','Married','','',''),
	(0000252,'0000252','','','','','Married','','',''),
	(0000253,'0000253','','','','','Married','','',''),
	(0000254,'0000254','','','','','Married','','',''),
	(0000256,'0000256','','','','','Married','','',''),
	(0000257,'0000257','','','','','Married','','',''),
	(0000258,'0000258','','','','','Married','','',''),
	(0000259,'0000259','','','','','Married','','',''),
	(0000260,'0000260','','','','','Married','','',''),
	(0000261,'0000261','','','','','Married','','',''),
	(0000262,'0000262','','','','','Married','','',''),
	(0000263,'0000263','','','','','Married','','',''),
	(0000264,'0000264','','','','','Married','','',''),
	(0000265,'0000265','','','','','Married','','',''),
	(0000267,'0000267','','','','','Married','','',''),
	(0000268,'0000268','','','','','Married','','',''),
	(0000269,'0000269','','','','','Married','','',''),
	(0000270,'0000270','','','','','Married','','',''),
	(0000271,'0000271','','','','','Married','','',''),
	(0000272,'0000272','','','','','Married','','',''),
	(0000273,'0000273','','','','','Married','','',''),
	(0000274,'0000274','','','','','Married','','',''),
	(0000275,'0000275','','','','','Married','','',''),
	(0000276,'0000276','','','','','Married','','',''),
	(0000279,'0000279','','','','','Married','','',''),
	(0000282,'0000282','','','','','Married','','',''),
	(0000283,'0000283','','','','','Married','','',''),
	(0000284,'0000284','','','','','Married','','',''),
	(0000285,'0000285','','','','','Married','','',''),
	(0000287,'0000287','','','','','Married','','',''),
	(0000288,'0000288','','','','','Married','','',''),
	(0000289,'0000289','','','','','Married','','',''),
	(0000292,'0000292','','','','','Married','','',''),
	(0000293,'0000293','','','','','Married','','',''),
	(0000294,'0000294','','','','','Married','','',''),
	(0000295,'0000295','','','','','Married','','',''),
	(0000296,'0000296','','','','','Married','','',''),
	(0000297,'0000297','','','','','Married','','',''),
	(0000298,'0000298','','','','','Married','','',''),
	(0000299,'0000299','','','','','Married','','',''),
	(0000300,'0000300','','','','','Married','','',''),
	(0000303,'0000303','','','','','Married','','',''),
	(0000304,'0000304','','','','','Married','','',''),
	(0000305,'0000305','','','','','Married','','',''),
	(0000307,'0000307','','','','','Married','','',''),
	(0000308,'0000308','','','','','Married','','',''),
	(0000309,'0000309','','','','','Married','','',''),
	(0000310,'0000310','','','','','Married','','',''),
	(0000312,'0000312','','','','','Married','','',''),
	(0000313,'0000313','','','','','Married','','',''),
	(0000314,'0000314','','','','','Married','','',''),
	(0000315,'0000315','','','','','Married','','',''),
	(0000316,'0000316','','','','','Married','','',''),
	(0000317,'0000317','','','','','Married','','',''),
	(0000318,'0000318','','','','','Married','','',''),
	(0000320,'0000320','','','','','Married','','',''),
	(0000321,'0000321','','','','','Married','','',''),
	(0000322,'0000322','','','','','Married','','',''),
	(0000325,'0000325','','','','','Married','','',''),
	(0000326,'0000326','','','','','Married','','',''),
	(0000327,'0000327','','','','','Married','','',''),
	(0000328,'0000328','','','','','Married','','',''),
	(0000329,'0000329','','','','','Married','','',''),
	(0000330,'0000330','','','','','Married','','',''),
	(0000331,'0000331','','','','','Married','','',''),
	(0000332,'0000332','','','','','Married','','',''),
	(0000333,'0000333','','','','','Married','','',''),
	(0000334,'0000334','','','','','Married','','',''),
	(0000335,'0000335','','','','','Married','','',''),
	(0000336,'0000336','','','','','Married','','',''),
	(0000337,'0000337','','','','','Married','','',''),
	(0000338,'0000338','','','','','Married','','',''),
	(0000339,'0000339','','','','','Married','','',''),
	(0000340,'0000340','','','','','Married','','',''),
	(0000341,'0000341','','','','','Married','','',''),
	(0000342,'0000342','','','','','Married','','',''),
	(0000344,'0000344','','','','','Married','','',''),
	(0000345,'0000345','','','','','Married','','',''),
	(0000346,'0000346','','','','','Married','','',''),
	(0000347,'0000347','','','','','Married','','',''),
	(0000348,'0000348','','','','','Married','','',''),
	(0000349,'0000349','','','','','Married','','',''),
	(0000350,'0000350','','','','','Married','','',''),
	(0000351,'0000351','','','','','Married','','',''),
	(0000352,'0000352','','','','','Married','','',''),
	(0000353,'0000353','','','','','Married','','',''),
	(0000354,'0000354','','','','','Married','','',''),
	(0000355,'0000355','','','','','Married','','',''),
	(0000356,'0000356','','','','','Married','','',''),
	(0000357,'0000357','','','','','Married','','',''),
	(0000358,'0000358','','','','','Married','','',''),
	(0000360,'0000360','','','','','Married','','',''),
	(0000361,'0000361','','','','','Married','','',''),
	(0000363,'0000363','','','','','Married','','',''),
	(0000364,'0000364','','','','','Married','','',''),
	(0000365,'0000365','','','','','Married','','',''),
	(0000366,'0000366','','','','','Married','','',''),
	(0000367,'0000367','','','','','Married','','',''),
	(0000368,'0000368','','','','','Married','','',''),
	(0000369,'0000369','','','','','Married','','',''),
	(0000370,'0000370','','','','','Married','','',''),
	(0000371,'0000371','','','','','Married','','',''),
	(0000372,'0000372','','','','','Married','','',''),
	(0000373,'0000373','','','','','Married','','',''),
	(0000374,'0000374','','','','','Married','','',''),
	(0000376,'0000376','','','','','Married','','',''),
	(0000377,'0000377','','','','','Married','','',''),
	(0000378,'0000378','','','','','Married','','',''),
	(0000379,'0000379','','','','','Married','','',''),
	(0000380,'0000380','','','','','Married','','',''),
	(0000381,'0000381','','','','','Married','','',''),
	(0000382,'0000382','','','','','Married','','',''),
	(0000383,'0000383','','','','','Married','','',''),
	(0000384,'0000384','','','','','Married','','',''),
	(0000385,'0000385','','','','','Married','','',''),
	(0000386,'0000386','','','','','Married','','',''),
	(0000387,'0000387','','','','','Married','','',''),
	(0000389,'0000389','','','','','Married','','',''),
	(0000390,'0000390','','','','','Married','','',''),
	(0000391,'0000391','','','','','Married','','',''),
	(0000392,'0000392','','','','','Married','','',''),
	(0000393,'0000393','','','','','Married','','',''),
	(0000394,'0000394','','','','','Married','','',''),
	(0000395,'0000395','','','','','Married','','',''),
	(0000396,'0000396','','','','','Married','','',''),
	(0000398,'0000398','','','','','Married','','',''),
	(0000399,'0000399','','','','','Married','','',''),
	(0000400,'0000400','','','','','Married','','',''),
	(0000403,'0000403','','','','','Married','','',''),
	(0000404,'0000404','','','','','Married','','',''),
	(0000405,'0000405','','','','','Married','','',''),
	(0000406,'0000406','','','','','Married','','',''),
	(0000407,'0000407','','','','','Married','','',''),
	(0000408,'0000408','','','','','Married','','',''),
	(0000409,'0000409','','','','','Married','','',''),
	(0000410,'0000410','','','','','Married','','',''),
	(0000411,'0000411','','','','','Married','','',''),
	(0000412,'0000412','','','','','Married','','',''),
	(0000413,'0000413','','','','','Married','','',''),
	(0000414,'0000414','','','','','Married','','',''),
	(0000415,'0000415','','','','','Married','','',''),
	(0000416,'0000416','','','','','Married','','',''),
	(0000418,'0000418','','','','','Married','','',''),
	(0000419,'0000419','','','','','Married','','',''),
	(0000422,'0000422','','','','','Married','','',''),
	(0000425,'0000425','','','','','Married','','',''),
	(0000426,'0000426','','','','','Married','','',''),
	(0000427,'0000427','','','','','Married','','',''),
	(0000429,'0000429','','','','','Married','','',''),
	(0000430,'0000430','','','','','Married','','',''),
	(0000431,'0000431','','','','','Married','','',''),
	(0000432,'0000432','','','','','Married','','',''),
	(0000433,'0000433','','','','','Married','','',''),
	(0000434,'0000434','','','','','Married','','',''),
	(0000435,'0000435','','','','','Married','','',''),
	(0000436,'0000436','','','','','Married','','',''),
	(0000437,'0000437','','','','','Married','','',''),
	(0000438,'0000438','','','','','Married','','',''),
	(0000439,'0000439','','','','','Married','','',''),
	(0000440,'0000440','','','','','Married','','',''),
	(0000441,'0000441','','','','','Married','','',''),
	(0000444,'0000444','','','','','Married','','',''),
	(0000445,'0000445','','','','','Married','','',''),
	(0000446,'0000446','','','','','Married','','',''),
	(0000447,'0000447','','','','','Married','','',''),
	(0000448,'0000448','','','','','Married','','',''),
	(0000449,'0000449','','','','','Married','','',''),
	(0000450,'0000450','','','','','Married','','',''),
	(0000451,'0000451','','','','','Married','','',''),
	(0000452,'0000452','','','','','Married','','',''),
	(0000453,'0000453','','','','','Married','','',''),
	(0000454,'0000454','','','','','Married','','',''),
	(0000456,'0000456','','','','','Married','','',''),
	(0000457,'0000457','','','','','Married','','',''),
	(0000460,'0000460','','','','','Married','','',''),
	(0000461,'0000461','','','','','Married','','',''),
	(0000462,'0000462','','','','','Married','','',''),
	(0000463,'0000463','','','','','Married','','',''),
	(0000464,'0000464','','','','','Married','','',''),
	(0000466,'0000466','','','','','Married','','',''),
	(0000467,'0000467','','','','','Married','','',''),
	(0000468,'0000468','','','','','Married','','',''),
	(0000469,'0000469','','','','','Married','','',''),
	(0000470,'0000470','','','','','Married','','',''),
	(0000471,'0000471','','','','','Married','','',''),
	(0000472,'0000472','','','','','Married','','',''),
	(0000473,'0000473','','','','','Married','','',''),
	(0000475,'0000475','','','','','Married','','',''),
	(0000476,'0000476','','','','','Married','','',''),
	(0000477,'0000477','','','','','Married','','',''),
	(0000479,'0000479','','','','','Married','','',''),
	(0000480,'0000480','','','','','Married','','',''),
	(0000482,'0000482','','','','','Married','','',''),
	(0000484,'0000484','','','','','Married','','',''),
	(0000486,'0000486','','','','','Married','','',''),
	(0000489,'0000489','','','','','Married','','',''),
	(0000490,'0000490','','','','','Married','','',''),
	(0000491,'0000491','','','','','Married','','',''),
	(0000492,'0000492','','','','','Married','','',''),
	(0000494,'0000494','','','','','Married','','',''),
	(0000495,'0000495','','','','','Married','','',''),
	(0000496,'0000496','','','','','Married','','',''),
	(0000497,'0000497','','','','','Married','','',''),
	(0000498,'0000498','','','','','Married','','',''),
	(0000499,'0000499','','','','','Married','','',''),
	(0000500,'0000500','','','','','Married','','',''),
	(0000501,'0000501','','','','','Married','','',''),
	(0000502,'0000502','','','','','Married','','',''),
	(0000504,'0000504','','','','','Married','','',''),
	(0000505,'0000505','','','','','Married','','',''),
	(0000506,'0000506','','','','','Married','','',''),
	(0000507,'0000507','','','','','Married','','',''),
	(0000508,'0000508','','','','','Married','','',''),
	(0000509,'0000509','','','','','Married','','',''),
	(0000511,'0000511','','','','','Married','','',''),
	(0000513,'0000513','','','','','Married','','',''),
	(0000514,'0000514','','','','','Married','','',''),
	(0000515,'0000515','','','','','Married','','',''),
	(0000516,'0000516','','','','','Married','','',''),
	(0000517,'0000517','','','','','Married','','',''),
	(0000518,'0000518','','','','','Married','','',''),
	(0000519,'0000519','','','','','Married','','',''),
	(0000520,'0000520','','','','','Married','','',''),
	(0000521,'0000521','','','','','Married','','',''),
	(0000524,'0000524','','','','','Married','','',''),
	(0000525,'0000525','','','','','Married','','',''),
	(0000526,'0000526','','','','','Married','','',''),
	(0000527,'0000527','','','','','Married','','',''),
	(0000528,'0000528','','','','','Married','','',''),
	(0000529,'0000529','','','','','Married','','',''),
	(0000532,'0000532','','','','','Married','','',''),
	(0000533,'0000533','','','','','Married','','',''),
	(0000534,'0000534','','','','','Married','','',''),
	(0000535,'0000535','','','','','Married','','',''),
	(0000536,'0000536','','','','','Married','','',''),
	(0000537,'0000537','','','','','Married','','',''),
	(0000538,'0000538','','','','','Married','','',''),
	(0000539,'0000539','','','','','Married','','',''),
	(0000541,'0000541','','','','','Married','','',''),
	(0000542,'0000542','','','','','Married','','',''),
	(0000543,'0000543','','','','','Married','','',''),
	(0000544,'0000544','','','','','Married','','',''),
	(0000545,'0000545','','','','','Married','','',''),
	(0000546,'0000546','','','','','Married','','',''),
	(0000547,'0000547','','','','','Married','','',''),
	(0000548,'0000548','','','','','Married','','',''),
	(0000549,'0000549','','','','','Married','','',''),
	(0000550,'0000550','','','','','Married','','',''),
	(0000551,'0000551','','','','','Married','','',''),
	(0000552,'0000552','','','','','Married','','',''),
	(0000553,'0000553','','','','','Married','','',''),
	(0000554,'0000554','','','','','Married','','',''),
	(0000555,'0000555','','','','','Married','','',''),
	(0000556,'0000556','','','','','Married','','',''),
	(0000557,'0000557','','','','','Married','','',''),
	(0000558,'0000558','','','','','Married','','',''),
	(0000559,'0000559','','','','','Married','','',''),
	(0000561,'0000561','','','','','Married','','',''),
	(0000562,'0000562','','','','','Married','','',''),
	(0000563,'0000563','','','','','Married','','',''),
	(0000564,'0000564','','','','','Married','','',''),
	(0000565,'0000565','','','','','Married','','',''),
	(0000566,'0000566','','','','','Married','','',''),
	(0000568,'0000568','','','','','Married','','',''),
	(0000569,'0000569','','','','','Married','','',''),
	(0000571,'0000571','','','','','Married','','',''),
	(0000573,'0000573','','','','','Married','','',''),
	(0000574,'0000574','','','','','Married','','',''),
	(0000575,'0000575','','','','','Married','','',''),
	(0000577,'0000577','','','','','Married','','',''),
	(0000578,'0000578','','','','','Married','','',''),
	(0000580,'0000580','','','','','Married','','',''),
	(0000582,'0000582','','','','','Married','','',''),
	(0000583,'0000583','','','','','Married','','',''),
	(0000584,'0000584','','','','','Married','','',''),
	(0000586,'0000586','','','','','Married','','',''),
	(0000587,'0000587','','','','','Married','','',''),
	(0000588,'0000588','','','','','Married','','',''),
	(0000589,'0000589','','','','','Married','','',''),
	(0000590,'0000590','','','','','Married','','',''),
	(0000591,'0000591','','','','','Married','','',''),
	(0000592,'0000592','','','','','Married','','',''),
	(0000593,'0000593','','','','','Married','','',''),
	(0000594,'0000594','','','','','Married','','',''),
	(0000595,'0000595','','','','','Married','','',''),
	(0000596,'0000596','','','','','Married','','',''),
	(0000598,'0000598','','','','','Married','','',''),
	(0000599,'0000599','','','','','Married','','',''),
	(0000600,'0000600','','','','','Married','','',''),
	(0000601,'0000601','','','','','Married','','',''),
	(0000602,'0000602','','','','','Married','','',''),
	(0000603,'0000603','','','','','Married','','',''),
	(0000604,'0000604','','','','','Married','','',''),
	(0000606,'0000606','','','','','Married','','',''),
	(0000607,'0000607','','','','','Married','','',''),
	(0000608,'0000608','','','','','Married','','',''),
	(0000609,'0000609','','','','','Married','','',''),
	(0000610,'0000610','','','','','Married','','',''),
	(0000612,'0000612','','','','','Married','','',''),
	(0000613,'0000613','','','','','Married','','',''),
	(0000614,'0000614','','','','','Married','','',''),
	(0000615,'0000615','','','','','Married','','',''),
	(0000616,'0000616','','','','','Married','','',''),
	(0000617,'0000617','','','','','Married','','',''),
	(0000618,'0000618','','','','','Married','','',''),
	(0000619,'0000619','','','','','Married','','',''),
	(0000620,'0000620','','','','','Married','','',''),
	(0000621,'0000621','','','','','Married','','',''),
	(0000622,'0000622','','','','','Married','','',''),
	(0000623,'0000623','','','','','Married','','',''),
	(0000625,'0000625','','','','','Married','','',''),
	(0000626,'0000626','','','','','Married','','',''),
	(0000627,'0000627','','','','','Married','','',''),
	(0000628,'0000628','','','','','Married','','',''),
	(0000629,'0000629','','','','','Married','','',''),
	(0000630,'0000630','','','','','Married','','',''),
	(0000631,'0000631','','','','','Married','','',''),
	(0000632,'0000632','','','','','Married','','',''),
	(0000633,'0000633','','','','','Married','','',''),
	(0000634,'0000634','','','','','Married','','',''),
	(0000635,'0000635','','','','','Married','','',''),
	(0000637,'0000637','','','','','Married','','',''),
	(0000638,'0000638','','','','','Married','','',''),
	(0000639,'0000639','','','','','Married','','',''),
	(0000641,'0000641','','','','','Married','','',''),
	(0000642,'0000642','','','','','Married','','',''),
	(0000643,'0000643','','','','','Married','','',''),
	(0000644,'0000644','','','','','Married','','',''),
	(0000645,'0000645','','','','','Married','','',''),
	(0000646,'0000646','','','','','Married','','',''),
	(0000647,'0000647','','','','','Married','','',''),
	(0000648,'0000648','','','','','Married','','',''),
	(0000649,'0000649','','','','','Married','','',''),
	(0000650,'0000650','','','','','Married','','',''),
	(0000651,'0000651','','','','','Married','','',''),
	(0000652,'0000652','','','','','Married','','',''),
	(0000654,'0000654','','','','','Married','','',''),
	(0000655,'0000655','','','','','Married','','',''),
	(0000656,'0000656','','','','','Married','','',''),
	(0000657,'0000657','','','','','Married','','',''),
	(0000658,'0000658','','','','','Married','','',''),
	(0000659,'0000659','','','','','Married','','',''),
	(0000660,'0000660','','','','','Married','','',''),
	(0000661,'0000661','','','','','Married','','',''),
	(0000662,'0000662','','','','','Married','','',''),
	(0000663,'0000663','','','','','Married','','',''),
	(0000664,'0000664','','','','','Married','','',''),
	(0000669,'0000669','','','','','Married','','',''),
	(0000670,'0000670','','','','','Married','','',''),
	(0000671,'0000671','','','','','Married','','',''),
	(0000672,'0000672','','','','','Married','','',''),
	(0000673,'0000673','','','','','Married','','',''),
	(0000674,'0000674','','','','','Married','','',''),
	(0000675,'0000675','','','','','Married','','',''),
	(0000676,'0000676','','','','','Married','','',''),
	(0000677,'0000677','','','','','Married','','',''),
	(0000678,'0000678','','','','','Married','','',''),
	(0000679,'0000679','','','','','Married','','',''),
	(0000680,'0000680','','','','','Married','','',''),
	(0000681,'0000681','','','','','Married','','',''),
	(0000682,'0000682','','','','','Married','','',''),
	(0000683,'0000683','','','','','Married','','',''),
	(0000684,'0000684','','','','','Married','','',''),
	(0000685,'0000685','','','','','Married','','',''),
	(0000686,'0000686','','','','','Married','','',''),
	(0000687,'0000687','','','','','Married','','',''),
	(0000688,'0000688','','','','','Married','','',''),
	(0000689,'0000689','','','','','Married','','',''),
	(0000690,'0000690','','','','','Married','','',''),
	(0000691,'0000691','','','','','Married','','',''),
	(0000692,'0000692','','','','','Married','','',''),
	(0000693,'0000693','','','','','Married','','',''),
	(0000694,'0000694','','','','','Married','','',''),
	(0000695,'0000695','','','','','Married','','',''),
	(0000696,'0000696','','','','','Married','','',''),
	(0000698,'0000698','','','','','Married','','',''),
	(0000699,'0000699','','','','','Married','','',''),
	(0000700,'0000700','','','','','Married','','',''),
	(0000701,'0000701','','','','','Married','','',''),
	(0000702,'0000702','','','','','Married','','',''),
	(0000704,'0000704','','','','','Married','','',''),
	(0000705,'0000705','','','','','Married','','',''),
	(0000706,'0000706','','','','','Married','','',''),
	(0000707,'0000707','','','','','Married','','',''),
	(0000708,'0000708','','','','','Married','','',''),
	(0000709,'0000709','','','','','Married','','',''),
	(0000710,'0000710','','','','','Married','','',''),
	(0000711,'0000711','','','','','Married','','',''),
	(0000712,'0000712','','','','','Married','','',''),
	(0000713,'0000713','','','','','Married','','',''),
	(0000714,'0000714','','','','','Married','','',''),
	(0000715,'0000715','','','','','Married','','',''),
	(0000716,'0000716','','','','','Married','','',''),
	(0000717,'0000717','','','','','Married','','',''),
	(0000718,'0000718','','','','','Married','','',''),
	(0000719,'0000719','','','','','Married','','',''),
	(0000720,'0000720','','','','','Married','','',''),
	(0000721,'0000721','','','','','Married','','',''),
	(0000722,'0000722','','','','','Married','','',''),
	(0000723,'0000723','','','','','Married','','',''),
	(0000724,'0000724','','','','','Married','','',''),
	(0000725,'0000725','','','','','Married','','','');

/*!40000 ALTER TABLE `gibbonFamily` ENABLE KEYS */;
UNLOCK TABLES;


# Dump of table gibbonFamilyAdult
# ------------------------------------------------------------

LOCK TABLES `gibbonFamilyAdult` WRITE;
/*!40000 ALTER TABLE `gibbonFamilyAdult` DISABLE KEYS */;

INSERT INTO `gibbonFamilyAdult` (`gibbonFamilyAdultID`, `gibbonFamilyID`, `gibbonPersonID`, `comment`, `childDataAccess`, `contactPriority`, `contactCall`, `contactSMS`, `contactEmail`, `contactMail`)
VALUES
	(00000010,0000001,0000000148,'','Y',2,'Y','Y','Y','Y'),
	(00000011,0000001,0000000149,'','Y',1,'Y','Y','Y','Y'),
	(00000012,0000003,0000000152,'','Y',2,'Y','Y','Y','Y'),
	(00000013,0000003,0000000153,'','Y',1,'Y','Y','Y','Y'),
	(00000014,0000004,0000000154,'','Y',2,'Y','Y','Y','Y'),
	(00000015,0000004,0000000155,'','Y',1,'Y','Y','Y','Y'),
	(00000016,0000005,0000000157,'','Y',2,'Y','Y','Y','Y'),
	(00000017,0000005,0000000158,'','Y',1,'Y','Y','Y','Y'),
	(00000018,0000006,0000000159,'','Y',2,'Y','Y','Y','Y'),
	(00000019,0000006,0000000160,'','Y',1,'Y','Y','Y','Y'),
	(00000020,0000007,0000000161,'','Y',2,'Y','Y','Y','Y'),
	(00000021,0000007,0000000162,'','Y',1,'Y','Y','Y','Y'),
	(00000022,0000008,0000000163,'','Y',2,'Y','Y','Y','Y'),
	(00000023,0000008,0000000164,'','Y',1,'Y','Y','Y','Y'),
	(00000024,0000009,0000000165,'','Y',2,'Y','Y','Y','Y'),
	(00000025,0000009,0000000166,'','Y',1,'Y','Y','Y','Y'),
	(00000026,0000010,0000000167,'','Y',2,'Y','Y','Y','Y'),
	(00000027,0000010,0000000168,'','Y',1,'Y','Y','Y','Y'),
	(00000028,0000012,0000000172,'','Y',2,'Y','Y','Y','Y'),
	(00000029,0000012,0000000173,'','Y',1,'Y','Y','Y','Y'),
	(00000030,0000013,0000000175,'','Y',1,'Y','Y','Y','Y'),
	(00000031,0000013,0000000174,'','Y',2,'Y','Y','Y','Y'),
	(00000032,0000014,0000000176,'','Y',2,'Y','Y','Y','Y'),
	(00000033,0000014,0000000177,'','Y',1,'Y','Y','Y','Y'),
	(00000034,0000015,0000000178,'','Y',2,'Y','Y','Y','Y'),
	(00000035,0000015,0000000179,'','Y',1,'Y','Y','Y','Y'),
	(00000036,0000016,0000000180,'','Y',2,'Y','Y','Y','Y'),
	(00000037,0000016,0000000181,'','Y',1,'Y','Y','Y','Y'),
	(00000038,0000017,0000000182,'','Y',2,'Y','Y','Y','Y'),
	(00000039,0000017,0000000183,'','Y',1,'Y','Y','Y','Y'),
	(00000040,0000018,0000000184,'','Y',1,'Y','Y','Y','Y'),
	(00000041,0000019,0000000185,'','Y',2,'Y','Y','Y','Y'),
	(00000042,0000019,0000000186,'','Y',1,'Y','Y','Y','Y'),
	(00000043,0000020,0000000187,'','Y',2,'Y','Y','Y','Y'),
	(00000044,0000020,0000000188,'','Y',1,'Y','Y','Y','Y'),
	(00000045,0000021,0000000189,'','Y',2,'Y','Y','Y','Y'),
	(00000046,0000021,0000000190,'','Y',1,'Y','Y','Y','Y'),
	(00000047,0000022,0000000191,'','Y',2,'Y','Y','Y','Y'),
	(00000048,0000022,0000000192,'','Y',1,'Y','Y','Y','Y'),
	(00000049,0000023,0000000193,'','Y',2,'Y','Y','Y','Y'),
	(00000050,0000023,0000000194,'','Y',1,'Y','Y','Y','Y'),
	(00000051,0000024,0000000195,'','Y',2,'Y','Y','Y','Y'),
	(00000052,0000024,0000000196,'','Y',1,'Y','Y','Y','Y'),
	(00000053,0000025,0000000197,'','Y',2,'Y','Y','Y','Y'),
	(00000054,0000025,0000000198,'','Y',1,'Y','Y','Y','Y'),
	(00000055,0000026,0000000199,'','Y',2,'Y','Y','Y','Y'),
	(00000056,0000026,0000000200,'','Y',1,'Y','Y','Y','Y'),
	(00000057,0000027,0000000201,'','Y',2,'Y','Y','Y','Y'),
	(00000058,0000027,0000000202,'','Y',1,'Y','Y','Y','Y'),
	(00000059,0000028,0000000203,'','Y',2,'Y','Y','Y','Y'),
	(00000060,0000028,0000000204,'','Y',1,'Y','Y','Y','Y'),
	(00000063,0000030,0000000207,'','Y',2,'Y','Y','Y','Y'),
	(00000064,0000030,0000000208,'','Y',1,'Y','Y','Y','Y'),
	(00000067,0000032,0000000211,'','Y',2,'Y','Y','Y','Y'),
	(00000068,0000032,0000000212,'','Y',1,'Y','Y','Y','Y'),
	(00000069,0000033,0000000213,'','Y',2,'Y','Y','Y','Y'),
	(00000070,0000033,0000000214,'','Y',1,'Y','Y','Y','Y'),
	(00000071,0000034,0000000215,'','Y',2,'Y','Y','Y','Y'),
	(00000072,0000034,0000000216,'','Y',1,'Y','Y','Y','Y'),
	(00000073,0000035,0000000217,'','Y',2,'Y','Y','Y','Y'),
	(00000074,0000035,0000000218,'','Y',1,'Y','Y','Y','Y'),
	(00000075,0000036,0000000219,'','Y',2,'Y','Y','Y','Y'),
	(00000076,0000036,0000000220,'','Y',1,'Y','Y','Y','Y'),
	(00000077,0000037,0000000221,'','Y',2,'Y','Y','Y','Y'),
	(00000078,0000037,0000000222,'','Y',1,'Y','Y','Y','Y'),
	(00000079,0000038,0000000226,'','Y',2,'Y','Y','Y','Y'),
	(00000080,0000038,0000000227,'','Y',1,'Y','Y','Y','Y'),
	(00000081,0000039,0000000228,'','Y',2,'Y','Y','Y','Y'),
	(00000082,0000039,0000000229,'','Y',1,'Y','Y','Y','Y'),
	(00000083,0000041,0000000230,'','Y',2,'Y','Y','Y','Y'),
	(00000084,0000041,0000000231,'','Y',1,'Y','Y','Y','Y'),
	(00000085,0000042,0000000232,'','Y',2,'Y','Y','Y','Y'),
	(00000086,0000042,0000000233,'','Y',1,'Y','Y','Y','Y'),
	(00000087,0000043,0000000234,'','Y',2,'Y','Y','Y','Y'),
	(00000088,0000043,0000000235,'','Y',1,'Y','Y','Y','Y'),
	(00000089,0000044,0000000236,'','Y',2,'Y','Y','Y','Y'),
	(00000090,0000044,0000000237,'','Y',1,'Y','Y','Y','Y'),
	(00000091,0000045,0000000238,'','Y',2,'Y','Y','Y','Y'),
	(00000092,0000045,0000000239,'','Y',1,'Y','Y','Y','Y'),
	(00000093,0000046,0000000240,'','Y',2,'Y','Y','Y','Y'),
	(00000094,0000046,0000000241,'','Y',1,'Y','Y','Y','Y'),
	(00000095,0000047,0000000242,'','Y',2,'Y','Y','Y','Y'),
	(00000096,0000047,0000000243,'','Y',1,'Y','Y','Y','Y'),
	(00000099,0000050,0000000244,'','Y',2,'Y','Y','Y','Y'),
	(00000100,0000050,0000000245,'','Y',1,'Y','Y','Y','Y'),
	(00000101,0000051,0000000246,'','Y',2,'Y','Y','Y','Y'),
	(00000102,0000051,0000000247,'','Y',1,'Y','Y','Y','Y'),
	(00000103,0000052,0000000248,'','Y',2,'Y','Y','Y','Y'),
	(00000104,0000052,0000000249,'','Y',1,'Y','Y','Y','Y'),
	(00000105,0000053,0000000250,'','Y',2,'Y','Y','Y','Y'),
	(00000106,0000053,0000000251,'','Y',1,'Y','Y','Y','Y'),
	(00000107,0000054,0000000252,'','Y',1,'Y','Y','Y','Y'),
	(00000108,0000054,0000000253,'','Y',1,'Y','Y','Y','Y'),
	(00000109,0000055,0000000254,'','Y',2,'Y','Y','Y','Y'),
	(00000110,0000055,0000000255,'','Y',1,'Y','Y','Y','Y'),
	(00000111,0000056,0000000256,'','Y',1,'Y','Y','Y','Y'),
	(00000112,0000056,0000000257,'','Y',2,'Y','Y','Y','Y'),
	(00000115,0000058,0000000261,'','Y',2,'Y','Y','Y','Y'),
	(00000116,0000058,0000000262,'','Y',1,'Y','Y','Y','Y'),
	(00000117,0000059,0000000263,'','Y',2,'Y','Y','Y','Y'),
	(00000118,0000059,0000000264,'','Y',1,'Y','Y','Y','Y'),
	(00000119,0000060,0000000265,'','Y',2,'Y','Y','Y','Y'),
	(00000120,0000060,0000000266,'','Y',1,'Y','Y','Y','Y'),
	(00000121,0000061,0000000268,'','Y',1,'Y','Y','Y','Y'),
	(00000122,0000061,0000000267,'','Y',2,'Y','Y','Y','Y'),
	(00000123,0000062,0000000269,'','Y',2,'Y','Y','Y','Y'),
	(00000124,0000062,0000000146,'','Y',1,'Y','Y','Y','Y'),
	(00000125,0000063,0000000270,'','Y',2,'Y','Y','Y','Y'),
	(00000126,0000063,0000000271,'','Y',1,'Y','Y','Y','Y'),
	(00000127,0000065,0000000272,'','Y',2,'N','N','N','N'),
	(00000128,0000065,0000000273,'','Y',1,'Y','Y','Y','Y'),
	(00000129,0000067,0000000274,'','Y',2,'Y','Y','Y','Y'),
	(00000130,0000067,0000000275,'','Y',1,'Y','Y','Y','Y'),
	(00000131,0000071,0000000276,'','Y',2,'Y','Y','Y','Y'),
	(00000132,0000071,0000000277,'','Y',1,'Y','Y','Y','Y'),
	(00000133,0000072,0000000278,'','Y',2,'Y','Y','Y','Y'),
	(00000134,0000072,0000000279,'','Y',1,'Y','Y','Y','Y'),
	(00000135,0000073,0000000280,'','Y',2,'Y','Y','Y','Y'),
	(00000136,0000073,0000000281,'','Y',1,'Y','Y','Y','Y'),
	(00000137,0000074,0000000282,'','Y',2,'Y','Y','Y','Y'),
	(00000138,0000074,0000000283,'','Y',1,'Y','Y','Y','Y'),
	(00000139,0000075,0000000284,'','Y',2,'Y','Y','Y','Y'),
	(00000140,0000075,0000000285,'','Y',1,'Y','Y','Y','Y'),
	(00000141,0000076,0000000287,'','Y',1,'Y','Y','Y','Y'),
	(00000142,0000076,0000000286,'','Y',2,'Y','Y','Y','Y'),
	(00000143,0000078,0000000288,'','Y',2,'Y','Y','Y','Y'),
	(00000144,0000078,0000000289,'','Y',1,'Y','Y','Y','Y'),
	(00000145,0000079,0000000290,'','Y',2,'Y','Y','Y','Y'),
	(00000146,0000079,0000000291,'','Y',1,'Y','Y','Y','Y'),
	(00000147,0000080,0000000292,'','Y',2,'Y','Y','Y','Y'),
	(00000148,0000080,0000000293,'','Y',1,'Y','Y','Y','Y'),
	(00000149,0000081,0000000294,'','Y',2,'Y','Y','Y','Y'),
	(00000150,0000081,0000000295,'','Y',1,'Y','Y','Y','Y'),
	(00000151,0000082,0000000296,'','Y',2,'Y','Y','Y','Y'),
	(00000152,0000082,0000000297,'','Y',1,'Y','Y','Y','Y'),
	(00000153,0000083,0000000298,'','Y',1,'Y','Y','Y','Y'),
	(00000154,0000083,0000000299,'','Y',1,'Y','Y','Y','Y'),
	(00000155,0000084,0000000300,'','Y',2,'Y','Y','Y','Y'),
	(00000156,0000084,0000000301,'','Y',1,'Y','Y','Y','Y'),
	(00000157,0000085,0000000303,'','Y',1,'Y','Y','Y','Y'),
	(00000158,0000085,0000000302,'','Y',2,'Y','Y','Y','Y'),
	(00000161,0000087,0000000306,'','Y',2,'Y','Y','Y','Y'),
	(00000162,0000087,0000000307,'','Y',1,'Y','Y','Y','Y'),
	(00000163,0000088,0000000124,'','Y',1,'Y','Y','Y','Y'),
	(00000164,0000089,0000000308,'','Y',2,'Y','Y','Y','Y'),
	(00000165,0000089,0000000309,'','Y',1,'Y','Y','Y','Y'),
	(00000166,0000090,0000000310,'','Y',2,'Y','Y','Y','Y'),
	(00000167,0000090,0000000311,'','Y',1,'Y','Y','Y','Y'),
	(00000168,0000091,0000000312,'','Y',1,'Y','Y','Y','Y'),
	(00000169,0000092,0000000313,'','Y',2,'Y','Y','Y','Y'),
	(00000170,0000092,0000000314,'','Y',1,'Y','Y','Y','Y'),
	(00000171,0000077,0000000315,'','Y',2,'Y','Y','Y','Y'),
	(00000172,0000077,0000000316,'','Y',1,'Y','Y','Y','Y'),
	(00000173,0000093,0000000317,'','Y',2,'Y','Y','Y','Y'),
	(00000174,0000093,0000000318,'','Y',1,'Y','Y','Y','Y'),
	(00000177,0000095,0000000321,'','Y',2,'Y','Y','Y','Y'),
	(00000178,0000095,0000000322,'','Y',1,'Y','Y','Y','Y'),
	(00000179,0000096,0000000323,'','Y',2,'Y','Y','Y','Y'),
	(00000180,0000096,0000000324,'','Y',1,'Y','Y','Y','Y'),
	(00000181,0000097,0000000325,'','Y',2,'Y','Y','Y','Y'),
	(00000182,0000097,0000000326,'','Y',1,'Y','Y','Y','Y'),
	(00000183,0000098,0000000328,'','Y',1,'Y','Y','Y','Y'),
	(00000184,0000098,0000000327,'','Y',2,'Y','Y','Y','Y'),
	(00000185,0000099,0000000330,'','Y',1,'Y','Y','Y','Y'),
	(00000186,0000099,0000000329,'','Y',2,'Y','Y','Y','Y'),
	(00000189,0000101,0000000333,'','Y',2,'Y','Y','Y','Y'),
	(00000190,0000101,0000000334,'','Y',1,'Y','Y','Y','Y'),
	(00000191,0000102,0000000335,'','Y',2,'Y','Y','Y','Y'),
	(00000192,0000102,0000000336,'','Y',1,'Y','Y','Y','Y'),
	(00000193,0000103,0000000337,'','Y',2,'Y','Y','Y','Y'),
	(00000194,0000103,0000000338,'','Y',1,'Y','Y','Y','Y'),
	(00000195,0000105,0000000339,'','Y',2,'Y','Y','Y','Y'),
	(00000196,0000105,0000000340,'','Y',1,'Y','Y','Y','Y'),
	(00000197,0000106,0000000341,'','Y',2,'Y','Y','Y','Y'),
	(00000198,0000106,0000000342,'','Y',1,'Y','Y','Y','Y'),
	(00000199,0000107,0000000343,'','Y',2,'Y','Y','Y','Y'),
	(00000200,0000107,0000000344,'','Y',1,'Y','Y','Y','Y'),
	(00000201,0000108,0000000346,'','Y',2,'Y','Y','N','Y'),
	(00000202,0000108,0000000347,'','Y',1,'Y','Y','Y','Y'),
	(00000203,0000011,0000000170,'','Y',2,'Y','Y','Y','Y'),
	(00000204,0000011,0000000171,'','Y',1,'Y','Y','Y','Y'),
	(00000205,0000109,0000000331,'','Y',2,'Y','Y','Y','Y'),
	(00000206,0000109,0000000332,'','Y',1,'Y','Y','Y','Y'),
	(00000207,0000110,0000000355,'','Y',2,'Y','Y','Y','Y'),
	(00000208,0000110,0000000356,'','Y',1,'Y','Y','Y','Y'),
	(00000209,0000111,0000000224,'','Y',1,'Y','Y','Y','Y'),
	(00000210,0000111,0000000225,'','Y',1,'Y','Y','Y','Y'),
	(00000211,0000112,0000000357,'','Y',2,'Y','Y','Y','Y'),
	(00000212,0000112,0000000358,'','Y',1,'Y','Y','Y','Y'),
	(00000213,0000114,0000000359,'','Y',2,'Y','Y','N','Y'),
	(00000214,0000114,0000000360,'','Y',1,'Y','Y','Y','Y'),
	(00000215,0000116,0000000362,'','Y',2,'Y','Y','Y','Y'),
	(00000216,0000116,0000000363,'','Y',1,'Y','Y','Y','Y'),
	(00000218,0000117,0000000367,'','Y',1,'Y','Y','Y','Y'),
	(00000219,0000117,0000000366,'','Y',2,'Y','Y','Y','Y'),
	(00000220,0000118,0000000369,'','Y',1,'Y','Y','Y','Y'),
	(00000221,0000118,0000000368,'','Y',2,'Y','Y','Y','Y'),
	(00000222,0000121,0000000383,'','Y',1,'Y','Y','Y','Y'),
	(00000223,0000121,0000000384,'','Y',2,'Y','Y','Y','Y'),
	(00000226,0000123,0000000392,'','Y',2,'Y','Y','Y','Y'),
	(00000227,0000123,0000000391,'','Y',1,'Y','Y','Y','Y'),
	(00000230,0000124,0000000394,'','Y',1,'Y','Y','Y','Y'),
	(00000231,0000125,0000000410,'','Y',2,'Y','Y','Y','Y'),
	(00000232,0000125,0000000409,'','Y',1,'Y','Y','Y','Y'),
	(00000233,0000126,0000000402,'','Y',1,'Y','Y','Y','Y'),
	(00000234,0000128,0000000407,'','Y',1,'Y','Y','Y','Y'),
	(00000235,0000128,0000000404,'','Y',2,'Y','Y','Y','Y'),
	(00000236,0000129,0000000408,'','Y',1,'Y','Y','Y','Y'),
	(00000237,0000129,0000000406,'','Y',2,'Y','Y','Y','Y'),
	(00000238,0000130,0000000400,'','Y',1,'Y','Y','Y','Y'),
	(00000239,0000130,0000000401,'','Y',2,'Y','Y','Y','Y'),
	(00000240,0000131,0000000397,'','Y',1,'Y','Y','Y','Y'),
	(00000241,0000131,0000000398,'','Y',2,'Y','Y','Y','Y'),
	(00000242,0000124,0000000395,'','Y',2,'Y','Y','Y','Y'),
	(00000243,0000132,0000000414,'','Y',2,'Y','Y','Y','Y'),
	(00000244,0000132,0000000415,'','Y',1,'Y','Y','Y','Y'),
	(00000247,0000134,0000000421,'','Y',1,'Y','Y','Y','Y'),
	(00000248,0000134,0000000422,'','Y',2,'Y','Y','Y','Y'),
	(00000249,0000135,0000000425,'','Y',2,'Y','Y','Y','Y'),
	(00000250,0000135,0000000424,'','Y',1,'Y','Y','Y','Y'),
	(00000253,0000137,0000000431,'','Y',1,'Y','Y','Y','Y'),
	(00000254,0000137,0000000430,'','Y',2,'Y','Y','Y','Y'),
	(00000255,0000138,0000000433,'','Y',1,'Y','Y','Y','Y'),
	(00000256,0000138,0000000434,'','Y',2,'Y','Y','Y','Y'),
	(00000257,0000139,0000000436,'','Y',2,'Y','Y','Y','Y'),
	(00000258,0000139,0000000437,'','Y',1,'Y','Y','Y','Y'),
	(00000259,0000140,0000000439,'','Y',1,'Y','Y','Y','Y'),
	(00000260,0000140,0000000440,'','Y',2,'Y','Y','Y','Y'),
	(00000261,0000141,0000000442,'','Y',2,'Y','Y','Y','Y'),
	(00000262,0000141,0000000441,'','Y',1,'Y','Y','Y','Y'),
	(00000263,0000141,0000000444,'','Y',1,'Y','Y','Y','Y'),
	(00000264,0000142,0000000446,'','Y',2,'Y','Y','Y','Y'),
	(00000265,0000142,0000000447,'','Y',1,'Y','Y','Y','Y'),
	(00000266,0000143,0000000449,'','Y',2,'Y','Y','Y','Y'),
	(00000267,0000143,0000000450,'','Y',1,'Y','Y','Y','Y'),
	(00000268,0000145,0000000451,'','Y',1,'Y','Y','Y','Y'),
	(00000269,0000145,0000000453,'','Y',2,'Y','Y','Y','Y'),
	(00000270,0000146,0000000455,'','Y',2,'Y','Y','Y','Y'),
	(00000271,0000146,0000000456,'','Y',1,'Y','Y','Y','Y'),
	(00000272,0000147,0000000458,'','Y',2,'Y','Y','Y','Y'),
	(00000273,0000147,0000000460,'','Y',1,'Y','Y','Y','Y'),
	(00000274,0000148,0000000463,'','Y',1,'Y','Y','Y','Y'),
	(00000275,0000148,0000000462,'','Y',2,'Y','Y','Y','Y'),
	(00000276,0000149,0000000465,'','Y',2,'Y','Y','Y','Y'),
	(00000277,0000149,0000000466,'','Y',1,'Y','Y','Y','Y'),
	(00000278,0000150,0000000468,'','Y',2,'Y','Y','Y','Y'),
	(00000279,0000150,0000000469,'','Y',1,'Y','Y','Y','Y'),
	(00000280,0000151,0000000472,'','Y',1,'Y','Y','Y','Y'),
	(00000281,0000151,0000000471,'','Y',2,'Y','Y','Y','Y'),
	(00000282,0000152,0000000476,'','Y',1,'Y','Y','Y','Y'),
	(00000283,0000152,0000000475,'','Y',2,'Y','Y','Y','Y'),
	(00000284,0000153,0000000479,'','Y',1,'Y','Y','Y','Y'),
	(00000285,0000153,0000000478,'','Y',2,'Y','Y','Y','Y'),
	(00000286,0000154,0000000481,'','Y',2,'Y','Y','Y','Y'),
	(00000287,0000154,0000000482,'','Y',1,'Y','Y','Y','Y'),
	(00000288,0000155,0000000485,'','Y',1,'Y','Y','Y','Y'),
	(00000289,0000155,0000000484,'','Y',2,'Y','Y','Y','Y'),
	(00000290,0000156,0000000488,'','Y',1,'Y','Y','Y','Y'),
	(00000291,0000156,0000000487,'','Y',2,'Y','Y','Y','Y'),
	(00000292,0000157,0000000491,'','Y',1,'Y','Y','Y','Y'),
	(00000293,0000157,0000000490,'','Y',2,'Y','Y','Y','Y'),
	(00000294,0000158,0000000494,'','Y',2,'Y','Y','Y','Y'),
	(00000295,0000158,0000000495,'','Y',1,'Y','Y','Y','Y'),
	(00000296,0000159,0000000497,'','Y',1,'Y','Y','Y','Y'),
	(00000297,0000160,0000000500,'','Y',2,'Y','Y','Y','Y'),
	(00000298,0000160,0000000499,'','Y',1,'Y','Y','Y','Y'),
	(00000299,0000161,0000000502,'','Y',2,'Y','Y','Y','Y'),
	(00000300,0000161,0000000503,'','Y',1,'Y','Y','Y','Y'),
	(00000301,0000162,0000000507,'','Y',2,'Y','Y','Y','Y'),
	(00000302,0000162,0000000508,'','Y',1,'Y','Y','Y','Y'),
	(00000303,0000163,0000000511,'','Y',1,'Y','Y','Y','Y'),
	(00000304,0000163,0000000510,'','Y',2,'Y','Y','Y','Y'),
	(00000305,0000164,0000000516,'','Y',2,'Y','Y','Y','Y'),
	(00000306,0000164,0000000517,'','Y',1,'Y','Y','Y','Y'),
	(00000307,0000165,0000000520,'','Y',1,'Y','Y','Y','Y'),
	(00000308,0000165,0000000519,'','Y',2,'Y','Y','Y','Y'),
	(00000309,0000166,0000000522,'','Y',2,'Y','Y','Y','Y'),
	(00000310,0000166,0000000523,'','Y',1,'Y','Y','Y','Y'),
	(00000311,0000167,0000000526,'','Y',1,'Y','Y','Y','Y'),
	(00000312,0000167,0000000525,'','Y',2,'Y','Y','Y','Y'),
	(00000313,0000168,0000000529,'','Y',1,'Y','Y','Y','Y'),
	(00000314,0000168,0000000528,'','Y',2,'Y','Y','Y','Y'),
	(00000315,0000169,0000000531,'','Y',2,'Y','Y','Y','Y'),
	(00000316,0000169,0000000532,'','Y',1,'Y','Y','Y','Y'),
	(00000317,0000170,0000000534,'','Y',2,'Y','Y','Y','Y'),
	(00000318,0000170,0000000535,'','Y',1,'Y','Y','Y','Y'),
	(00000319,0000171,0000000537,'','Y',2,'Y','Y','Y','Y'),
	(00000320,0000171,0000000538,'','Y',1,'Y','Y','Y','Y'),
	(00000321,0000172,0000000541,'','Y',1,'Y','Y','Y','Y'),
	(00000322,0000172,0000000542,'','Y',2,'Y','Y','Y','Y'),
	(00000323,0000173,0000000544,'','Y',2,'Y','Y','Y','Y'),
	(00000324,0000173,0000000545,'','Y',1,'Y','Y','Y','Y'),
	(00000325,0000174,0000000548,'','Y',1,'Y','Y','Y','Y'),
	(00000326,0000174,0000000547,'','Y',2,'Y','Y','Y','Y'),
	(00000327,0000175,0000000550,'','Y',2,'Y','Y','Y','Y'),
	(00000328,0000175,0000000551,'','Y',1,'Y','Y','Y','Y'),
	(00000329,0000176,0000000554,'','Y',1,'Y','Y','Y','Y'),
	(00000330,0000176,0000000553,'','Y',2,'Y','Y','Y','Y'),
	(00000331,0000177,0000000556,'','Y',2,'Y','Y','Y','Y'),
	(00000332,0000177,0000000557,'','Y',1,'Y','Y','Y','Y'),
	(00000333,0000178,0000000560,'','Y',1,'Y','Y','Y','Y'),
	(00000334,0000178,0000000559,'','Y',2,'Y','Y','Y','Y'),
	(00000335,0000179,0000000562,'','Y',2,'Y','Y','Y','Y'),
	(00000336,0000179,0000000563,'','Y',1,'Y','Y','Y','Y'),
	(00000337,0000180,0000000427,'','Y',1,'Y','Y','Y','Y'),
	(00000338,0000180,0000000428,'','Y',2,'Y','Y','Y','Y'),
	(00000339,0000181,0000000570,'','Y',2,'Y','Y','Y','Y'),
	(00000340,0000181,0000000571,'','Y',1,'Y','Y','Y','Y'),
	(00000341,0000182,0000000572,'','Y',2,'Y','Y','Y','Y'),
	(00000342,0000182,0000000573,'','Y',1,'Y','Y','Y','Y'),
	(00000343,0000057,0000000575,'','Y',2,'Y','Y','Y','Y'),
	(00000344,0000057,0000000576,'','Y',1,'Y','Y','Y','Y'),
	(00000345,0000185,0000000151,'','Y',1,'Y','Y','Y','Y'),
	(00000347,0000185,0000000578,'','Y',2,'Y','Y','Y','Y'),
	(00000348,0000187,0000000583,'','Y',2,'Y','Y','Y','Y'),
	(00000349,0000188,0000000587,'','Y',2,'Y','Y','Y','Y'),
	(00000350,0000188,0000000586,'','Y',1,'Y','Y','Y','Y'),
	(00000351,0000187,0000000588,'','Y',1,'Y','Y','Y','Y'),
	(00000352,0000189,0000000121,'','Y',1,'Y','Y','Y','Y'),
	(00000353,0000200,0000000618,'','Y',2,'Y','Y','Y','Y'),
	(00000355,0000195,0000000620,'','Y',2,'Y','Y','Y','Y'),
	(00000356,0000195,0000000621,'','Y',1,'Y','Y','Y','Y'),
	(00000357,0000200,0000000619,'','Y',1,'Y','Y','Y','Y'),
	(00000358,0000190,0000000594,'','Y',2,'Y','Y','Y','Y'),
	(00000359,0000190,0000000595,'','Y',2,'Y','Y','Y','Y'),
	(00000360,0000198,0000000613,'','Y',2,'Y','Y','Y','Y'),
	(00000361,0000198,0000000612,'','Y',1,'Y','Y','Y','Y'),
	(00000362,0000196,0000000140,'','Y',1,'Y','Y','Y','Y'),
	(00000363,0000196,0000000608,'','Y',2,'Y','Y','Y','Y'),
	(00000364,0000197,0000000610,'','Y',1,'Y','Y','Y','Y'),
	(00000365,0000191,0000000598,'','Y',2,'Y','Y','Y','Y'),
	(00000366,0000191,0000000597,'','Y',1,'Y','Y','Y','Y'),
	(00000367,0000199,0000000616,'','Y',2,'Y','Y','Y','Y'),
	(00000368,0000199,0000000615,'','Y',1,'Y','Y','Y','Y'),
	(00000369,0000194,0000000603,'','Y',1,'Y','Y','Y','Y'),
	(00000370,0000194,0000000604,'','Y',1,'Y','Y','Y','Y'),
	(00000371,0000193,0000000623,'','Y',2,'Y','Y','Y','Y'),
	(00000372,0000193,0000000624,'','Y',1,'Y','Y','Y','Y'),
	(00000373,0000202,0000000630,'','Y',1,'Y','Y','Y','Y'),
	(00000374,0000202,0000000631,'','Y',2,'Y','Y','Y','Y'),
	(00000375,0000204,0000000637,'','Y',2,'Y','Y','Y','Y'),
	(00000376,0000204,0000000636,'','Y',1,'Y','Y','Y','Y'),
	(00000377,0000205,0000000639,'','Y',1,'Y','Y','Y','Y'),
	(00000378,0000206,0000000642,'','Y',2,'Y','Y','Y','Y'),
	(00000379,0000206,0000000641,'','Y',1,'Y','Y','Y','Y'),
	(00000380,0000201,0000000626,'','Y',2,'Y','Y','Y','Y'),
	(00000381,0000201,0000000627,'','Y',2,'Y','Y','Y','Y'),
	(00000382,0000223,0000000691,'','Y',1,'Y','Y','Y','Y'),
	(00000383,0000223,0000000692,'','Y',2,'Y','Y','Y','Y'),
	(00000384,0000207,0000000644,'','Y',2,'Y','Y','Y','Y'),
	(00000385,0000207,0000000645,'','Y',2,'Y','Y','Y','Y'),
	(00000387,0000208,0000000648,'','Y',1,'Y','Y','Y','Y'),
	(00000388,0000208,0000000647,'','Y',1,'Y','Y','Y','Y'),
	(00000391,0000210,0000000654,'','Y',2,'Y','Y','Y','Y'),
	(00000392,0000210,0000000653,'','Y',1,'Y','Y','Y','Y'),
	(00000393,0000211,0000000657,'','Y',2,'Y','Y','Y','Y'),
	(00000394,0000211,0000000656,'','Y',1,'Y','Y','Y','Y'),
	(00000395,0000212,0000000660,'','Y',2,'Y','Y','Y','Y'),
	(00000396,0000212,0000000659,'','Y',1,'Y','Y','Y','Y'),
	(00000397,0000213,0000000663,'','Y',2,'Y','Y','Y','Y'),
	(00000398,0000214,0000000665,'','Y',1,'Y','Y','Y','Y'),
	(00000399,0000214,0000000666,'','Y',2,'Y','Y','Y','Y'),
	(00000400,0000215,0000000669,'','Y',2,'Y','Y','Y','Y'),
	(00000401,0000215,0000000668,'','Y',1,'Y','Y','Y','Y'),
	(00000402,0000216,0000000672,'','Y',2,'Y','Y','Y','Y'),
	(00000403,0000216,0000000671,'','Y',1,'Y','Y','Y','Y'),
	(00000404,0000221,0000000685,'','Y',1,'Y','Y','Y','Y'),
	(00000405,0000222,0000000688,'','Y',1,'Y','Y','Y','Y'),
	(00000406,0000222,0000000687,'','Y',1,'Y','Y','Y','Y'),
	(00000407,0000224,0000000695,'','Y',1,'Y','Y','Y','Y'),
	(00000408,0000224,0000000694,'','Y',1,'Y','Y','Y','Y'),
	(00000409,0000225,0000000697,'','Y',1,'Y','Y','Y','Y'),
	(00000410,0000225,0000000698,'','Y',2,'Y','Y','Y','Y'),
	(00000411,0000227,0000000703,'','Y',1,'Y','Y','Y','Y'),
	(00000412,0000227,0000000704,'','Y',2,'Y','Y','Y','Y'),
	(00000413,0000228,0000000706,'','Y',1,'Y','Y','Y','Y'),
	(00000414,0000228,0000000707,'','Y',1,'Y','Y','Y','Y'),
	(00000415,0000229,0000000709,'','Y',1,'Y','Y','Y','Y'),
	(00000416,0000229,0000000710,'','Y',2,'Y','Y','Y','Y'),
	(00000417,0000230,0000000712,'','Y',2,'Y','Y','Y','Y'),
	(00000418,0000230,0000000713,'','Y',1,'Y','Y','Y','Y'),
	(00000419,0000231,0000000715,'','Y',1,'Y','Y','Y','Y'),
	(00000420,0000232,0000000717,'','Y',1,'Y','Y','Y','Y'),
	(00000421,0000232,0000000718,'','Y',2,'Y','Y','Y','Y'),
	(00000424,0000234,0000000723,'','Y',1,'Y','Y','Y','Y'),
	(00000425,0000234,0000000724,'','Y',1,'Y','Y','Y','Y'),
	(00000426,0000235,0000000726,'','Y',2,'Y','Y','Y','Y'),
	(00000427,0000235,0000000727,'','Y',1,'Y','Y','Y','Y'),
	(00000428,0000236,0000000729,'','Y',1,'Y','Y','Y','Y'),
	(00000429,0000236,0000000730,'','Y',2,'Y','Y','Y','Y'),
	(00000430,0000237,0000000732,'','Y',1,'Y','Y','Y','Y'),
	(00000431,0000237,0000000733,'','Y',1,'Y','Y','Y','Y'),
	(00000432,0000238,0000000735,'','Y',1,'Y','Y','Y','Y'),
	(00000433,0000238,0000000736,'','Y',1,'Y','Y','Y','Y'),
	(00000434,0000239,0000000738,'','Y',1,'Y','Y','Y','Y'),
	(00000435,0000239,0000000739,'','Y',2,'Y','Y','Y','Y'),
	(00000436,0000240,0000000741,'','Y',1,'Y','Y','Y','Y'),
	(00000437,0000241,0000000743,'','Y',2,'Y','Y','Y','Y'),
	(00000438,0000241,0000000744,'','Y',1,'Y','Y','Y','Y'),
	(00000443,0000244,0000000752,'','Y',1,'Y','Y','Y','Y'),
	(00000444,0000244,0000000753,'','Y',2,'Y','Y','Y','Y'),
	(00000447,0000246,0000000758,'','Y',1,'Y','Y','Y','Y'),
	(00000448,0000246,0000000759,'','Y',2,'Y','Y','Y','Y'),
	(00000449,0000247,0000000761,'','Y',1,'Y','Y','Y','Y'),
	(00000450,0000247,0000000762,'','Y',2,'Y','Y','Y','Y'),
	(00000451,0000248,0000000764,'','Y',2,'Y','Y','Y','Y'),
	(00000452,0000248,0000000765,'','Y',1,'Y','Y','Y','Y'),
	(00000453,0000249,0000000767,'','Y',2,'Y','Y','Y','Y'),
	(00000454,0000249,0000000768,'','Y',1,'Y','Y','Y','Y'),
	(00000455,0000250,0000000777,'','Y',2,'Y','Y','Y','Y'),
	(00000456,0000250,0000000778,'','Y',1,'Y','Y','Y','Y'),
	(00000457,0000251,0000000780,'','Y',1,'Y','Y','Y','Y'),
	(00000458,0000252,0000000782,'','Y',1,'Y','Y','Y','Y'),
	(00000459,0000252,0000000783,'','Y',2,'Y','Y','Y','Y'),
	(00000460,0000253,0000000785,'','Y',1,'Y','Y','Y','Y'),
	(00000461,0000253,0000000786,'','Y',2,'Y','Y','Y','Y'),
	(00000462,0000254,0000000788,'','Y',2,'Y','Y','Y','Y'),
	(00000463,0000254,0000000789,'','Y',1,'Y','Y','Y','Y'),
	(00000466,0000256,0000000794,'','Y',1,'Y','Y','Y','Y'),
	(00000467,0000256,0000000795,'','Y',2,'Y','Y','Y','Y'),
	(00000468,0000257,0000000797,'','Y',3,'Y','Y','N','N'),
	(00000469,0000257,0000000798,'','Y',1,'Y','Y','Y','Y'),
	(00000470,0000258,0000000800,'','Y',1,'Y','Y','Y','Y'),
	(00000472,0000259,0000000803,'','Y',2,'Y','Y','Y','Y'),
	(00000473,0000259,0000000804,'','Y',2,'Y','Y','Y','Y'),
	(00000474,0000260,0000000806,'','Y',1,'Y','Y','Y','Y'),
	(00000475,0000260,0000000807,'','Y',2,'Y','Y','Y','Y'),
	(00000476,0000261,0000000809,'','Y',1,'Y','Y','Y','Y'),
	(00000477,0000262,0000000815,'','Y',2,'Y','Y','Y','Y'),
	(00000478,0000262,0000000816,'','Y',1,'Y','Y','Y','Y'),
	(00000479,0000258,0000000801,'','Y',1,'Y','Y','Y','Y'),
	(00000480,0000263,0000000818,'','Y',1,'Y','Y','Y','Y'),
	(00000481,0000263,0000000819,'','Y',2,'Y','Y','Y','Y'),
	(00000482,0000264,0000000821,'','Y',2,'Y','Y','Y','Y'),
	(00000483,0000264,0000000822,'','Y',1,'Y','Y','Y','Y'),
	(00000486,0000265,0000000827,'','Y',2,'Y','Y','Y','Y'),
	(00000487,0000265,0000000828,'','Y',1,'Y','Y','Y','Y'),
	(00000488,0000267,0000000825,'','Y',2,'Y','Y','Y','Y'),
	(00000489,0000267,0000000600,'','Y',1,'Y','Y','Y','Y'),
	(00000490,0000268,0000000830,'','Y',1,'Y','Y','Y','Y'),
	(00000491,0000269,0000000833,'','Y',1,'Y','Y','Y','Y'),
	(00000492,0000269,0000000834,'','Y',2,'Y','Y','Y','Y'),
	(00000493,0000213,0000000835,'','Y',1,'Y','Y','Y','Y'),
	(00000494,0000270,0000000837,'','Y',2,'Y','Y','Y','Y'),
	(00000495,0000270,0000000838,'','Y',1,'Y','Y','Y','Y'),
	(00000496,0000271,0000000842,'','Y',1,'Y','Y','Y','Y'),
	(00000497,0000272,0000000844,'','Y',2,'Y','Y','Y','Y'),
	(00000498,0000272,0000000845,'','Y',1,'Y','Y','Y','Y'),
	(00000499,0000273,0000000847,'','Y',1,'Y','Y','Y','Y'),
	(00000500,0000273,0000000848,'','Y',2,'Y','Y','Y','Y'),
	(00000501,0000274,0000000850,'','Y',1,'Y','Y','Y','Y'),
	(00000502,0000274,0000000851,'','Y',2,'Y','Y','Y','Y'),
	(00000503,0000275,0000000853,'','Y',2,'Y','Y','Y','Y'),
	(00000504,0000275,0000000854,'','Y',1,'Y','Y','Y','Y'),
	(00000505,0000276,0000000856,'','Y',1,'Y','Y','Y','Y'),
	(00000506,0000201,0000000858,'','Y',1,'Y','Y','Y','Y'),
	(00000509,0000279,0000000864,'','Y',1,'Y','Y','Y','Y'),
	(00000510,0000279,0000000865,'','Y',2,'Y','Y','Y','Y'),
	(00000513,0000282,0000000877,'','Y',2,'Y','Y','Y','N'),
	(00000514,0000282,0000000878,'','Y',1,'Y','Y','Y','Y'),
	(00000515,0000283,0000000881,'','Y',1,'Y','Y','Y','Y'),
	(00000516,0000283,0000000882,'','Y',2,'Y','Y','Y','Y'),
	(00000517,0000284,0000000884,'','Y',1,'Y','Y','Y','Y'),
	(00000518,0000285,0000000886,'','Y',1,'Y','Y','Y','Y'),
	(00000519,0000285,0000000887,'','Y',2,'Y','Y','Y','Y'),
	(00000521,0000287,0000000892,'','Y',1,'Y','Y','Y','Y'),
	(00000522,0000287,0000000893,'','Y',2,'Y','Y','Y','Y'),
	(00000523,0000288,0000000895,'','Y',1,'Y','Y','Y','Y'),
	(00000524,0000288,0000000896,'','Y',2,'Y','Y','Y','Y'),
	(00000525,0000289,0000000898,'','Y',1,'Y','Y','Y','Y'),
	(00000530,0000292,0000000906,'','Y',2,'Y','Y','Y','Y'),
	(00000531,0000293,0000000908,'','Y',1,'Y','Y','Y','Y'),
	(00000532,0000293,0000000909,'','Y',2,'Y','Y','Y','Y'),
	(00000533,0000294,0000000911,'','Y',2,'Y','Y','Y','Y'),
	(00000534,0000294,0000000912,'','Y',1,'Y','Y','Y','Y'),
	(00000535,0000295,0000000914,'','Y',1,'Y','Y','Y','Y'),
	(00000536,0000295,0000000915,'','Y',2,'Y','Y','Y','Y'),
	(00000537,0000296,0000000917,'','Y',2,'Y','Y','Y','Y'),
	(00000538,0000296,0000000918,'','Y',1,'Y','Y','Y','Y'),
	(00000539,0000297,0000000920,'','Y',2,'Y','Y','Y','Y'),
	(00000540,0000297,0000000921,'','Y',1,'Y','Y','Y','Y'),
	(00000541,0000298,0000000923,'','Y',1,'Y','Y','Y','Y'),
	(00000542,0000298,0000000924,'','Y',2,'Y','Y','Y','Y'),
	(00000543,0000299,0000000927,'','Y',1,'Y','Y','Y','Y'),
	(00000544,0000300,0000000929,'','Y',2,'Y','Y','Y','Y'),
	(00000545,0000300,0000000930,'','Y',1,'Y','Y','Y','Y'),
	(00000550,0000303,0000000939,'','Y',1,'Y','Y','Y','Y'),
	(00000551,0000303,0000000940,'','Y',2,'Y','Y','Y','Y'),
	(00000552,0000304,0000000942,'','Y',1,'Y','Y','Y','Y'),
	(00000553,0000304,0000000943,'','Y',2,'Y','Y','Y','Y'),
	(00000554,0000305,0000000945,'','Y',1,'Y','Y','Y','Y'),
	(00000555,0000305,0000000946,'','Y',2,'Y','Y','Y','Y'),
	(00000558,0000307,0000000951,'','Y',1,'Y','Y','Y','Y'),
	(00000559,0000307,0000000952,'','Y',2,'Y','Y','Y','Y'),
	(00000560,0000308,0000000954,'','Y',2,'Y','Y','Y','Y'),
	(00000561,0000309,0000000956,'','Y',1,'Y','Y','Y','Y'),
	(00000562,0000309,0000000957,'','Y',2,'Y','Y','Y','Y'),
	(00000563,0000310,0000000959,'','Y',1,'Y','Y','Y','Y'),
	(00000564,0000310,0000000960,'','Y',2,'Y','Y','Y','Y'),
	(00000567,0000312,0000000965,'','Y',1,'Y','Y','Y','Y'),
	(00000568,0000312,0000000966,'','Y',2,'Y','Y','Y','Y'),
	(00000569,0000313,0000000968,'','Y',1,'Y','Y','Y','Y'),
	(00000570,0000313,0000000969,'','Y',2,'Y','Y','Y','Y'),
	(00000571,0000314,0000000972,'','Y',2,'Y','Y','Y','Y'),
	(00000572,0000314,0000000973,'','Y',1,'Y','Y','Y','Y'),
	(00000573,0000315,0000000975,'','Y',1,'Y','Y','Y','Y'),
	(00000574,0000315,0000000976,'','Y',2,'Y','Y','Y','Y'),
	(00000575,0000316,0000000978,'','Y',2,'Y','Y','Y','Y'),
	(00000576,0000316,0000000979,'','Y',1,'Y','Y','Y','Y'),
	(00000577,0000317,0000000981,'','Y',1,'Y','Y','Y','Y'),
	(00000578,0000317,0000000982,'','Y',2,'Y','Y','Y','Y'),
	(00000579,0000318,0000000984,'','Y',1,'Y','Y','Y','Y'),
	(00000580,0000318,0000000985,'','Y',2,'Y','Y','Y','Y'),
	(00000582,0000320,0000000990,'','Y',1,'Y','Y','Y','Y'),
	(00000583,0000320,0000000991,'','Y',2,'Y','Y','Y','Y'),
	(00000584,0000321,0000000993,'','Y',1,'Y','Y','Y','Y'),
	(00000585,0000322,0000000995,'','Y',1,'Y','Y','Y','Y'),
	(00000586,0000322,0000000996,'','Y',2,'Y','Y','Y','Y'),
	(00000591,0000325,0000001004,'','Y',1,'Y','Y','Y','Y'),
	(00000592,0000325,0000001005,'','Y',2,'Y','Y','Y','Y'),
	(00000593,0000326,0000001007,'','Y',1,'Y','Y','Y','Y'),
	(00000594,0000327,0000001009,'','Y',1,'Y','Y','Y','Y'),
	(00000595,0000327,0000001010,'','Y',2,'Y','Y','Y','Y'),
	(00000596,0000328,0000001012,'','Y',1,'Y','Y','Y','Y'),
	(00000597,0000328,0000001013,'','Y',1,'Y','Y','Y','Y'),
	(00000598,0000329,0000001015,'','Y',1,'Y','Y','Y','Y'),
	(00000599,0000330,0000001017,'','Y',1,'Y','Y','Y','Y'),
	(00000600,0000330,0000001018,'','Y',2,'Y','Y','Y','Y'),
	(00000601,0000331,0000001020,'','Y',1,'Y','Y','Y','Y'),
	(00000602,0000331,0000001021,'','Y',2,'Y','Y','Y','Y'),
	(00000603,0000332,0000001023,'','Y',1,'Y','Y','Y','Y'),
	(00000604,0000332,0000001024,'','Y',2,'Y','Y','Y','Y'),
	(00000605,0000333,0000001026,'','Y',1,'Y','Y','Y','Y'),
	(00000606,0000333,0000001027,'','Y',2,'Y','Y','Y','Y'),
	(00000607,0000334,0000001029,'','Y',1,'Y','Y','Y','Y'),
	(00000608,0000334,0000001030,'','Y',2,'Y','Y','Y','Y'),
	(00000609,0000335,0000001032,'','Y',1,'Y','Y','Y','Y'),
	(00000610,0000335,0000001033,'','Y',2,'Y','Y','Y','Y'),
	(00000611,0000336,0000001035,'','Y',1,'Y','Y','Y','Y'),
	(00000612,0000336,0000001036,'','Y',2,'Y','Y','Y','Y'),
	(00000613,0000321,0000001037,'','Y',2,'Y','Y','Y','Y'),
	(00000614,0000326,0000001038,'','Y',2,'Y','Y','Y','Y'),
	(00000615,0000337,0000001040,'','Y',2,'Y','Y','Y','Y'),
	(00000616,0000337,0000000373,'','Y',1,'Y','Y','Y','Y'),
	(00000617,0000338,0000001042,'','Y',2,'Y','Y','Y','Y'),
	(00000618,0000338,0000001043,'','Y',1,'Y','Y','Y','Y'),
	(00000619,0000339,0000001045,'','Y',2,'Y','Y','Y','Y'),
	(00000620,0000339,0000001046,'','Y',1,'Y','Y','Y','Y'),
	(00000621,0000340,0000001048,'','Y',1,'Y','Y','Y','Y'),
	(00000622,0000340,0000001049,'','Y',2,'Y','Y','Y','Y'),
	(00000623,0000341,0000001051,'','Y',1,'Y','Y','Y','Y'),
	(00000624,0000341,0000001052,'','Y',2,'Y','Y','Y','Y'),
	(00000625,0000342,0000001059,'','Y',1,'Y','Y','Y','Y'),
	(00000626,0000342,0000001060,'','Y',2,'Y','Y','Y','Y'),
	(00000629,0000344,0000001065,'','Y',1,'Y','Y','Y','Y'),
	(00000630,0000345,0000001067,'','Y',1,'Y','Y','Y','Y'),
	(00000631,0000345,0000001068,'','Y',2,'Y','Y','Y','Y'),
	(00000632,0000346,0000001070,'','Y',2,'Y','Y','Y','Y'),
	(00000633,0000346,0000001071,'','Y',2,'Y','Y','Y','Y'),
	(00000634,0000347,0000001073,'','Y',2,'Y','Y','Y','Y'),
	(00000635,0000347,0000001074,'','Y',1,'Y','Y','Y','Y'),
	(00000636,0000348,0000001076,'','Y',1,'Y','Y','Y','Y'),
	(00000637,0000348,0000001077,'','Y',2,'Y','Y','Y','Y'),
	(00000638,0000292,0000001078,'','Y',1,'Y','Y','Y','Y'),
	(00000639,0000349,0000001080,'','Y',1,'Y','Y','Y','Y'),
	(00000640,0000350,0000001082,'','Y',1,'Y','Y','Y','Y'),
	(00000641,0000350,0000001083,'','Y',2,'Y','Y','Y','Y'),
	(00000642,0000308,0000001085,'','Y',1,'Y','Y','Y','Y'),
	(00000643,0000351,0000001087,'','Y',1,'Y','Y','Y','Y'),
	(00000644,0000351,0000001088,'','Y',2,'Y','Y','Y','Y'),
	(00000645,0000352,0000001091,'','Y',1,'Y','Y','Y','Y'),
	(00000646,0000352,0000001092,'','Y',2,'Y','Y','Y','Y'),
	(00000647,0000353,0000001094,'','Y',1,'Y','Y','Y','Y'),
	(00000648,0000353,0000001095,'','Y',2,'Y','Y','Y','Y'),
	(00000649,0000349,0000001097,'','Y',2,'Y','Y','Y','Y'),
	(00000650,0000354,0000001107,'','Y',1,'Y','Y','Y','Y'),
	(00000651,0000354,0000001108,'','Y',2,'Y','Y','Y','Y'),
	(00000652,0000201,0000001111,'','Y',2,'Y','Y','Y','Y'),
	(00000653,0000355,0000001114,'','Y',1,'Y','Y','Y','Y'),
	(00000654,0000355,0000001115,'','Y',2,'Y','Y','Y','Y'),
	(00000655,0000356,0000001125,'','Y',1,'Y','Y','Y','Y'),
	(00000656,0000356,0000001126,'','Y',2,'Y','Y','Y','Y'),
	(00000657,0000357,0000001128,'','Y',1,'Y','Y','Y','Y'),
	(00000658,0000357,0000001129,'','Y',2,'Y','Y','Y','Y'),
	(00000659,0000358,0000001134,'','Y',1,'Y','Y','Y','Y'),
	(00000660,0000358,0000001135,'','Y',2,'Y','Y','Y','Y'),
	(00000664,0000360,0000001141,'','Y',2,'Y','Y','Y','Y'),
	(00000665,0000361,0000001143,'','Y',2,'Y','Y','Y','Y'),
	(00000666,0000361,0000001144,'','Y',1,'Y','Y','Y','Y'),
	(00000669,0000363,0000001149,'','Y',1,'Y','Y','Y','Y'),
	(00000670,0000363,0000001150,'','Y',2,'Y','Y','Y','Y'),
	(00000671,0000364,0000001152,'','Y',1,'Y','Y','Y','Y'),
	(00000672,0000364,0000001153,'','Y',2,'Y','Y','Y','Y'),
	(00000673,0000365,0000001155,'','Y',1,'Y','Y','Y','Y'),
	(00000674,0000365,0000001156,'','Y',2,'Y','Y','Y','Y'),
	(00000675,0000366,0000001158,'','Y',1,'Y','Y','Y','Y'),
	(00000676,0000366,0000001159,'','Y',2,'Y','Y','Y','Y'),
	(00000677,0000367,0000001161,'','Y',1,'Y','Y','Y','Y'),
	(00000678,0000367,0000001162,'','Y',2,'Y','Y','Y','Y'),
	(00000679,0000368,0000001164,'','Y',1,'Y','Y','Y','Y'),
	(00000680,0000368,0000001165,'','Y',2,'Y','Y','Y','Y'),
	(00000681,0000369,0000001167,'','Y',1,'Y','Y','Y','Y'),
	(00000682,0000369,0000001168,'','Y',2,'Y','Y','Y','Y'),
	(00000683,0000370,0000001170,'','Y',1,'Y','Y','Y','Y'),
	(00000684,0000370,0000001171,'','Y',2,'Y','Y','Y','Y'),
	(00000685,0000371,0000001173,'','Y',1,'Y','Y','Y','Y'),
	(00000686,0000371,0000001174,'','Y',2,'Y','Y','Y','Y'),
	(00000687,0000372,0000001176,'','Y',1,'Y','Y','Y','Y'),
	(00000688,0000372,0000001177,'','Y',2,'Y','Y','Y','Y'),
	(00000689,0000373,0000001180,'','Y',1,'Y','Y','Y','Y'),
	(00000690,0000373,0000001181,'','Y',2,'Y','Y','Y','Y'),
	(00000691,0000374,0000001183,'','Y',1,'Y','Y','Y','Y'),
	(00000692,0000374,0000001184,'','Y',2,'Y','Y','Y','Y'),
	(00000695,0000376,0000001189,'','Y',1,'Y','Y','Y','Y'),
	(00000696,0000376,0000001190,'','Y',2,'Y','Y','Y','Y'),
	(00000697,0000377,0000001192,'','Y',1,'Y','Y','Y','Y'),
	(00000698,0000378,0000001194,'','Y',1,'Y','Y','Y','Y'),
	(00000699,0000378,0000001195,'','Y',2,'Y','Y','Y','Y'),
	(00000700,0000379,0000001198,'','Y',1,'Y','Y','Y','Y'),
	(00000701,0000379,0000001199,'','Y',2,'Y','Y','Y','Y'),
	(00000702,0000380,0000001202,'','Y',1,'Y','Y','Y','Y'),
	(00000703,0000380,0000001203,'','Y',2,'Y','Y','Y','Y'),
	(00000704,0000381,0000001205,'','Y',1,'Y','Y','Y','Y'),
	(00000705,0000381,0000001206,'','Y',2,'Y','Y','Y','Y'),
	(00000706,0000382,0000001208,'','Y',1,'Y','Y','Y','Y'),
	(00000707,0000382,0000001209,'','Y',2,'Y','Y','Y','Y'),
	(00000708,0000383,0000001211,'','Y',1,'Y','Y','Y','Y'),
	(00000709,0000383,0000001212,'','Y',2,'Y','Y','Y','Y'),
	(00000710,0000384,0000001215,'','Y',1,'Y','Y','Y','Y'),
	(00000711,0000384,0000001216,'','Y',2,'Y','Y','Y','Y'),
	(00000712,0000385,0000001219,'','Y',1,'Y','Y','Y','Y'),
	(00000713,0000385,0000001220,'','Y',2,'Y','Y','Y','Y'),
	(00000714,0000386,0000001223,'','Y',1,'Y','Y','Y','Y'),
	(00000715,0000386,0000001224,'','Y',2,'Y','Y','Y','Y'),
	(00000716,0000387,0000001228,'','Y',1,'Y','Y','Y','Y'),
	(00000717,0000387,0000001229,'','Y',2,'Y','Y','Y','Y'),
	(00000720,0000389,0000001234,'','Y',1,'Y','Y','Y','Y'),
	(00000721,0000389,0000001235,'','Y',2,'Y','Y','Y','Y'),
	(00000722,0000390,0000001237,'','Y',1,'Y','Y','Y','Y'),
	(00000723,0000390,0000001238,'','Y',2,'Y','Y','Y','Y'),
	(00000724,0000391,0000001240,'','Y',1,'Y','Y','Y','Y'),
	(00000725,0000391,0000001241,'','Y',2,'Y','Y','Y','Y'),
	(00000726,0000392,0000001243,'','Y',1,'Y','Y','Y','Y'),
	(00000727,0000392,0000001244,'','Y',2,'Y','Y','Y','Y'),
	(00000728,0000393,0000001246,'','Y',1,'Y','Y','Y','Y'),
	(00000729,0000393,0000001247,'','Y',2,'Y','Y','Y','Y'),
	(00000730,0000394,0000001249,'','Y',1,'Y','Y','Y','Y'),
	(00000731,0000394,0000001250,'','Y',2,'Y','Y','Y','Y'),
	(00000732,0000395,0000001252,'','Y',1,'Y','Y','Y','Y'),
	(00000733,0000395,0000001253,'','Y',2,'Y','Y','Y','Y'),
	(00000734,0000396,0000001255,'','Y',1,'Y','Y','Y','Y'),
	(00000735,0000396,0000001256,'','Y',2,'Y','Y','Y','Y'),
	(00000737,0000398,0000001260,'','Y',1,'Y','Y','Y','Y'),
	(00000738,0000398,0000001261,'','Y',2,'Y','Y','Y','Y'),
	(00000739,0000399,0000001264,'','Y',1,'Y','Y','Y','Y'),
	(00000740,0000399,0000001265,'','Y',2,'Y','Y','Y','Y'),
	(00000741,0000400,0000001267,'','Y',1,'Y','Y','Y','Y'),
	(00000742,0000400,0000001268,'','Y',2,'Y','Y','Y','Y'),
	(00000747,0000403,0000001277,'','Y',1,'Y','Y','Y','Y'),
	(00000748,0000403,0000001278,'','Y',2,'Y','Y','Y','Y'),
	(00000749,0000404,0000001280,'','Y',1,'Y','Y','Y','Y'),
	(00000750,0000404,0000001281,'','Y',2,'Y','Y','Y','Y'),
	(00000751,0000405,0000001283,'','Y',1,'Y','Y','Y','Y'),
	(00000752,0000405,0000001284,'','Y',2,'Y','Y','Y','Y'),
	(00000753,0000406,0000001286,'','Y',2,'Y','Y','Y','Y'),
	(00000754,0000406,0000001287,'','Y',1,'Y','Y','Y','Y'),
	(00000755,0000407,0000001289,'','Y',1,'Y','Y','Y','Y'),
	(00000756,0000407,0000001290,'','Y',2,'Y','Y','Y','Y'),
	(00000757,0000408,0000001292,'','Y',1,'Y','Y','Y','Y'),
	(00000758,0000408,0000001293,'','Y',2,'Y','Y','Y','Y'),
	(00000759,0000251,0000001187,'','Y',2,'Y','Y','Y','Y'),
	(00000760,0000409,0000001297,'','Y',1,'Y','Y','Y','Y'),
	(00000761,0000409,0000001298,'','Y',2,'Y','Y','Y','Y'),
	(00000762,0000410,0000001300,'','Y',2,'Y','Y','Y','Y'),
	(00000763,0000410,0000001301,'','Y',1,'Y','Y','Y','Y'),
	(00000764,0000411,0000001303,'','Y',1,'Y','Y','Y','Y'),
	(00000765,0000412,0000001305,'','Y',1,'Y','Y','Y','Y'),
	(00000766,0000412,0000001306,'','Y',2,'Y','Y','Y','Y'),
	(00000767,0000413,0000001308,'','Y',1,'Y','Y','Y','Y'),
	(00000768,0000413,0000001309,'','Y',2,'Y','Y','Y','Y'),
	(00000769,0000414,0000001311,'','Y',1,'Y','Y','Y','Y'),
	(00000770,0000414,0000001312,'','Y',2,'Y','Y','Y','Y'),
	(00000771,0000415,0000001314,'','Y',1,'Y','Y','Y','Y'),
	(00000772,0000415,0000001315,'','Y',2,'Y','Y','Y','Y'),
	(00000773,0000416,0000001317,'','Y',1,'Y','Y','Y','Y'),
	(00000774,0000416,0000001318,'','Y',2,'Y','Y','Y','Y'),
	(00000777,0000418,0000001323,'','Y',1,'Y','Y','Y','Y'),
	(00000778,0000418,0000001324,'','Y',2,'Y','Y','Y','Y'),
	(00000779,0000419,0000001326,'','Y',1,'Y','Y','Y','Y'),
	(00000780,0000419,0000001327,'','Y',2,'Y','Y','Y','Y'),
	(00000784,0000422,0000001346,'','Y',1,'Y','Y','Y','Y'),
	(00000785,0000422,0000001347,'','Y',2,'Y','Y','Y','Y'),
	(00000788,0000425,0000001353,'','Y',1,'Y','Y','Y','Y'),
	(00000789,0000425,0000001354,'','Y',2,'Y','Y','Y','Y'),
	(00000790,0000426,0000001356,'','Y',1,'Y','Y','Y','Y'),
	(00000791,0000426,0000001357,'','Y',2,'Y','Y','Y','Y'),
	(00000792,0000427,0000001359,'','Y',1,'Y','Y','Y','Y'),
	(00000793,0000427,0000001360,'','Y',2,'Y','Y','Y','Y'),
	(00000796,0000429,0000001365,'','Y',1,'Y','Y','Y','Y'),
	(00000797,0000429,0000001366,'','Y',2,'Y','Y','Y','Y'),
	(00000798,0000430,0000001368,'','Y',1,'Y','Y','Y','Y'),
	(00000799,0000430,0000001369,'','Y',2,'Y','Y','Y','Y'),
	(00000800,0000431,0000001371,'','Y',1,'Y','Y','Y','Y'),
	(00000801,0000431,0000001372,'','Y',2,'Y','Y','Y','Y'),
	(00000802,0000432,0000001375,'','Y',1,'Y','Y','Y','Y'),
	(00000803,0000432,0000001376,'','Y',2,'Y','Y','Y','Y'),
	(00000804,0000433,0000001380,'','Y',2,'Y','Y','Y','Y'),
	(00000805,0000433,0000001381,'','Y',2,'Y','Y','Y','Y'),
	(00000807,0000433,0000000125,'','Y',2,'Y','Y','Y','Y'),
	(00000808,0000433,0000001231,'','Y',1,'Y','Y','Y','Y'),
	(00000809,0000434,0000001383,'','Y',1,'Y','Y','Y','Y'),
	(00000810,0000434,0000001384,'','Y',2,'Y','Y','Y','Y'),
	(00000811,0000435,0000001386,'','Y',1,'Y','Y','Y','Y'),
	(00000812,0000435,0000001387,'','Y',2,'Y','Y','Y','Y'),
	(00000813,0000436,0000001389,'','Y',1,'Y','Y','Y','Y'),
	(00000814,0000436,0000001390,'','Y',2,'Y','Y','Y','Y'),
	(00000815,0000437,0000001392,'','Y',1,'Y','Y','Y','Y'),
	(00000816,0000438,0000001394,'','Y',1,'Y','Y','Y','Y'),
	(00000817,0000438,0000001395,'','Y',2,'Y','Y','Y','Y'),
	(00000818,0000439,0000001397,'','Y',1,'Y','Y','Y','Y'),
	(00000819,0000439,0000001398,'','Y',2,'Y','Y','Y','Y'),
	(00000820,0000440,0000001401,'','Y',1,'Y','Y','Y','Y'),
	(00000821,0000440,0000001402,'','Y',2,'Y','Y','Y','Y'),
	(00000822,0000441,0000001404,'','Y',1,'Y','Y','Y','Y'),
	(00000823,0000441,0000001405,'','Y',2,'Y','Y','Y','Y'),
	(00000828,0000444,0000001414,'','Y',1,'Y','Y','Y','Y'),
	(00000829,0000444,0000001415,'','Y',2,'Y','Y','Y','Y'),
	(00000830,0000445,0000001417,'','Y',2,'Y','Y','Y','Y'),
	(00000831,0000445,0000001418,'','Y',1,'Y','Y','Y','Y'),
	(00000832,0000446,0000001420,'','Y',1,'Y','Y','Y','Y'),
	(00000833,0000447,0000001422,'','Y',2,'Y','Y','Y','Y'),
	(00000834,0000447,0000001423,'','Y',1,'Y','Y','Y','Y'),
	(00000835,0000448,0000001425,'','Y',1,'Y','Y','Y','Y'),
	(00000836,0000448,0000001426,'','Y',2,'Y','Y','Y','Y'),
	(00000837,0000449,0000001428,'','Y',1,'Y','Y','Y','Y'),
	(00000838,0000449,0000001429,'','Y',2,'Y','Y','Y','Y'),
	(00000839,0000450,0000001431,'','Y',1,'Y','Y','Y','Y'),
	(00000840,0000450,0000001432,'','Y',2,'Y','Y','Y','Y'),
	(00000841,0000451,0000001434,'','Y',1,'Y','Y','Y','Y'),
	(00000842,0000451,0000001435,'','Y',2,'Y','Y','Y','Y'),
	(00000843,0000452,0000001438,'','Y',1,'Y','Y','Y','Y'),
	(00000844,0000452,0000001439,'','Y',2,'Y','Y','Y','Y'),
	(00000845,0000453,0000001442,'','Y',1,'Y','Y','Y','Y'),
	(00000846,0000453,0000001443,'','Y',2,'Y','Y','Y','Y'),
	(00000847,0000454,0000001446,'','Y',1,'Y','Y','Y','Y'),
	(00000848,0000454,0000001447,'','Y',2,'Y','Y','Y','Y'),
	(00000850,0000456,0000001451,'','Y',1,'Y','Y','Y','Y'),
	(00000851,0000456,0000001452,'','Y',2,'Y','Y','Y','Y'),
	(00000852,0000457,0000001454,'','Y',1,'Y','Y','Y','Y'),
	(00000853,0000457,0000001455,'','Y',2,'Y','Y','Y','Y'),
	(00000858,0000460,0000001466,'','Y',1,'Y','Y','Y','Y'),
	(00000859,0000460,0000001467,'','Y',2,'Y','Y','Y','Y'),
	(00000860,0000461,0000001469,'','Y',1,'Y','Y','Y','Y'),
	(00000861,0000461,0000001470,'','Y',2,'Y','Y','Y','Y'),
	(00000862,0000462,0000001472,'','Y',1,'Y','Y','Y','Y'),
	(00000863,0000462,0000001473,'','Y',2,'Y','Y','Y','Y'),
	(00000864,0000463,0000001475,'','Y',1,'Y','Y','Y','Y'),
	(00000865,0000463,0000001476,'','Y',2,'Y','Y','Y','Y'),
	(00000866,0000464,0000001478,'','Y',1,'Y','Y','Y','Y'),
	(00000867,0000464,0000001479,'','Y',2,'Y','Y','Y','Y'),
	(00000870,0000466,0000001484,'','Y',1,'Y','Y','Y','Y'),
	(00000871,0000466,0000001485,'','Y',2,'Y','Y','Y','Y'),
	(00000872,0000467,0000001487,'','Y',1,'Y','Y','Y','Y'),
	(00000873,0000467,0000001488,'','Y',2,'Y','Y','Y','Y'),
	(00000874,0000468,0000001493,'','Y',1,'Y','Y','Y','Y'),
	(00000875,0000468,0000001494,'','Y',2,'Y','Y','Y','Y'),
	(00000876,0000469,0000001496,'','Y',1,'Y','Y','Y','Y'),
	(00000877,0000469,0000001497,'','Y',2,'Y','Y','Y','Y'),
	(00000878,0000470,0000001499,'','Y',1,'Y','Y','Y','Y'),
	(00000879,0000470,0000001500,'','Y',2,'Y','Y','Y','Y'),
	(00000880,0000471,0000001508,'','Y',1,'Y','Y','Y','Y'),
	(00000881,0000471,0000001509,'','Y',2,'Y','Y','Y','Y'),
	(00000882,0000158,0000000835,'','Y',3,'N','N','N','N'),
	(00000883,0000472,0000001512,'','Y',1,'Y','Y','Y','Y'),
	(00000884,0000472,0000001513,'','Y',2,'Y','Y','Y','Y'),
	(00000885,0000473,0000001515,'','Y',1,'Y','Y','Y','Y'),
	(00000886,0000473,0000001516,'','Y',2,'Y','Y','Y','Y'),
	(00000889,0000475,0000001524,'','Y',1,'Y','Y','Y','Y'),
	(00000890,0000475,0000001525,'','Y',2,'Y','Y','Y','Y'),
	(00000891,0000476,0000001529,'','Y',1,'Y','Y','Y','Y'),
	(00000892,0000476,0000001530,'','Y',2,'Y','Y','Y','Y'),
	(00000893,0000477,0000001533,'','Y',1,'Y','Y','Y','Y'),
	(00000894,0000477,0000001534,'','Y',2,'Y','Y','Y','Y'),
	(00000897,0000479,0000001539,'','Y',1,'Y','Y','Y','Y'),
	(00000898,0000479,0000001540,'','Y',2,'Y','Y','Y','Y'),
	(00000899,0000480,0000001542,'','Y',1,'Y','Y','Y','Y'),
	(00000900,0000480,0000001543,'','Y',2,'Y','Y','Y','Y'),
	(00000903,0000482,0000001549,'','Y',1,'Y','Y','Y','Y'),
	(00000904,0000482,0000001550,'','Y',2,'Y','Y','Y','Y'),
	(00000907,0000484,0000001555,'','Y',1,'Y','Y','Y','Y'),
	(00000908,0000484,0000001556,'','Y',2,'Y','Y','Y','Y'),
	(00000911,0000486,0000001563,'','Y',2,'Y','Y','Y','Y'),
	(00000912,0000486,0000001564,'','Y',1,'Y','Y','Y','Y'),
	(00000917,0000489,0000001572,'','Y',1,'Y','Y','Y','Y'),
	(00000918,0000489,0000001573,'','Y',2,'Y','Y','Y','Y'),
	(00000919,0000437,0000001574,'','Y',2,'Y','Y','Y','Y'),
	(00000920,0000490,0000001576,'','Y',1,'Y','Y','Y','Y'),
	(00000921,0000490,0000001577,'','Y',2,'Y','Y','Y','Y'),
	(00000923,0000491,0000001583,'','Y',1,'Y','Y','Y','Y'),
	(00000924,0000491,0000001584,'','Y',2,'Y','Y','Y','Y'),
	(00000925,0000492,0000001586,'','Y',1,'Y','Y','Y','Y'),
	(00000926,0000492,0000001587,'','Y',2,'Y','Y','Y','Y'),
	(00000930,0000494,0000001595,'','Y',1,'Y','Y','Y','Y'),
	(00000931,0000494,0000001596,'','Y',2,'Y','Y','Y','Y'),
	(00000932,0000495,0000001598,'','Y',1,'Y','Y','Y','Y'),
	(00000933,0000495,0000001599,'','Y',2,'Y','Y','Y','Y'),
	(00000934,0000496,0000001601,'','Y',1,'Y','Y','Y','Y'),
	(00000935,0000496,0000001602,'','Y',2,'Y','Y','Y','Y'),
	(00000936,0000497,0000001604,'','Y',1,'Y','Y','Y','Y'),
	(00000937,0000497,0000001605,'','Y',2,'Y','Y','Y','Y'),
	(00000938,0000498,0000001607,'','Y',1,'Y','Y','Y','Y'),
	(00000939,0000498,0000001608,'','Y',2,'Y','Y','Y','Y'),
	(00000940,0000499,0000001610,'','Y',1,'Y','Y','Y','Y'),
	(00000941,0000499,0000001611,'','Y',2,'Y','Y','Y','Y'),
	(00000942,0000500,0000001613,'','Y',2,'Y','Y','Y','Y'),
	(00000943,0000500,0000001614,'','Y',1,'Y','Y','Y','Y'),
	(00000944,0000501,0000001619,'','Y',1,'Y','Y','Y','Y'),
	(00000945,0000501,0000001620,'','Y',2,'Y','Y','Y','Y'),
	(00000946,0000502,0000001622,'','Y',1,'Y','Y','Y','Y'),
	(00000947,0000502,0000001623,'','Y',2,'Y','Y','Y','Y'),
	(00000950,0000504,0000001629,'','Y',1,'Y','Y','Y','Y'),
	(00000951,0000504,0000001630,'','Y',2,'Y','Y','Y','Y'),
	(00000952,0000505,0000001632,'','Y',1,'Y','Y','Y','Y'),
	(00000953,0000506,0000001634,'','Y',1,'Y','Y','Y','Y'),
	(00000954,0000506,0000001635,'','Y',2,'Y','Y','Y','Y'),
	(00000955,0000507,0000001637,'','Y',1,'Y','Y','Y','Y'),
	(00000956,0000507,0000001638,'','Y',2,'Y','Y','Y','Y'),
	(00000957,0000508,0000001640,'','Y',1,'Y','Y','Y','Y'),
	(00000958,0000508,0000001641,'','Y',2,'Y','Y','Y','Y'),
	(00000959,0000509,0000001643,'','Y',1,'Y','Y','Y','Y'),
	(00000960,0000509,0000001644,'','Y',2,'Y','Y','Y','Y'),
	(00000963,0000511,0000001649,'','Y',1,'Y','Y','Y','Y'),
	(00000964,0000511,0000001650,'','Y',2,'Y','Y','Y','Y'),
	(00000967,0000513,0000001655,'','Y',1,'Y','Y','Y','Y'),
	(00000968,0000513,0000001656,'','Y',2,'Y','Y','Y','Y'),
	(00000969,0000514,0000001659,'','Y',1,'Y','Y','Y','Y'),
	(00000970,0000514,0000001660,'','Y',2,'Y','Y','Y','Y'),
	(00000971,0000515,0000001662,'','Y',1,'Y','Y','Y','Y'),
	(00000972,0000515,0000001663,'','Y',2,'Y','Y','Y','Y'),
	(00000973,0000360,0000001626,'','Y',1,'Y','Y','Y','Y'),
	(00000974,0000516,0000001665,'','Y',1,'Y','Y','Y','Y'),
	(00000975,0000516,0000001666,'','Y',2,'Y','Y','Y','Y'),
	(00000976,0000517,0000001668,'','Y',2,'Y','Y','Y','Y'),
	(00000977,0000517,0000001669,'','Y',1,'Y','Y','Y','Y'),
	(00000979,0000518,0000001672,'','Y',2,'Y','Y','Y','Y'),
	(00000980,0000518,0000000890,'','Y',1,'Y','Y','Y','Y'),
	(00000981,0000154,0000000651,'','Y',2,'Y','Y','Y','Y'),
	(00000982,0000519,0000001675,'','Y',1,'Y','Y','Y','Y'),
	(00000983,0000519,0000001676,'','Y',2,'Y','Y','Y','Y'),
	(00000984,0000520,0000001678,'','Y',1,'Y','Y','Y','Y'),
	(00000985,0000520,0000001679,'','Y',3,'Y','Y','Y','Y'),
	(00000986,0000521,0000001681,'','Y',1,'Y','Y','Y','Y'),
	(00000987,0000521,0000001682,'','Y',2,'Y','Y','Y','Y'),
	(00000992,0000524,0000001690,'','Y',1,'Y','Y','Y','Y'),
	(00000993,0000524,0000001691,'','Y',2,'Y','Y','Y','Y'),
	(00000994,0000525,0000001693,'','Y',1,'Y','Y','Y','Y'),
	(00000995,0000525,0000001694,'','Y',2,'Y','Y','Y','Y'),
	(00000996,0000526,0000001698,'','Y',1,'Y','Y','Y','Y'),
	(00000997,0000526,0000001699,'','Y',2,'Y','Y','Y','Y'),
	(00000998,0000527,0000001701,'','Y',1,'Y','Y','Y','Y'),
	(00000999,0000527,0000001702,'','Y',2,'Y','Y','Y','Y'),
	(00001000,0000528,0000001704,'','Y',1,'Y','Y','Y','Y'),
	(00001001,0000528,0000001705,'','Y',2,'Y','Y','Y','Y'),
	(00001002,0000529,0000001708,'','Y',1,'Y','Y','Y','Y'),
	(00001003,0000529,0000001709,'','Y',2,'Y','Y','Y','Y'),
	(00001008,0000532,0000001717,'','Y',1,'Y','Y','Y','Y'),
	(00001009,0000533,0000001719,'','Y',1,'Y','Y','Y','Y'),
	(00001010,0000533,0000001720,'','Y',2,'Y','Y','Y','Y'),
	(00001011,0000534,0000001722,'','Y',1,'Y','Y','Y','Y'),
	(00001012,0000534,0000001723,'','Y',2,'Y','Y','Y','Y'),
	(00001013,0000535,0000001725,'','Y',1,'Y','Y','Y','Y'),
	(00001014,0000535,0000001726,'','Y',2,'Y','Y','Y','Y'),
	(00001015,0000536,0000001731,'','Y',1,'Y','Y','Y','Y'),
	(00001016,0000537,0000001733,'','Y',1,'Y','Y','Y','Y'),
	(00001017,0000537,0000001734,'','Y',2,'Y','Y','Y','Y'),
	(00001018,0000538,0000001736,'','Y',1,'Y','Y','Y','Y'),
	(00001019,0000538,0000001737,'','Y',2,'Y','Y','Y','Y'),
	(00001020,0000539,0000001740,'','Y',1,'Y','Y','Y','Y'),
	(00001021,0000539,0000001741,'','Y',2,'Y','Y','Y','Y'),
	(00001024,0000541,0000001745,'','Y',1,'Y','Y','Y','Y'),
	(00001025,0000541,0000001746,'','Y',2,'Y','Y','Y','Y'),
	(00001026,0000542,0000001748,'','Y',1,'Y','Y','Y','Y'),
	(00001027,0000542,0000001749,'','Y',2,'Y','Y','Y','Y'),
	(00001028,0000543,0000001751,'','Y',1,'Y','Y','Y','Y'),
	(00001029,0000543,0000001752,'','Y',2,'Y','Y','Y','Y'),
	(00001030,0000544,0000001754,'','Y',1,'Y','Y','Y','Y'),
	(00001031,0000544,0000001755,'','Y',2,'Y','Y','Y','Y'),
	(00001032,0000545,0000001757,'','Y',1,'Y','Y','Y','Y'),
	(00001033,0000546,0000001759,'','Y',1,'Y','Y','Y','Y'),
	(00001034,0000546,0000001760,'','Y',2,'Y','Y','Y','Y'),
	(00001035,0000547,0000001762,'','Y',1,'Y','Y','Y','Y'),
	(00001036,0000547,0000001763,'','Y',2,'Y','Y','Y','Y'),
	(00001037,0000548,0000001774,'','Y',1,'Y','Y','Y','Y'),
	(00001038,0000548,0000001775,'','Y',2,'Y','Y','Y','Y'),
	(00001039,0000549,0000001780,'','Y',1,'Y','Y','Y','Y'),
	(00001040,0000549,0000001781,'','Y',2,'Y','Y','Y','Y'),
	(00001041,0000550,0000001784,'','Y',1,'Y','Y','Y','Y'),
	(00001042,0000550,0000001785,'','Y',2,'Y','Y','Y','Y'),
	(00001043,0000551,0000001787,'','Y',2,'Y','Y','Y','Y'),
	(00001044,0000552,0000001789,'','Y',1,'Y','Y','Y','Y'),
	(00001045,0000552,0000001790,'','Y',2,'Y','Y','Y','Y'),
	(00001046,0000553,0000001792,'','Y',1,'Y','Y','Y','Y'),
	(00001047,0000553,0000001793,'','Y',2,'Y','Y','Y','Y'),
	(00001048,0000554,0000001795,'','Y',1,'Y','Y','Y','Y'),
	(00001049,0000555,0000001797,'','Y',1,'Y','Y','Y','Y'),
	(00001050,0000555,0000001798,'','Y',2,'Y','Y','Y','Y'),
	(00001051,0000551,0000001800,'','Y',1,'Y','Y','Y','Y'),
	(00001052,0000556,0000001802,'','Y',2,'Y','Y','Y','Y'),
	(00001053,0000556,0000001803,'','Y',3,'Y','Y','Y','Y'),
	(00001054,0000557,0000001805,'','Y',1,'Y','Y','Y','Y'),
	(00001055,0000558,0000001807,'','Y',1,'Y','Y','Y','Y'),
	(00001056,0000559,0000001809,'','Y',1,'Y','Y','Y','Y'),
	(00001059,0000561,0000001815,'','Y',1,'Y','Y','Y','Y'),
	(00001060,0000561,0000001816,'','Y',2,'Y','Y','Y','Y'),
	(00001061,0000562,0000001820,'','Y',1,'Y','Y','Y','Y'),
	(00001062,0000562,0000001821,'','Y',2,'Y','Y','Y','Y'),
	(00001063,0000563,0000001823,'','Y',1,'Y','Y','Y','Y'),
	(00001064,0000563,0000001824,'','Y',2,'Y','Y','Y','Y'),
	(00001065,0000564,0000001826,'','Y',1,'Y','Y','Y','Y'),
	(00001066,0000564,0000001827,'','Y',2,'Y','Y','Y','Y'),
	(00001067,0000565,0000001829,'','Y',1,'Y','Y','Y','Y'),
	(00001068,0000565,0000001830,'','Y',2,'Y','Y','Y','Y'),
	(00001069,0000566,0000001832,'','Y',2,'Y','Y','Y','Y'),
	(00001070,0000566,0000001833,'','Y',2,'Y','Y','Y','Y'),
	(00001072,0000568,0000001837,'','Y',2,'Y','Y','Y','Y'),
	(00001074,0000568,0000001835,'','Y',1,'Y','Y','Y','Y'),
	(00001075,0000566,0000001778,'','Y',1,'Y','Y','Y','Y'),
	(00001076,0000569,0000001841,'','Y',1,'Y','Y','Y','Y'),
	(00001077,0000569,0000001842,'','Y',2,'Y','Y','Y','Y'),
	(00001080,0000571,0000001846,'','Y',1,'Y','Y','Y','Y'),
	(00001081,0000571,0000001847,'','Y',2,'Y','Y','Y','Y'),
	(00001084,0000573,0000001856,'','Y',1,'Y','Y','Y','Y'),
	(00001085,0000573,0000001857,'','Y',2,'Y','Y','Y','Y'),
	(00001086,0000574,0000001859,'','Y',1,'Y','Y','Y','Y'),
	(00001087,0000574,0000001860,'','Y',2,'Y','Y','Y','Y'),
	(00001088,0000575,0000001862,'','Y',1,'Y','Y','Y','Y'),
	(00001089,0000575,0000001863,'','Y',2,'Y','Y','Y','Y'),
	(00001092,0000577,0000001868,'','Y',1,'Y','Y','Y','Y'),
	(00001093,0000577,0000001869,'','Y',2,'Y','Y','Y','Y'),
	(00001094,0000578,0000001871,'','Y',1,'Y','Y','Y','Y'),
	(00001095,0000578,0000001872,'','Y',2,'Y','Y','Y','Y'),
	(00001096,0000554,0000001874,'','Y',3,'Y','Y','Y','Y'),
	(00001099,0000580,0000001880,'','Y',1,'Y','Y','Y','Y'),
	(00001100,0000580,0000001881,'','Y',2,'Y','Y','Y','Y'),
	(00001103,0000582,0000001886,'','Y',1,'Y','Y','Y','Y'),
	(00001104,0000582,0000001887,'','Y',2,'Y','Y','Y','Y'),
	(00001105,0000583,0000001889,'','Y',1,'Y','Y','Y','Y'),
	(00001106,0000583,0000001890,'','Y',2,'Y','Y','Y','Y'),
	(00001107,0000584,0000001892,'','Y',1,'Y','Y','Y','Y'),
	(00001108,0000584,0000001893,'','Y',2,'Y','Y','Y','Y'),
	(00001111,0000586,0000001899,'','Y',1,'Y','Y','Y','Y'),
	(00001112,0000586,0000001900,'','Y',2,'Y','Y','Y','Y'),
	(00001113,0000587,0000001902,'','Y',1,'Y','Y','Y','Y'),
	(00001114,0000587,0000001903,'','Y',2,'Y','Y','Y','Y'),
	(00001115,0000588,0000001906,'','Y',1,'Y','Y','Y','Y'),
	(00001116,0000588,0000001907,'','Y',2,'Y','Y','Y','Y'),
	(00001117,0000589,0000001909,'','Y',1,'Y','Y','Y','Y'),
	(00001118,0000589,0000001910,'','Y',2,'Y','Y','Y','Y'),
	(00001119,0000590,0000001912,'','Y',1,'Y','Y','Y','Y'),
	(00001120,0000591,0000001916,'','Y',1,'Y','Y','Y','Y'),
	(00001121,0000591,0000001917,'','Y',2,'Y','Y','Y','Y'),
	(00001122,0000592,0000001919,'','Y',1,'Y','Y','Y','Y'),
	(00001123,0000592,0000001920,'','Y',2,'Y','Y','Y','Y'),
	(00001124,0000593,0000001922,'','Y',1,'Y','Y','Y','Y'),
	(00001125,0000593,0000001923,'','Y',3,'','','',''),
	(00001126,0000594,0000001926,'','Y',1,'Y','Y','Y','Y'),
	(00001127,0000594,0000001927,'','Y',2,'Y','Y','Y','Y'),
	(00001128,0000595,0000001929,'','Y',1,'Y','Y','Y','Y'),
	(00001129,0000595,0000001930,'','Y',2,'Y','Y','Y','Y'),
	(00001130,0000596,0000001932,'','Y',1,'Y','Y','Y','Y'),
	(00001131,0000596,0000001933,'','Y',2,'Y','Y','Y','Y'),
	(00001134,0000598,0000001938,'','Y',1,'Y','Y','Y','Y'),
	(00001135,0000598,0000001939,'','Y',2,'Y','Y','Y','Y'),
	(00001136,0000599,0000001941,'','Y',1,'Y','Y','Y','Y'),
	(00001137,0000599,0000001942,'','Y',2,'Y','Y','Y','Y'),
	(00001138,0000600,0000001944,'','Y',1,'Y','Y','Y','Y'),
	(00001139,0000600,0000001945,'','Y',2,'Y','Y','Y','Y'),
	(00001140,0000601,0000001947,'','Y',1,'Y','Y','Y','Y'),
	(00001141,0000601,0000001948,'','Y',2,'Y','Y','Y','Y'),
	(00001142,0000602,0000001950,'','Y',1,'Y','Y','Y','Y'),
	(00001143,0000602,0000001951,'','Y',2,'Y','Y','Y','Y'),
	(00001144,0000603,0000001953,'','Y',1,'Y','Y','Y','Y'),
	(00001145,0000603,0000001954,'','Y',2,'Y','Y','Y','Y'),
	(00001146,0000604,0000001956,'','Y',1,'Y','Y','Y','Y'),
	(00001147,0000604,0000001957,'','Y',2,'Y','Y','Y','Y'),
	(00001149,0000606,0000001962,'','Y',1,'Y','Y','Y','Y'),
	(00001150,0000606,0000001963,'','Y',2,'Y','Y','Y','Y'),
	(00001151,0000607,0000001965,'','Y',1,'Y','Y','Y','Y'),
	(00001152,0000607,0000001966,'','Y',2,'Y','Y','Y','Y'),
	(00001153,0000608,0000001968,'','Y',1,'Y','Y','Y','Y'),
	(00001154,0000608,0000001969,'','Y',2,'Y','Y','Y','Y'),
	(00001155,0000609,0000001971,'','Y',1,'Y','Y','Y','Y'),
	(00001156,0000609,0000001972,'','Y',2,'Y','Y','Y','Y'),
	(00001157,0000610,0000001975,'','Y',1,'Y','Y','Y','Y'),
	(00001158,0000610,0000001976,'','Y',2,'Y','Y','Y','Y'),
	(00001161,0000612,0000001981,'','Y',1,'Y','Y','Y','Y'),
	(00001162,0000612,0000001982,'','Y',2,'Y','Y','Y','Y'),
	(00001163,0000613,0000001984,'','Y',1,'Y','Y','Y','Y'),
	(00001164,0000613,0000001985,'','Y',2,'Y','Y','Y','Y'),
	(00001165,0000614,0000001987,'','Y',1,'Y','Y','Y','Y'),
	(00001166,0000614,0000001988,'','Y',2,'Y','Y','Y','Y'),
	(00001167,0000615,0000001990,'','Y',1,'Y','Y','Y','Y'),
	(00001168,0000615,0000001991,'','Y',2,'Y','Y','Y','Y'),
	(00001169,0000616,0000001993,'','Y',1,'Y','Y','Y','Y'),
	(00001170,0000616,0000001994,'','Y',2,'Y','Y','Y','Y'),
	(00001171,0000617,0000001996,'','Y',3,'Y','Y','Y','Y'),
	(00001172,0000617,0000001997,'','Y',2,'Y','Y','Y','Y'),
	(00001173,0000618,0000001999,'','Y',1,'Y','Y','Y','Y'),
	(00001174,0000619,0000002001,'','Y',1,'Y','Y','Y','Y'),
	(00001175,0000619,0000002002,'','Y',2,'Y','Y','Y','Y'),
	(00001176,0000620,0000002004,'','Y',1,'Y','Y','Y','Y'),
	(00001177,0000620,0000002005,'','Y',2,'Y','Y','Y','Y'),
	(00001178,0000621,0000002007,'','Y',1,'Y','Y','Y','Y'),
	(00001179,0000621,0000002008,'','Y',2,'Y','Y','Y','Y'),
	(00001180,0000622,0000002010,'','Y',1,'Y','Y','Y','Y'),
	(00001181,0000622,0000002011,'','Y',2,'Y','Y','Y','Y'),
	(00001182,0000623,0000002013,'','Y',1,'Y','Y','Y','Y'),
	(00001183,0000623,0000002014,'','Y',2,'Y','Y','Y','Y'),
	(00001186,0000625,0000002020,'','Y',1,'Y','Y','Y','Y'),
	(00001187,0000625,0000002021,'','Y',2,'Y','Y','Y','Y'),
	(00001188,0000626,0000002023,'','Y',1,'Y','Y','Y','Y'),
	(00001189,0000626,0000002024,'','Y',2,'Y','Y','Y','Y'),
	(00001190,0000627,0000002030,'','Y',1,'Y','Y','Y','Y'),
	(00001191,0000627,0000002031,'','Y',2,'Y','Y','Y','Y'),
	(00001192,0000627,0000002032,'','Y',2,'Y','Y','Y','Y'),
	(00001193,0000628,0000002034,'','Y',1,'Y','Y','Y','Y'),
	(00001194,0000629,0000002036,'','Y',1,'Y','Y','Y','Y'),
	(00001195,0000630,0000002038,'','Y',1,'Y','Y','Y','Y'),
	(00001196,0000630,0000002039,'','Y',2,'Y','Y','Y','Y'),
	(00001197,0000631,0000002041,'','Y',1,'Y','Y','Y','Y'),
	(00001198,0000631,0000002042,'','Y',2,'Y','Y','Y','Y'),
	(00001199,0000632,0000002044,'','Y',1,'Y','Y','Y','Y'),
	(00001200,0000632,0000002045,'','Y',2,'Y','Y','Y','Y'),
	(00001201,0000633,0000002047,'','Y',1,'Y','Y','Y','Y'),
	(00001202,0000633,0000002048,'','Y',2,'Y','Y','Y','Y'),
	(00001203,0000634,0000002050,'','Y',1,'Y','Y','Y','Y'),
	(00001204,0000634,0000002051,'','Y',2,'Y','Y','Y','Y'),
	(00001205,0000635,0000002054,'','Y',1,'Y','Y','Y','Y'),
	(00001206,0000635,0000002055,'','Y',2,'Y','Y','Y','Y'),
	(00001209,0000637,0000002061,'','Y',2,'Y','Y','Y','Y'),
	(00001210,0000637,0000002062,'','Y',1,'Y','Y','Y','Y'),
	(00001211,0000638,0000002064,'','Y',1,'Y','Y','Y','Y'),
	(00001212,0000638,0000002065,'','Y',2,'Y','Y','Y','Y'),
	(00001213,0000639,0000002067,'','Y',1,'Y','Y','Y','Y'),
	(00001214,0000639,0000002068,'','Y',3,'Y','Y','Y','Y'),
	(00001217,0000641,0000002073,'','Y',1,'Y','Y','Y','Y'),
	(00001218,0000641,0000002074,'','Y',2,'Y','Y','Y','Y'),
	(00001219,0000642,0000002077,'','Y',2,'Y','Y','Y','Y'),
	(00001220,0000642,0000002078,'','Y',1,'Y','Y','Y','Y'),
	(00001221,0000643,0000002080,'','Y',1,'Y','Y','Y','Y'),
	(00001222,0000644,0000002082,'','Y',1,'Y','Y','Y','Y'),
	(00001223,0000644,0000002083,'','Y',2,'Y','Y','Y','Y'),
	(00001224,0000645,0000002085,'','Y',1,'Y','Y','Y','Y'),
	(00001225,0000645,0000002086,'','Y',2,'Y','Y','Y','Y'),
	(00001226,0000646,0000002088,'','Y',1,'Y','Y','Y','Y'),
	(00001227,0000646,0000002089,'','Y',2,'Y','Y','Y','Y'),
	(00001228,0000647,0000002091,'','Y',1,'Y','Y','Y','Y'),
	(00001229,0000647,0000002092,'','Y',2,'Y','Y','Y','Y'),
	(00001230,0000648,0000002094,'','Y',1,'Y','Y','Y','Y'),
	(00001231,0000556,0000002095,'','Y',1,'Y','Y','Y','Y'),
	(00001232,0000649,0000002098,'','Y',1,'Y','Y','Y','Y'),
	(00001233,0000649,0000002099,'','Y',2,'Y','Y','Y','Y'),
	(00001234,0000650,0000002101,'','Y',1,'Y','Y','Y','Y'),
	(00001235,0000650,0000002102,'','Y',2,'Y','Y','Y','Y'),
	(00001238,0000651,0000002104,'','Y',1,'Y','Y','Y','Y'),
	(00001239,0000651,0000002105,'','Y',3,'Y','Y','Y','Y'),
	(00001240,0000652,0000002107,'','Y',1,'Y','Y','Y','Y'),
	(00001241,0000652,0000002108,'','Y',2,'Y','Y','Y','Y'),
	(00001244,0000617,0000001089,'','Y',1,'Y','Y','Y','Y'),
	(00001245,0000654,0000002114,'','Y',1,'Y','Y','Y','Y'),
	(00001246,0000654,0000002115,'','Y',2,'Y','Y','Y','Y'),
	(00001247,0000655,0000002117,'','Y',1,'Y','Y','Y','Y'),
	(00001248,0000655,0000002118,'','Y',2,'Y','Y','Y','Y'),
	(00001249,0000656,0000002025,'','Y',1,'Y','Y','Y','Y'),
	(00001250,0000656,0000002026,'','Y',2,'Y','Y','Y','Y'),
	(00001251,0000657,0000002121,'','Y',1,'Y','Y','Y','Y'),
	(00001252,0000657,0000002122,'','Y',2,'Y','Y','Y','Y'),
	(00001253,0000658,0000002124,'','Y',1,'Y','Y','Y','Y'),
	(00001254,0000658,0000002125,'','Y',2,'Y','Y','Y','Y'),
	(00001255,0000659,0000002127,'','Y',1,'Y','Y','Y','Y'),
	(00001256,0000659,0000002128,'','Y',2,'Y','Y','Y','Y'),
	(00001257,0000660,0000002130,'','Y',1,'Y','Y','Y','Y'),
	(00001258,0000660,0000002131,'','Y',2,'Y','Y','Y','Y'),
	(00001259,0000661,0000002136,'','Y',1,'Y','Y','Y','Y'),
	(00001260,0000661,0000002137,'','Y',2,'Y','Y','Y','Y'),
	(00001261,0000662,0000002139,'','Y',1,'Y','Y','Y','Y'),
	(00001262,0000662,0000002140,'','Y',2,'Y','Y','Y','Y'),
	(00001263,0000663,0000002142,'','Y',1,'Y','Y','Y','Y'),
	(00001264,0000663,0000002143,'','Y',2,'Y','Y','Y','Y'),
	(00001265,0000664,0000002146,'','Y',1,'Y','Y','Y','Y'),
	(00001266,0000664,0000002147,'','Y',2,'Y','Y','Y','Y'),
	(00001270,0000669,0000002157,'','Y',1,'Y','Y','Y','Y'),
	(00001271,0000669,0000002158,'','Y',2,'Y','Y','Y','Y'),
	(00001272,0000670,0000002161,'','Y',1,'Y','Y','Y','Y'),
	(00001273,0000670,0000002162,'','Y',2,'Y','Y','Y','Y'),
	(00001274,0000671,0000002164,'','Y',1,'Y','Y','Y','Y'),
	(00001275,0000671,0000002165,'','Y',2,'Y','Y','Y','Y'),
	(00001276,0000672,0000002167,'','Y',1,'Y','Y','Y','Y'),
	(00001277,0000672,0000002168,'','Y',2,'Y','Y','Y','Y'),
	(00001278,0000673,0000002170,'','Y',1,'Y','Y','Y','Y'),
	(00001279,0000673,0000002171,'','Y',2,'Y','Y','Y','Y'),
	(00001280,0000674,0000002173,'','Y',1,'Y','Y','Y','Y'),
	(00001281,0000674,0000002174,'','Y',2,'Y','Y','Y','Y'),
	(00001282,0000675,0000002176,'','Y',1,'Y','Y','Y','Y'),
	(00001283,0000675,0000002177,'','Y',2,'Y','Y','Y','Y'),
	(00001284,0000676,0000002179,'','Y',1,'Y','Y','Y','Y'),
	(00001285,0000676,0000002180,'','Y',2,'Y','Y','Y','Y'),
	(00001286,0000677,0000002182,'','Y',1,'Y','Y','Y','Y'),
	(00001287,0000677,0000002183,'','Y',2,'Y','Y','Y','Y'),
	(00001288,0000678,0000002185,'','Y',1,'Y','Y','Y','Y'),
	(00001289,0000678,0000002186,'','Y',2,'Y','Y','Y','Y'),
	(00001290,0000679,0000002188,'','Y',1,'Y','Y','Y','Y'),
	(00001291,0000679,0000002189,'','Y',2,'Y','Y','Y','Y'),
	(00001292,0000680,0000002191,'','Y',1,'Y','Y','Y','Y'),
	(00001293,0000680,0000002192,'','Y',2,'Y','Y','Y','Y'),
	(00001294,0000681,0000002195,'','Y',1,'Y','Y','Y','Y'),
	(00001295,0000681,0000002196,'','Y',2,'Y','Y','Y','Y'),
	(00001296,0000682,0000002198,'','Y',1,'Y','Y','Y','Y'),
	(00001297,0000682,0000002199,'','Y',2,'Y','Y','Y','Y'),
	(00001298,0000683,0000002201,'','Y',1,'Y','Y','Y','Y'),
	(00001299,0000683,0000002202,'','Y',2,'Y','Y','Y','Y'),
	(00001300,0000684,0000002204,'','Y',1,'Y','Y','Y','Y'),
	(00001301,0000684,0000002205,'','Y',2,'Y','Y','Y','Y'),
	(00001302,0000685,0000002207,'','Y',1,'Y','Y','Y','Y'),
	(00001303,0000685,0000002208,'','Y',2,'Y','Y','Y','Y'),
	(00001304,0000686,0000002210,'','Y',1,'Y','Y','Y','Y'),
	(00001305,0000686,0000002211,'','Y',2,'Y','Y','Y','Y'),
	(00001306,0000687,0000002213,'','Y',1,'Y','Y','Y','Y'),
	(00001307,0000687,0000002214,'','Y',2,'Y','Y','Y','Y'),
	(00001308,0000688,0000002217,'','Y',1,'Y','Y','Y','Y'),
	(00001309,0000688,0000002218,'','Y',2,'Y','Y','Y','Y'),
	(00001310,0000689,0000002220,'','Y',1,'Y','Y','Y','Y'),
	(00001311,0000689,0000002221,'','Y',2,'Y','Y','Y','Y'),
	(00001312,0000690,0000002223,'','Y',1,'Y','Y','Y','Y'),
	(00001313,0000690,0000002224,'','Y',2,'Y','Y','Y','Y'),
	(00001314,0000691,0000002226,'','Y',1,'Y','Y','Y','Y'),
	(00001315,0000691,0000002227,'','Y',2,'Y','Y','Y','Y'),
	(00001316,0000692,0000002229,'','Y',1,'Y','Y','Y','Y'),
	(00001317,0000692,0000002230,'','Y',2,'Y','Y','Y','Y'),
	(00001318,0000693,0000002234,'','Y',1,'Y','Y','Y','Y'),
	(00001319,0000693,0000002235,'','Y',2,'Y','Y','Y','Y'),
	(00001320,0000694,0000002237,'','Y',1,'Y','Y','Y','Y'),
	(00001321,0000694,0000002238,'','Y',2,'Y','Y','Y','Y'),
	(00001322,0000695,0000002241,'','Y',1,'Y','Y','Y','Y'),
	(00001323,0000695,0000002242,'','Y',2,'Y','Y','Y','Y'),
	(00001324,0000696,0000002245,'','Y',1,'Y','Y','Y','Y'),
	(00001325,0000696,0000002246,'','Y',2,'Y','Y','Y','Y'),
	(00001328,0000698,0000002251,'','Y',1,'Y','Y','Y','Y'),
	(00001329,0000698,0000002252,'','Y',2,'Y','Y','Y','Y'),
	(00001330,0000699,0000002254,'','Y',1,'Y','Y','Y','Y'),
	(00001331,0000699,0000002255,'','Y',2,'Y','Y','Y','Y'),
	(00001332,0000700,0000002257,'','Y',1,'Y','Y','Y','Y'),
	(00001333,0000700,0000002258,'','Y',2,'Y','Y','Y','Y'),
	(00001334,0000701,0000002260,'','Y',1,'Y','Y','Y','Y'),
	(00001335,0000701,0000002261,'','Y',2,'Y','Y','Y','Y'),
	(00001336,0000702,0000002263,'','Y',1,'Y','Y','Y','Y'),
	(00001337,0000702,0000002264,'','Y',2,'Y','Y','Y','Y'),
	(00001340,0000704,0000002269,'','Y',1,'Y','Y','Y','Y'),
	(00001341,0000704,0000002270,'','Y',2,'Y','Y','Y','Y'),
	(00001342,0000705,0000002272,'','Y',1,'Y','Y','Y','Y'),
	(00001343,0000705,0000002273,'','Y',2,'Y','Y','Y','Y'),
	(00001344,0000706,0000002275,'','Y',1,'Y','Y','Y','Y'),
	(00001345,0000706,0000002276,'','Y',2,'Y','Y','Y','Y'),
	(00001346,0000707,0000002278,'','Y',1,'Y','Y','Y','Y'),
	(00001347,0000707,0000002279,'','Y',2,'Y','Y','Y','Y'),
	(00001349,0000708,0000002281,'','Y',1,'Y','Y','Y','Y'),
	(00001350,0000708,0000002282,'','Y',2,'Y','Y','Y','Y'),
	(00001351,0000709,0000002284,'','Y',1,'Y','Y','Y','Y'),
	(00001352,0000709,0000002285,'','Y',2,'Y','Y','Y','Y'),
	(00001353,0000710,0000002287,'','Y',1,'Y','Y','Y','Y'),
	(00001354,0000710,0000002288,'','Y',2,'Y','Y','Y','Y'),
	(00001355,0000711,0000002294,'','Y',1,'Y','Y','Y','Y'),
	(00001356,0000711,0000002295,'','Y',2,'Y','Y','Y','Y'),
	(00001357,0000712,0000002297,'','Y',1,'Y','Y','Y','Y'),
	(00001358,0000712,0000002298,'','Y',2,'Y','Y','Y','Y'),
	(00001359,0000713,0000002300,'','Y',1,'Y','Y','Y','Y'),
	(00001360,0000713,0000002301,'','Y',2,'Y','Y','Y','Y'),
	(00001361,0000714,0000002303,'','Y',1,'Y','Y','Y','Y'),
	(00001362,0000714,0000002304,'','Y',2,'Y','Y','Y','Y'),
	(00001363,0000715,0000002307,'','Y',1,'Y','Y','Y','Y'),
	(00001364,0000715,0000002308,'','Y',2,'Y','Y','Y','Y'),
	(00001365,0000716,0000002310,'','Y',1,'Y','Y','Y','Y'),
	(00001366,0000716,0000002311,'','Y',2,'Y','Y','Y','Y'),
	(00001369,0000717,0000002314,'','Y',1,'Y','Y','Y','Y'),
	(00001370,0000717,0000002315,'','Y',2,'Y','Y','Y','Y'),
	(00001371,0000718,0000002317,'','Y',1,'Y','Y','Y','Y'),
	(00001372,0000718,0000002318,'','Y',2,'Y','Y','Y','Y'),
	(00001373,0000719,0000002320,'','Y',1,'Y','Y','Y','Y'),
	(00001374,0000719,0000002321,'','Y',2,'Y','Y','Y','Y'),
	(00001375,0000720,0000002324,'','Y',1,'Y','Y','Y','Y'),
	(00001376,0000720,0000002325,'','Y',2,'Y','Y','Y','Y'),
	(00001377,0000721,0000002328,'','Y',1,'Y','Y','Y','Y'),
	(00001378,0000721,0000002329,'','Y',2,'Y','Y','Y','Y'),
	(00001379,0000722,0000002331,'','Y',1,'Y','Y','Y','Y'),
	(00001380,0000722,0000002332,'','Y',2,'Y','Y','Y','Y'),
	(00001381,0000723,0000002335,'','Y',1,'Y','Y','Y','Y'),
	(00001382,0000723,0000002336,'','Y',2,'Y','Y','Y','Y'),
	(00001383,0000724,0000002338,'','Y',1,'Y','Y','Y','Y'),
	(00001384,0000724,0000002339,'','Y',2,'Y','Y','Y','Y'),
	(00001385,0000725,0000002341,'','Y',1,'Y','Y','Y','Y'),
	(00001386,0000725,0000002342,'','Y',2,'Y','Y','Y','Y');

/*!40000 ALTER TABLE `gibbonFamilyAdult` ENABLE KEYS */;
UNLOCK TABLES;


# Dump of table gibbonFamilyChild
# ------------------------------------------------------------

LOCK TABLES `gibbonFamilyChild` WRITE;
/*!40000 ALTER TABLE `gibbonFamilyChild` DISABLE KEYS */;

INSERT INTO `gibbonFamilyChild` (`gibbonFamilyChildID`, `gibbonFamilyID`, `gibbonPersonID`, `comment`)
VALUES
	(00000017,0000001,0000000005,''),
	(00000018,0000003,0000000115,''),
	(00000019,0000004,0000000090,''),
	(00000020,0000004,0000000034,''),
	(00000021,0000005,0000000058,''),
	(00000022,0000006,0000000018,''),
	(00000023,0000007,0000000068,''),
	(00000024,0000008,0000000071,''),
	(00000025,0000009,0000000075,''),
	(00000026,0000010,0000000092,''),
	(00000027,0000012,0000000084,''),
	(00000028,0000013,0000000012,''),
	(00000029,0000014,0000000007,''),
	(00000030,0000015,0000000023,''),
	(00000031,0000016,0000000069,''),
	(00000032,0000017,0000000086,''),
	(00000033,0000018,0000000102,''),
	(00000034,0000019,0000000051,''),
	(00000035,0000020,0000000095,''),
	(00000036,0000020,0000000025,''),
	(00000037,0000021,0000000085,''),
	(00000038,0000022,0000000014,''),
	(00000040,0000023,0000000083,''),
	(00000041,0000024,0000000111,''),
	(00000042,0000025,0000000032,''),
	(00000043,0000026,0000000038,''),
	(00000044,0000027,0000000024,''),
	(00000045,0000028,0000000042,''),
	(00000047,0000030,0000000063,''),
	(00000049,0000032,0000000022,''),
	(00000050,0000033,0000000046,''),
	(00000051,0000034,0000000048,''),
	(00000052,0000035,0000000105,''),
	(00000053,0000035,0000000021,''),
	(00000054,0000036,0000000020,''),
	(00000055,0000037,0000000091,''),
	(00000056,0000007,0000000027,''),
	(00000057,0000038,0000000044,''),
	(00000058,0000039,0000000104,''),
	(00000059,0000041,0000000074,''),
	(00000060,0000042,0000000011,''),
	(00000061,0000043,0000000064,''),
	(00000062,0000044,0000000013,''),
	(00000063,0000045,0000000026,''),
	(00000064,0000046,0000000070,''),
	(00000065,0000047,0000000004,''),
	(00000066,0000047,0000000009,''),
	(00000068,0000050,0000000059,''),
	(00000071,0000051,0000000017,''),
	(00000072,0000052,0000000060,''),
	(00000073,0000014,0000000103,''),
	(00000074,0000053,0000000053,''),
	(00000075,0000054,0000000052,''),
	(00000076,0000055,0000000106,''),
	(00000077,0000055,0000000041,''),
	(00000078,0000056,0000000036,''),
	(00000079,0000056,0000000099,''),
	(00000081,0000058,0000000080,''),
	(00000082,0000058,0000000066,''),
	(00000083,0000059,0000000089,''),
	(00000084,0000060,0000000031,''),
	(00000085,0000061,0000000101,''),
	(00000086,0000062,0000000077,''),
	(00000087,0000063,0000000006,''),
	(00000088,0000065,0000000050,''),
	(00000089,0000067,0000000047,''),
	(00000090,0000071,0000000033,''),
	(00000091,0000072,0000000055,''),
	(00000092,0000073,0000000138,''),
	(00000093,0000074,0000000010,''),
	(00000094,0000075,0000000043,''),
	(00000095,0000076,0000000002,''),
	(00000096,0000028,0000000098,''),
	(00000097,0000078,0000000073,''),
	(00000098,0000079,0000000030,''),
	(00000099,0000080,0000000113,''),
	(00000100,0000081,0000000037,''),
	(00000101,0000082,0000000116,''),
	(00000103,0000083,0000000093,''),
	(00000104,0000083,0000000114,''),
	(00000105,0000084,0000000016,''),
	(00000106,0000085,0000000065,''),
	(00000108,0000087,0000000019,''),
	(00000109,0000088,0000000087,''),
	(00000110,0000089,0000000078,''),
	(00000111,0000089,0000000079,''),
	(00000112,0000090,0000000028,''),
	(00000113,0000091,0000000008,''),
	(00000114,0000092,0000000035,''),
	(00000115,0000092,0000000054,''),
	(00000116,0000077,0000000062,''),
	(00000117,0000093,0000000110,''),
	(00000120,0000095,0000000094,''),
	(00000121,0000095,0000000088,''),
	(00000122,0000096,0000000109,''),
	(00000123,0000097,0000000039,''),
	(00000124,0000098,0000000061,''),
	(00000125,0000099,0000000015,''),
	(00000127,0000101,0000000040,''),
	(00000128,0000102,0000000107,''),
	(00000129,0000103,0000000112,''),
	(00000130,0000105,0000000045,''),
	(00000131,0000081,0000000081,''),
	(00000132,0000106,0000000056,''),
	(00000133,0000106,0000000003,''),
	(00000134,0000107,0000000108,''),
	(00000135,0000108,0000000345,''),
	(00000136,0000011,0000000169,''),
	(00000137,0000109,0000000057,''),
	(00000138,0000108,0000000352,''),
	(00000139,0000110,0000000097,''),
	(00000140,0000111,0000000223,''),
	(00000141,0000112,0000000351,''),
	(00000142,0000114,0000000353,''),
	(00000143,0000114,0000000354,''),
	(00000144,0000116,0000000361,''),
	(00000145,0000117,0000000365,''),
	(00000146,0000118,0000000029,''),
	(00000147,0000121,0000000382,''),
	(00000148,0000123,0000000390,''),
	(00000150,0000124,0000000393,''),
	(00000151,0000131,0000000396,''),
	(00000152,0000130,0000000399,''),
	(00000153,0000126,0000000443,''),
	(00000154,0000128,0000000403,''),
	(00000155,0000129,0000000405,''),
	(00000156,0000125,0000000411,''),
	(00000157,0000108,0000000379,''),
	(00000158,0000132,0000000413,''),
	(00000159,0000132,0000000416,''),
	(00000161,0000134,0000000420,''),
	(00000162,0000135,0000000423,''),
	(00000163,0000137,0000000429,''),
	(00000164,0000139,0000000435,''),
	(00000165,0000140,0000000438,''),
	(00000166,0000141,0000000380,''),
	(00000167,0000142,0000000445,''),
	(00000168,0000143,0000000448,''),
	(00000169,0000145,0000000452,''),
	(00000170,0000146,0000000454,''),
	(00000171,0000147,0000000457,''),
	(00000172,0000148,0000000461,''),
	(00000173,0000149,0000000464,''),
	(00000174,0000150,0000000467,''),
	(00000175,0000128,0000000473,''),
	(00000176,0000151,0000000470,''),
	(00000177,0000152,0000000474,''),
	(00000178,0000153,0000000477,''),
	(00000179,0000154,0000000480,''),
	(00000180,0000155,0000000483,''),
	(00000181,0000156,0000000486,''),
	(00000182,0000157,0000000489,''),
	(00000183,0000157,0000000492,''),
	(00000184,0000158,0000000493,''),
	(00000185,0000159,0000000496,''),
	(00000186,0000160,0000000498,''),
	(00000187,0000161,0000000501,''),
	(00000188,0000161,0000000505,''),
	(00000189,0000161,0000000504,''),
	(00000190,0000162,0000000506,''),
	(00000191,0000163,0000000509,''),
	(00000192,0000103,0000000512,''),
	(00000193,0000105,0000000513,''),
	(00000194,0000164,0000000515,''),
	(00000195,0000165,0000000518,''),
	(00000196,0000166,0000000521,''),
	(00000197,0000167,0000000524,''),
	(00000198,0000168,0000000527,''),
	(00000199,0000169,0000000530,''),
	(00000200,0000170,0000000533,''),
	(00000201,0000171,0000000539,''),
	(00000202,0000171,0000000536,''),
	(00000203,0000172,0000000540,''),
	(00000204,0000173,0000000543,''),
	(00000205,0000174,0000000546,''),
	(00000206,0000175,0000000549,''),
	(00000207,0000176,0000000552,''),
	(00000208,0000177,0000000555,''),
	(00000209,0000178,0000000558,''),
	(00000210,0000179,0000000561,''),
	(00000211,0000138,0000000432,''),
	(00000212,0000180,0000000426,''),
	(00000213,0000084,0000000389,''),
	(00000214,0000181,0000000569,''),
	(00000215,0000182,0000000568,''),
	(00000216,0000182,0000000567,''),
	(00000219,0000057,0000000574,''),
	(00000221,0000185,0000000577,''),
	(00000222,0000187,0000000582,''),
	(00000223,0000149,0000000082,''),
	(00000224,0000188,0000000585,''),
	(00000225,0000189,0000000591,''),
	(00000226,0000200,0000000617,''),
	(00000227,0000195,0000000605,''),
	(00000228,0000190,0000000593,''),
	(00000230,0000021,0000000592,''),
	(00000232,0000198,0000000611,''),
	(00000233,0000196,0000000606,''),
	(00000234,0000197,0000000609,''),
	(00000235,0000191,0000000596,''),
	(00000237,0000193,0000000601,''),
	(00000238,0000199,0000000614,''),
	(00000239,0000194,0000000602,''),
	(00000240,0000059,0000000632,''),
	(00000241,0000202,0000000629,''),
	(00000242,0000204,0000000635,''),
	(00000243,0000205,0000000638,''),
	(00000244,0000206,0000000640,''),
	(00000245,0000201,0000000625,''),
	(00000246,0000089,0000000681,''),
	(00000247,0000065,0000000699,''),
	(00000248,0000223,0000000690,''),
	(00000249,0000207,0000000643,''),
	(00000250,0000208,0000000646,''),
	(00000253,0000210,0000000652,''),
	(00000254,0000211,0000000655,''),
	(00000255,0000212,0000000658,''),
	(00000256,0000054,0000000661,''),
	(00000257,0000213,0000000662,''),
	(00000258,0000214,0000000664,''),
	(00000259,0000215,0000000667,''),
	(00000260,0000216,0000000670,''),
	(00000261,0000019,0000000673,''),
	(00000262,0000221,0000000684,''),
	(00000263,0000222,0000000686,''),
	(00000264,0000224,0000000693,''),
	(00000265,0000225,0000000696,''),
	(00000266,0000227,0000000702,''),
	(00000267,0000228,0000000705,''),
	(00000268,0000229,0000000708,''),
	(00000269,0000230,0000000711,''),
	(00000270,0000231,0000000714,''),
	(00000271,0000232,0000000716,''),
	(00000273,0000234,0000000722,''),
	(00000274,0000235,0000000725,''),
	(00000275,0000236,0000000728,''),
	(00000276,0000237,0000000731,''),
	(00000277,0000238,0000000734,''),
	(00000278,0000239,0000000737,''),
	(00000279,0000240,0000000740,''),
	(00000280,0000241,0000000742,''),
	(00000283,0000241,0000000748,''),
	(00000284,0000241,0000000745,''),
	(00000285,0000244,0000000751,''),
	(00000287,0000246,0000000757,''),
	(00000288,0000247,0000000760,''),
	(00000289,0000248,0000000763,''),
	(00000290,0000249,0000000766,''),
	(00000291,0000250,0000000776,''),
	(00000292,0000251,0000000779,''),
	(00000293,0000252,0000000781,''),
	(00000294,0000253,0000000784,''),
	(00000295,0000053,0000000754,''),
	(00000296,0000254,0000000787,''),
	(00000298,0000256,0000000793,''),
	(00000299,0000257,0000000796,''),
	(00000300,0000258,0000000799,''),
	(00000301,0000259,0000000802,''),
	(00000302,0000260,0000000805,''),
	(00000303,0000261,0000000808,''),
	(00000304,0000262,0000000814,''),
	(00000305,0000025,0000000678,''),
	(00000306,0000258,0000000790,''),
	(00000307,0000263,0000000817,''),
	(00000308,0000264,0000000820,''),
	(00000309,0000265,0000000826,''),
	(00000311,0000267,0000000599,''),
	(00000312,0000268,0000000829,''),
	(00000313,0000005,0000000831,''),
	(00000314,0000269,0000000832,''),
	(00000315,0000270,0000000836,''),
	(00000316,0000271,0000000841,''),
	(00000317,0000272,0000000843,''),
	(00000318,0000273,0000000846,''),
	(00000319,0000274,0000000849,''),
	(00000320,0000275,0000000852,''),
	(00000321,0000276,0000000855,''),
	(00000324,0000279,0000000863,''),
	(00000327,0000282,0000000876,''),
	(00000328,0000200,0000000879,''),
	(00000329,0000283,0000000880,''),
	(00000330,0000284,0000000883,''),
	(00000331,0000285,0000000885,''),
	(00000332,0000024,0000000888,''),
	(00000334,0000287,0000000891,''),
	(00000335,0000288,0000000894,''),
	(00000336,0000289,0000000897,''),
	(00000338,0000108,0000000899,''),
	(00000340,0000134,0000000902,''),
	(00000341,0000292,0000000905,''),
	(00000342,0000293,0000000907,''),
	(00000343,0000294,0000000910,''),
	(00000344,0000295,0000000913,''),
	(00000345,0000296,0000000916,''),
	(00000346,0000297,0000000919,''),
	(00000347,0000298,0000000922,''),
	(00000348,0000148,0000000925,''),
	(00000349,0000299,0000000926,''),
	(00000350,0000300,0000000928,''),
	(00000352,0000047,0000000931,''),
	(00000354,0000232,0000000937,''),
	(00000355,0000303,0000000938,''),
	(00000356,0000304,0000000941,''),
	(00000357,0000305,0000000944,''),
	(00000359,0000305,0000000947,''),
	(00000360,0000307,0000000950,''),
	(00000361,0000308,0000000953,''),
	(00000362,0000309,0000000955,''),
	(00000363,0000310,0000000958,''),
	(00000365,0000312,0000000964,''),
	(00000366,0000313,0000000967,''),
	(00000367,0000037,0000000970,''),
	(00000368,0000314,0000000971,''),
	(00000369,0000315,0000000974,''),
	(00000370,0000316,0000000977,''),
	(00000371,0000317,0000000980,''),
	(00000372,0000318,0000000983,''),
	(00000374,0000156,0000000986,''),
	(00000375,0000034,0000000988,''),
	(00000376,0000320,0000000989,''),
	(00000377,0000321,0000000992,''),
	(00000378,0000322,0000000994,''),
	(00000380,0000170,0000000997,''),
	(00000382,0000171,0000001000,''),
	(00000383,0000325,0000001003,''),
	(00000384,0000326,0000001006,''),
	(00000385,0000327,0000001008,''),
	(00000386,0000328,0000001011,''),
	(00000387,0000329,0000001014,''),
	(00000388,0000330,0000001016,''),
	(00000389,0000331,0000001019,''),
	(00000390,0000332,0000001022,''),
	(00000391,0000333,0000001025,''),
	(00000392,0000334,0000001028,''),
	(00000393,0000335,0000001031,''),
	(00000394,0000336,0000001034,''),
	(00000395,0000337,0000001039,''),
	(00000396,0000338,0000001041,''),
	(00000397,0000339,0000001044,''),
	(00000398,0000340,0000001047,''),
	(00000399,0000341,0000001050,''),
	(00000400,0000342,0000001058,''),
	(00000402,0000344,0000001064,''),
	(00000403,0000345,0000001066,''),
	(00000404,0000346,0000001069,''),
	(00000405,0000347,0000001072,''),
	(00000406,0000348,0000001075,''),
	(00000407,0000342,0000001061,''),
	(00000408,0000050,0000000934,''),
	(00000409,0000009,0000000719,''),
	(00000410,0000003,0000000885,''),
	(00000411,0000212,0000000961,''),
	(00000412,0000349,0000001079,''),
	(00000413,0000350,0000001081,''),
	(00000414,0000351,0000001086,''),
	(00000415,0000352,0000001090,''),
	(00000416,0000353,0000001093,''),
	(00000417,0000354,0000001106,''),
	(00000418,0000355,0000001113,''),
	(00000419,0000356,0000001124,''),
	(00000420,0000357,0000001127,''),
	(00000421,0000293,0000001132,''),
	(00000422,0000358,0000001133,''),
	(00000424,0000360,0000001139,''),
	(00000425,0000361,0000001142,''),
	(00000427,0000363,0000001148,''),
	(00000428,0000364,0000001151,''),
	(00000429,0000365,0000001154,''),
	(00000430,0000366,0000001157,''),
	(00000431,0000367,0000001160,''),
	(00000432,0000368,0000001163,''),
	(00000433,0000369,0000001166,''),
	(00000434,0000370,0000001169,''),
	(00000435,0000371,0000001172,''),
	(00000436,0000372,0000001175,''),
	(00000437,0000264,0000001178,''),
	(00000438,0000373,0000001179,''),
	(00000439,0000374,0000001182,''),
	(00000441,0000376,0000001188,''),
	(00000442,0000377,0000001191,''),
	(00000443,0000378,0000001193,''),
	(00000444,0000275,0000001196,''),
	(00000445,0000379,0000001197,''),
	(00000446,0000331,0000001200,''),
	(00000447,0000380,0000001201,''),
	(00000448,0000381,0000001204,''),
	(00000449,0000382,0000001207,''),
	(00000450,0000383,0000001210,''),
	(00000451,0000185,0000001213,''),
	(00000452,0000384,0000001214,''),
	(00000453,0000197,0000001217,''),
	(00000454,0000385,0000001218,''),
	(00000455,0000145,0000001221,''),
	(00000456,0000386,0000001222,''),
	(00000457,0000213,0000001225,''),
	(00000458,0000180,0000001226,''),
	(00000459,0000387,0000001227,''),
	(00000461,0000389,0000001233,''),
	(00000462,0000390,0000001236,''),
	(00000463,0000391,0000001239,''),
	(00000464,0000392,0000001242,''),
	(00000465,0000393,0000001245,''),
	(00000466,0000394,0000001248,''),
	(00000467,0000395,0000001251,''),
	(00000468,0000396,0000001254,''),
	(00000470,0000398,0000001259,''),
	(00000471,0000095,0000001262,''),
	(00000472,0000399,0000001263,''),
	(00000473,0000400,0000001266,''),
	(00000476,0000131,0000001275,''),
	(00000477,0000403,0000001276,''),
	(00000478,0000404,0000001279,''),
	(00000479,0000405,0000001282,''),
	(00000480,0000406,0000001285,''),
	(00000481,0000407,0000001288,''),
	(00000482,0000408,0000001291,''),
	(00000483,0000223,0000001136,''),
	(00000484,0000342,0000001145,''),
	(00000485,0000251,0000001185,''),
	(00000486,0000289,0000001257,''),
	(00000487,0000265,0000001269,''),
	(00000488,0000045,0000001272,''),
	(00000489,0000409,0000001296,''),
	(00000490,0000410,0000001299,''),
	(00000491,0000411,0000001302,''),
	(00000492,0000412,0000001304,''),
	(00000493,0000413,0000001307,''),
	(00000494,0000414,0000001310,''),
	(00000495,0000412,0000001310,''),
	(00000496,0000415,0000001313,''),
	(00000497,0000416,0000001316,''),
	(00000499,0000418,0000001322,''),
	(00000500,0000419,0000001325,''),
	(00000502,0000022,0000000072,''),
	(00000504,0000422,0000001345,''),
	(00000506,0000062,0000001351,''),
	(00000507,0000425,0000001352,''),
	(00000508,0000426,0000001355,''),
	(00000509,0000427,0000001358,''),
	(00000511,0000429,0000001364,''),
	(00000513,0000431,0000001370,''),
	(00000514,0000204,0000001373,''),
	(00000515,0000432,0000001374,''),
	(00000516,0000148,0000001377,''),
	(00000517,0000017,0000001378,''),
	(00000518,0000433,0000001379,''),
	(00000519,0000434,0000001382,''),
	(00000520,0000435,0000001385,''),
	(00000521,0000436,0000001388,''),
	(00000522,0000437,0000001391,''),
	(00000523,0000438,0000001393,''),
	(00000524,0000439,0000001396,''),
	(00000525,0000378,0000001399,''),
	(00000526,0000440,0000001400,''),
	(00000527,0000441,0000001403,''),
	(00000529,0000261,0000001409,''),
	(00000531,0000416,0000001319,''),
	(00000532,0000416,0000001410,''),
	(00000533,0000444,0000001413,''),
	(00000534,0000445,0000001416,''),
	(00000535,0000446,0000001419,''),
	(00000536,0000447,0000001421,''),
	(00000537,0000448,0000001424,''),
	(00000538,0000449,0000001427,''),
	(00000539,0000450,0000001430,''),
	(00000540,0000451,0000001433,''),
	(00000541,0000338,0000001436,''),
	(00000542,0000452,0000001437,''),
	(00000543,0000199,0000001440,''),
	(00000544,0000453,0000001441,''),
	(00000545,0000261,0000001444,''),
	(00000546,0000454,0000001445,''),
	(00000548,0000456,0000001450,''),
	(00000549,0000457,0000001453,''),
	(00000550,0000338,0000001456,''),
	(00000553,0000460,0000001465,''),
	(00000554,0000461,0000001468,''),
	(00000555,0000462,0000001471,''),
	(00000556,0000463,0000001474,''),
	(00000557,0000464,0000001477,''),
	(00000559,0000466,0000001483,''),
	(00000560,0000467,0000001486,''),
	(00000561,0000468,0000001492,''),
	(00000562,0000469,0000001495,''),
	(00000563,0000470,0000001498,''),
	(00000564,0000034,0000001361,''),
	(00000565,0000154,0000000649,''),
	(00000566,0000471,0000001507,''),
	(00000567,0000472,0000001511,''),
	(00000568,0000473,0000001514,''),
	(00000570,0000475,0000001523,''),
	(00000571,0000282,0000001520,''),
	(00000572,0000476,0000001528,''),
	(00000573,0000477,0000001532,''),
	(00000575,0000477,0000001535,''),
	(00000576,0000212,0000001406,''),
	(00000577,0000479,0000001538,''),
	(00000578,0000480,0000001541,''),
	(00000580,0000482,0000001548,''),
	(00000582,0000484,0000001554,''),
	(00000584,0000419,0000001560,''),
	(00000585,0000486,0000001562,''),
	(00000588,0000489,0000001571,''),
	(00000589,0000490,0000001575,''),
	(00000590,0000491,0000001582,''),
	(00000591,0000492,0000001585,''),
	(00000593,0000180,0000001591,''),
	(00000594,0000180,0000001592,''),
	(00000595,0000403,0000001593,''),
	(00000596,0000494,0000001594,''),
	(00000597,0000495,0000001597,''),
	(00000598,0000496,0000001600,''),
	(00000599,0000497,0000001603,''),
	(00000600,0000498,0000001606,''),
	(00000601,0000499,0000001609,''),
	(00000602,0000500,0000001612,''),
	(00000603,0000304,0000001615,''),
	(00000604,0000321,0000001616,''),
	(00000605,0000382,0000001617,''),
	(00000606,0000501,0000001618,''),
	(00000607,0000502,0000001621,''),
	(00000609,0000392,0000001627,''),
	(00000610,0000504,0000001628,''),
	(00000611,0000505,0000001631,''),
	(00000612,0000506,0000001633,''),
	(00000613,0000507,0000001636,''),
	(00000614,0000508,0000001639,''),
	(00000615,0000509,0000001642,''),
	(00000617,0000509,0000001645,''),
	(00000618,0000511,0000001648,''),
	(00000620,0000513,0000001654,''),
	(00000621,0000380,0000001657,''),
	(00000622,0000514,0000001658,''),
	(00000623,0000515,0000001661,''),
	(00000624,0000360,0000001624,''),
	(00000625,0000516,0000001664,''),
	(00000626,0000517,0000001667,''),
	(00000627,0000518,0000001670,''),
	(00000628,0000518,0000000889,''),
	(00000629,0000154,0000001673,''),
	(00000630,0000519,0000001674,''),
	(00000631,0000520,0000001677,''),
	(00000632,0000521,0000001680,''),
	(00000634,0000521,0000001683,''),
	(00000636,0000521,0000001686,''),
	(00000637,0000524,0000001689,''),
	(00000638,0000525,0000001692,''),
	(00000639,0000372,0000001695,''),
	(00000640,0000288,0000001696,''),
	(00000641,0000526,0000001697,''),
	(00000642,0000527,0000001700,''),
	(00000643,0000528,0000001703,''),
	(00000644,0000374,0000001706,''),
	(00000645,0000529,0000001707,''),
	(00000648,0000142,0000001713,''),
	(00000649,0000532,0000001716,''),
	(00000650,0000533,0000001718,''),
	(00000651,0000534,0000001721,''),
	(00000652,0000535,0000001724,''),
	(00000653,0000410,0000001729,''),
	(00000654,0000536,0000001730,''),
	(00000655,0000537,0000001732,''),
	(00000656,0000538,0000001735,''),
	(00000657,0000539,0000001739,''),
	(00000659,0000541,0000001744,''),
	(00000660,0000542,0000001747,''),
	(00000661,0000543,0000001750,''),
	(00000662,0000544,0000001753,''),
	(00000663,0000545,0000001756,''),
	(00000664,0000546,0000001758,''),
	(00000665,0000547,0000001761,''),
	(00000666,0000548,0000001773,''),
	(00000667,0000549,0000001779,''),
	(00000668,0000550,0000001783,''),
	(00000669,0000551,0000001786,''),
	(00000670,0000552,0000001788,''),
	(00000671,0000553,0000001791,''),
	(00000672,0000554,0000001794,''),
	(00000673,0000555,0000001796,''),
	(00000674,0000556,0000001801,''),
	(00000675,0000557,0000001804,''),
	(00000676,0000558,0000001806,''),
	(00000677,0000559,0000001808,''),
	(00000679,0000513,0000001811,''),
	(00000680,0000561,0000001814,''),
	(00000681,0000473,0000001817,''),
	(00000682,0000562,0000001819,''),
	(00000683,0000563,0000001822,''),
	(00000684,0000564,0000001825,''),
	(00000685,0000565,0000001828,''),
	(00000686,0000565,0000001710,''),
	(00000687,0000566,0000001831,''),
	(00000689,0000568,0000001836,''),
	(00000690,0000568,0000001834,''),
	(00000691,0000569,0000001840,''),
	(00000693,0000569,0000001843,''),
	(00000694,0000571,0000001845,''),
	(00000696,0000571,0000001848,''),
	(00000697,0000573,0000001855,''),
	(00000698,0000574,0000001858,''),
	(00000699,0000575,0000001861,''),
	(00000701,0000500,0000001864,''),
	(00000702,0000577,0000001867,''),
	(00000703,0000578,0000001870,''),
	(00000705,0000425,0000001875,''),
	(00000706,0000399,0000001878,''),
	(00000707,0000580,0000001879,''),
	(00000709,0000432,0000001882,''),
	(00000710,0000582,0000001885,''),
	(00000711,0000583,0000001888,''),
	(00000712,0000584,0000001891,''),
	(00000714,0000366,0000001894,''),
	(00000715,0000384,0000001897,''),
	(00000716,0000586,0000001898,''),
	(00000717,0000587,0000001901,''),
	(00000718,0000365,0000001904,''),
	(00000719,0000588,0000001905,''),
	(00000720,0000589,0000001908,''),
	(00000721,0000590,0000001911,''),
	(00000722,0000396,0000001913,''),
	(00000723,0000206,0000001914,''),
	(00000724,0000591,0000001915,''),
	(00000725,0000592,0000001918,''),
	(00000726,0000593,0000001921,''),
	(00000727,0000292,0000001924,''),
	(00000728,0000594,0000001925,''),
	(00000729,0000595,0000001928,''),
	(00000730,0000596,0000001931,''),
	(00000733,0000188,0000001934,''),
	(00000734,0000598,0000001937,''),
	(00000735,0000599,0000001940,''),
	(00000736,0000600,0000001943,''),
	(00000737,0000601,0000001946,''),
	(00000738,0000602,0000001949,''),
	(00000739,0000603,0000001952,''),
	(00000740,0000604,0000001955,''),
	(00000742,0000272,0000001958,''),
	(00000743,0000407,0000001960,''),
	(00000744,0000606,0000001961,''),
	(00000745,0000607,0000001964,''),
	(00000746,0000608,0000001967,''),
	(00000747,0000609,0000001970,''),
	(00000748,0000577,0000001973,''),
	(00000749,0000610,0000001974,''),
	(00000751,0000610,0000001977,''),
	(00000752,0000612,0000001980,''),
	(00000753,0000613,0000001983,''),
	(00000754,0000614,0000001986,''),
	(00000755,0000615,0000001989,''),
	(00000756,0000616,0000001992,''),
	(00000757,0000617,0000001995,''),
	(00000758,0000618,0000001998,''),
	(00000759,0000619,0000002000,''),
	(00000760,0000620,0000002003,''),
	(00000761,0000621,0000002006,''),
	(00000762,0000622,0000002009,''),
	(00000763,0000623,0000002012,''),
	(00000765,0000550,0000002016,''),
	(00000766,0000625,0000002019,''),
	(00000767,0000626,0000002022,''),
	(00000768,0000627,0000002029,''),
	(00000769,0000628,0000002033,''),
	(00000770,0000629,0000002035,''),
	(00000771,0000630,0000002037,''),
	(00000772,0000631,0000002040,''),
	(00000773,0000632,0000002043,''),
	(00000774,0000633,0000002046,''),
	(00000775,0000634,0000002049,''),
	(00000776,0000635,0000002053,''),
	(00000778,0000571,0000002056,''),
	(00000779,0000637,0000002060,''),
	(00000780,0000638,0000002063,''),
	(00000781,0000639,0000002066,''),
	(00000783,0000155,0000002069,''),
	(00000784,0000641,0000002072,''),
	(00000785,0000642,0000002076,''),
	(00000786,0000643,0000002079,''),
	(00000787,0000644,0000002081,''),
	(00000788,0000645,0000002084,''),
	(00000789,0000646,0000002087,''),
	(00000791,0000647,0000002090,''),
	(00000792,0000648,0000002093,''),
	(00000793,0000649,0000002097,''),
	(00000794,0000650,0000002100,''),
	(00000795,0000651,0000002103,''),
	(00000796,0000652,0000002106,''),
	(00000798,0000547,0000002109,''),
	(00000799,0000654,0000002113,''),
	(00000800,0000655,0000002116,''),
	(00000801,0000656,0000002119,''),
	(00000802,0000657,0000002120,''),
	(00000803,0000658,0000002123,''),
	(00000804,0000659,0000002126,''),
	(00000805,0000660,0000002129,''),
	(00000806,0000661,0000002135,''),
	(00000807,0000662,0000002138,''),
	(00000808,0000663,0000002141,''),
	(00000809,0000651,0000002144,''),
	(00000810,0000664,0000002145,''),
	(00000813,0000426,0000002150,''),
	(00000817,0000669,0000002156,''),
	(00000818,0000670,0000002160,''),
	(00000819,0000671,0000002163,''),
	(00000820,0000672,0000002166,''),
	(00000821,0000673,0000002169,''),
	(00000822,0000674,0000002172,''),
	(00000823,0000675,0000002175,''),
	(00000824,0000676,0000002178,''),
	(00000825,0000677,0000002181,''),
	(00000826,0000678,0000002184,''),
	(00000827,0000679,0000002187,''),
	(00000828,0000680,0000002190,''),
	(00000829,0000450,0000002193,''),
	(00000830,0000681,0000002194,''),
	(00000831,0000682,0000002197,''),
	(00000832,0000683,0000002200,''),
	(00000833,0000684,0000002203,''),
	(00000834,0000685,0000002206,''),
	(00000835,0000686,0000002209,''),
	(00000836,0000687,0000002212,''),
	(00000837,0000651,0000002215,''),
	(00000838,0000688,0000002216,''),
	(00000839,0000689,0000002219,''),
	(00000840,0000690,0000002222,''),
	(00000841,0000691,0000002225,''),
	(00000842,0000692,0000002228,''),
	(00000843,0000165,0000002231,''),
	(00000844,0000374,0000002232,''),
	(00000845,0000693,0000002233,''),
	(00000846,0000694,0000002236,''),
	(00000847,0000295,0000002239,''),
	(00000848,0000695,0000002240,''),
	(00000849,0000471,0000002243,''),
	(00000850,0000696,0000002244,''),
	(00000852,0000412,0000002247,''),
	(00000853,0000698,0000002250,''),
	(00000854,0000699,0000002253,''),
	(00000855,0000700,0000002256,''),
	(00000856,0000701,0000002259,''),
	(00000857,0000702,0000002262,''),
	(00000859,0000616,0000002265,''),
	(00000860,0000704,0000002268,''),
	(00000861,0000705,0000002271,''),
	(00000862,0000706,0000002274,''),
	(00000863,0000707,0000002277,''),
	(00000864,0000708,0000002280,''),
	(00000865,0000709,0000002283,''),
	(00000866,0000710,0000002286,''),
	(00000867,0000711,0000002293,''),
	(00000868,0000712,0000002296,''),
	(00000869,0000713,0000002299,''),
	(00000870,0000714,0000002302,''),
	(00000871,0000715,0000002306,''),
	(00000872,0000716,0000002309,''),
	(00000873,0000717,0000002313,''),
	(00000874,0000718,0000002316,''),
	(00000875,0000719,0000002319,''),
	(00000876,0000720,0000002323,''),
	(00000877,0000721,0000002327,''),
	(00000878,0000722,0000002330,''),
	(00000879,0000496,0000002333,''),
	(00000880,0000723,0000002334,''),
	(00000881,0000724,0000002337,''),
	(00000882,0000725,0000002340,''),
	(00000883,0000430,0000001367,'');

/*!40000 ALTER TABLE `gibbonFamilyChild` ENABLE KEYS */;
UNLOCK TABLES;


# Dump of table gibbonFinanceFeeCategory
# ------------------------------------------------------------

LOCK TABLES `gibbonFinanceFeeCategory` WRITE;
/*!40000 ALTER TABLE `gibbonFinanceFeeCategory` DISABLE KEYS */;

INSERT INTO `gibbonFinanceFeeCategory` (`gibbonFinanceFeeCategoryID`, `name`, `nameShort`, `description`, `active`, `gibbonPersonIDCreator`, `timestampCreator`, `gibbonPersonIDUpdate`, `timestampUpdate`)
VALUES
	(0001,'Other','OTHR','Category for fees not fitting into any other category.','Y',0000000001,'2013-07-12 08:25:32',NULL,NULL),
	(0019,'Tuition Fee','TUIT','School Tuition ','Y',0000001810,'2017-04-13 12:43:01',0000000857,'2017-05-23 09:59:14'),
	(0020,'Debenture','DEB','Non-Refundable Debenture','Y',0000001810,'2017-05-23 09:41:23',0000000857,'2017-05-23 11:29:17'),
	(0021,'Public Exam Fee','EXAM','','Y',0000000857,'2017-06-16 15:02:52',NULL,NULL);

/*!40000 ALTER TABLE `gibbonFinanceFeeCategory` ENABLE KEYS */;
UNLOCK TABLES;


# Dump of table gibbonHouse
# ------------------------------------------------------------

LOCK TABLES `gibbonHouse` WRITE;
/*!40000 ALTER TABLE `gibbonHouse` DISABLE KEYS */;

INSERT INTO `gibbonHouse` (`gibbonHouseID`, `name`, `nameShort`, `logo`)
VALUES
	(009,'Ming','M',''),
	(010,'Song','S',''),
	(011,'Tang','T','');

/*!40000 ALTER TABLE `gibbonHouse` ENABLE KEYS */;
UNLOCK TABLES;


# Dump of table gibbonLibraryItem
# ------------------------------------------------------------

LOCK TABLES `gibbonLibraryItem` WRITE;
/*!40000 ALTER TABLE `gibbonLibraryItem` DISABLE KEYS */;

INSERT INTO `gibbonLibraryItem` (`gibbonLibraryItemID`, `gibbonLibraryTypeID`, `id`, `name`, `producer`, `fields`, `vendor`, `purchaseDate`, `invoiceNumber`, `imageType`, `imageLocation`, `comment`, `gibbonSpaceID`, `locationDetail`, `ownershipType`, `gibbonPersonIDOwnership`, `gibbonDepartmentID`, `replacement`, `replacementCost`, `gibbonSchoolYearIDReplacement`, `physicalCondition`, `bookable`, `borrowable`, `status`, `gibbonPersonIDStatusResponsible`, `gibbonPersonIDStatusRecorder`, `timestampStatus`, `returnExpected`, `returnAction`, `gibbonPersonIDReturnAction`, `gibbonPersonIDCreator`, `timestampCreator`, `gibbonPersonIDUpdate`, `timestampUpdate`)
VALUES
	(0000000005,00004,'03538','Howards End','E. M. Forster, Regina Marler, Benjamin DeMott','a:20:{s:6:\"Format\";s:4:\"Book\";s:9:\"Publisher\";s:14:\"Signet Classic\";s:16:\"Publication Date\";s:10:\"06/11/2007\";s:22:\"Country of Publication\";s:0:\"\";s:7:\"Edition\";s:0:\"\";s:6:\"ISBN10\";s:10:\"0451530462\";s:6:\"ISBN13\";s:13:\"9780451530462\";s:11:\"Description\";s:132:\"The classic novel explores the divisions of culture and class in late-Victorian England through the story of a disputed inheritance.\";s:8:\"Subjects\";s:0:\"\";s:10:\"Collection\";s:18:\"Fiction - Classics\";s:14:\"Control Number\";s:0:\"\";s:20:\"Cataloging Authority\";s:0:\"\";s:21:\"Reader Age (Youngest)\";s:0:\"\";s:19:\"Reader Age (Oldest)\";s:0:\"\";s:10:\"Page Count\";s:3:\"281\";s:6:\"Height\";s:0:\"\";s:5:\"Width\";s:0:\"\";s:9:\"Thickness\";s:0:\"\";s:8:\"Language\";s:2:\"en\";s:4:\"Link\";s:86:\"http://books.google.com/books?id=iaVLeokzxFIC&dq=isbn:9780451530462&hl=&source=gbs_api\";}','',NULL,'','Link','http://books.google.com/books?id=iaVLeokzxFIC&printsec=frontcover&img=1&zoom=1&source=gbs_api','',00013,'Classics (F FOR)','',NULL,NULL,'N',NULL,NULL,'','N','Y','Available',NULL,0000000823,'2012-10-04 16:07:24',NULL,'',NULL,0000000823,'2012-10-04 16:04:08',0000000823,'2012-10-30 10:30:05'),
	(0000000006,00004,'03535','Tender Is the Night','F. Scott Fitzgerald','a:20:{s:6:\"Format\";s:4:\"Book\";s:9:\"Publisher\";s:16:\"Penguin Classics\";s:16:\"Publication Date\";s:4:\"1997\";s:22:\"Country of Publication\";s:0:\"\";s:7:\"Edition\";s:0:\"\";s:6:\"ISBN10\";s:10:\"0140622608\";s:6:\"ISBN13\";s:13:\"9780140622607\";s:11:\"Description\";s:420:\"To the French Riviera come Dick and Nicole Diver. Handsome, rich and glamorous, their dinners are legendary, their atmosphere magnetic. But something is wrong - Nicole has a secret and Dick a weakness. Together they head towards the rocks on which their lives crash - and only one of them really survives. Fitzgerald worked on seventeen versions of this novel, the obsessions of which consumed his marriage and his life.\";s:8:\"Subjects\";s:0:\"\";s:10:\"Collection\";s:18:\"Fiction - Classics\";s:14:\"Control Number\";s:0:\"\";s:20:\"Cataloging Authority\";s:0:\"\";s:21:\"Reader Age (Youngest)\";s:0:\"\";s:19:\"Reader Age (Oldest)\";s:0:\"\";s:10:\"Page Count\";s:3:\"392\";s:6:\"Height\";s:0:\"\";s:5:\"Width\";s:0:\"\";s:9:\"Thickness\";s:0:\"\";s:8:\"Language\";s:2:\"en\";s:4:\"Link\";s:86:\"http://books.google.com/books?id=jbZgQgAACAAJ&dq=isbn:9780140622607&hl=&source=gbs_api\";}','',NULL,'','Link','http://books.google.com/books?id=jbZgQgAACAAJ&printsec=frontcover&img=1&zoom=1&source=gbs_api','',00013,'Classics (F FIT)','',NULL,NULL,'N',NULL,NULL,'','N','Y','Available',NULL,0000000810,'2015-04-23 13:11:07',NULL,'',NULL,0000000823,'2012-10-04 16:13:57',0000000823,'2012-10-30 10:38:46'),
	(0000000008,00004,'06556','Who\'s afraid of Virginia Woolf?','Edward Albee','a:20:{s:6:\"Format\";s:4:\"Book\";s:9:\"Publisher\";s:6:\"Signet\";s:16:\"Publication Date\";s:4:\"1983\";s:22:\"Country of Publication\";s:0:\"\";s:7:\"Edition\";s:0:\"\";s:6:\"ISBN10\";s:10:\"0451158717\";s:6:\"ISBN13\";s:13:\"9780451158710\";s:11:\"Description\";s:169:\"A social event becomes a personal challenge for two faculty members and thier wives at a small New England college as their inner fears and desires are exposed. Reprint.\";s:8:\"Subjects\";s:5:\"Drama\";s:10:\"Collection\";s:0:\"\";s:14:\"Control Number\";s:0:\"\";s:20:\"Cataloging Authority\";s:0:\"\";s:21:\"Reader Age (Youngest)\";s:0:\"\";s:19:\"Reader Age (Oldest)\";s:0:\"\";s:10:\"Page Count\";s:3:\"242\";s:6:\"Height\";s:0:\"\";s:5:\"Width\";s:0:\"\";s:9:\"Thickness\";s:0:\"\";s:8:\"Language\";s:2:\"en\";s:4:\"Link\";s:86:\"http://books.google.com/books?id=noSCftZGbPMC&dq=isbn:9780451158710&hl=&source=gbs_api\";}','',NULL,'','Link','http://books.google.com/books?id=noSCftZGbPMC&printsec=frontcover&img=1&zoom=1&source=gbs_api','',00013,'Play (812.54 ALB)','',NULL,NULL,'N',NULL,NULL,'','N','Y','Available',NULL,NULL,NULL,NULL,NULL,NULL,0000000823,'2012-10-04 16:20:34',0000000689,'2017-10-12 09:33:41'),
	(0000000009,00004,'03518','Animal Farm','George Orwell, Russell Baker, Christopher Montague Woodhouse','a:20:{s:6:\"Format\";s:4:\"Book\";s:9:\"Publisher\";s:15:\"Signet Classics\";s:16:\"Publication Date\";s:4:\"1996\";s:22:\"Country of Publication\";s:0:\"\";s:7:\"Edition\";s:0:\"\";s:6:\"ISBN10\";s:10:\"0451526341\";s:6:\"ISBN13\";s:13:\"9780451526342\";s:11:\"Description\";s:217:\"Featuring a new preface, this classic satire on totalitarianism in which farm animals overthrow their human owner and set up their own government is once again brought to life for a new generation of readers. Reissue.\";s:8:\"Subjects\";s:0:\"\";s:10:\"Collection\";s:18:\"Fiction - Classics\";s:14:\"Control Number\";s:0:\"\";s:20:\"Cataloging Authority\";s:0:\"\";s:21:\"Reader Age (Youngest)\";s:0:\"\";s:19:\"Reader Age (Oldest)\";s:0:\"\";s:10:\"Page Count\";s:3:\"140\";s:6:\"Height\";s:0:\"\";s:5:\"Width\";s:0:\"\";s:9:\"Thickness\";s:0:\"\";s:8:\"Language\";s:2:\"en\";s:4:\"Link\";s:0:\"\";}','',NULL,'','Link','http://books.google.com/books?id=SGAZdjNfruYC&printsec=frontcover&img=1&zoom=1&source=gbs_api','',00013,'Class Read 3','',NULL,NULL,'N',NULL,NULL,'','N','Y','Available',NULL,0000000689,'2015-09-17 15:35:50',NULL,'',NULL,0000000823,'2012-10-05 08:14:04',0000000689,'2015-12-08 14:54:43'),
	(0000000010,00004,'04011','The Good Soldier vejk','Jaroslav Haek','a:20:{s:6:\"Format\";s:4:\"Book\";s:9:\"Publisher\";s:16:\"Penguin Classics\";s:16:\"Publication Date\";s:10:\"01/12/2005\";s:22:\"Country of Publication\";s:0:\"\";s:7:\"Edition\";s:0:\"\";s:6:\"ISBN10\";s:10:\"0140449914\";s:6:\"ISBN13\";s:13:\"9780140449914\";s:11:\"Description\";s:809:\"In The Good Soldier Svejk, celebrated Czech writer and anarchist Jaroslav Hasek combined dazzling wordplay and piercing satire in a hilariously subversive depiction of the futility of war. Good-natured and garrulous, Svejk becomes the Austrian army\'s most loyal Czech soldier when he is called up on the outbreak of World War Ialthough his bumbling attempts to get to the front serve only to prevent him from reaching it. Playing cards and getting drunk, he uses all his cunning and genial subterfuge to deal with the police, clergy, and officers who chivy him toward battle. Cecil Parrott\'s vibrant translation conveys the brilliant irreverence of this classic about a hapless Everyman caught in a vast bureaucratic machine. Brilliant . . . Perhaps the funniest novel ever written. George Monbiot\";s:8:\"Subjects\";s:0:\"\";s:10:\"Collection\";s:18:\"Fiction - Classics\";s:14:\"Control Number\";s:0:\"\";s:20:\"Cataloging Authority\";s:0:\"\";s:21:\"Reader Age (Youngest)\";s:0:\"\";s:19:\"Reader Age (Oldest)\";s:0:\"\";s:10:\"Page Count\";s:3:\"752\";s:6:\"Height\";s:0:\"\";s:5:\"Width\";s:0:\"\";s:9:\"Thickness\";s:0:\"\";s:8:\"Language\";s:2:\"en\";s:4:\"Link\";s:86:\"http://books.google.com/books?id=A1hgPQAACAAJ&dq=isbn:9780140449914&hl=&source=gbs_api\";}','',NULL,'','Link','http://books.google.com/books?id=A1hgPQAACAAJ&printsec=frontcover&img=1&zoom=1&source=gbs_api','',00013,'Classics (F HAS)','',NULL,NULL,'N',NULL,NULL,'','N','Y','Available',NULL,0000000810,'2014-03-27 08:50:13',NULL,'',NULL,0000000823,'2012-10-05 08:16:23',0000000823,'2012-10-30 10:09:57'),
	(0000000011,00004,'06904','Pride and Prejudice','Jane Austen, Meg Cabot','a:20:{s:6:\"Format\";s:4:\"Book\";s:9:\"Publisher\";s:18:\"Bloomsbury Pub Ltd\";s:16:\"Publication Date\";s:10:\"05/03/2007\";s:22:\"Country of Publication\";s:0:\"\";s:7:\"Edition\";s:0:\"\";s:6:\"ISBN10\";s:10:\"0747587485\";s:6:\"ISBN13\";s:13:\"9780747587484\";s:11:\"Description\";s:127:\"Elizabeth Bennet\'s chances of happiness are endangered by the foibles of human nature in this classic nineteenth-century novel.\";s:8:\"Subjects\";s:0:\"\";s:10:\"Collection\";s:18:\"Fiction - Classics\";s:14:\"Control Number\";s:0:\"\";s:20:\"Cataloging Authority\";s:0:\"\";s:21:\"Reader Age (Youngest)\";s:0:\"\";s:19:\"Reader Age (Oldest)\";s:0:\"\";s:10:\"Page Count\";s:3:\"352\";s:6:\"Height\";s:0:\"\";s:5:\"Width\";s:0:\"\";s:9:\"Thickness\";s:0:\"\";s:8:\"Language\";s:2:\"en\";s:4:\"Link\";s:86:\"http://books.google.com/books?id=tigfAAAACAAJ&dq=isbn:9780747587484&hl=&source=gbs_api\";}','',NULL,'','Link','http://books.google.com/books?id=tigfAAAACAAJ&printsec=frontcover&img=1&zoom=1&source=gbs_api','',00013,'Classics (F AUS)','',NULL,NULL,'N',NULL,NULL,'','N','Y','Available',NULL,0000000689,'2017-08-31 13:35:57',NULL,'',NULL,0000000823,'2012-10-05 08:18:51',0000000823,'2012-11-07 11:42:37'),
	(0000000012,00004,'01139','The Grapes of Wrath','John Steinbeck','a:20:{s:6:\"Format\";s:4:\"Book\";s:9:\"Publisher\";s:8:\"ePenguin\";s:16:\"Publication Date\";s:10:\"26/04/2001\";s:22:\"Country of Publication\";s:0:\"\";s:7:\"Edition\";s:0:\"\";s:6:\"ISBN10\";s:10:\"0140292926\";s:6:\"ISBN13\";s:13:\"9780140292923\";s:11:\"Description\";s:598:\"Shocking and controversial when it was first published in 1939, Steinbeck\'s Pulitzer Prize-winning epic remains his undisputed masterpiece. Set against the background of dust bowl Oklahoma and Californian migrant life, it tells of the Joad family, who, like thousands of others, are forced to travel West in search of the promised land. Their story is one of false hopes, thwarted desires and broken dreams, yet out of their suffering Steinbeck created a drama that is intensely human yet majestic in its scale and moral vision; an eloquent tribute to the endurance and dignity of the human spirit.\";s:8:\"Subjects\";s:0:\"\";s:10:\"Collection\";s:18:\"Fiction - Classics\";s:14:\"Control Number\";s:0:\"\";s:20:\"Cataloging Authority\";s:0:\"\";s:21:\"Reader Age (Youngest)\";s:0:\"\";s:19:\"Reader Age (Oldest)\";s:0:\"\";s:10:\"Page Count\";s:3:\"544\";s:6:\"Height\";s:0:\"\";s:5:\"Width\";s:0:\"\";s:9:\"Thickness\";s:0:\"\";s:8:\"Language\";s:2:\"en\";s:4:\"Link\";s:86:\"http://books.google.com/books?id=rK34BBMEnoAC&dq=isbn:9780140292923&hl=&source=gbs_api\";}','',NULL,'','Link','http://books.google.com/books?id=rK34BBMEnoAC&printsec=frontcover&img=1&zoom=1&source=gbs_api','',00013,'Classics (F STE)','',NULL,NULL,'N',NULL,NULL,'','N','Y','Available',NULL,0000000689,'2016-09-14 16:12:28',NULL,'',NULL,0000000823,'2012-10-05 08:20:18',0000000823,'2012-10-30 10:10:47'),
	(0000000013,00004,'04986','COMPLETE FAIRY TALES, THE','Jacob W. Grimm, IRMAOS GRIMM, Wilhelm K. Grimm','a:20:{s:6:\"Format\";s:4:\"Book\";s:9:\"Publisher\";s:0:\"\";s:16:\"Publication Date\";s:10:\"20/05/2009\";s:22:\"Country of Publication\";s:0:\"\";s:7:\"Edition\";s:0:\"\";s:6:\"ISBN10\";s:10:\"1840221747\";s:6:\"ISBN13\";s:13:\"9781840221749\";s:11:\"Description\";s:647:\"Jacob Grimm (1785-1863) and his brother Wilhelm (1786-1859) were philologists and folklorists. The brothers rediscovered a host of fairy tales, telling of princes and princesses in their castles, witches in their towers and forests, of giants and dwarfs, of fabulous animals and dark deeds. Together with the well-known tales of \'Rapunzel\', \'The Goose-Girl\', \'Sleeping Beauty\', \'Hansel and Gretel\' and \'Snow White\', there are the darker tales such as \'Death\'s Messengers\' which deserve to be better known, and which will appeal not only to allwho are interested in the history of folklore, but also to all those who simply love good story-telling.\";s:8:\"Subjects\";s:0:\"\";s:10:\"Collection\";s:18:\"Fiction - Classics\";s:14:\"Control Number\";s:0:\"\";s:20:\"Cataloging Authority\";s:0:\"\";s:21:\"Reader Age (Youngest)\";s:0:\"\";s:19:\"Reader Age (Oldest)\";s:0:\"\";s:10:\"Page Count\";s:3:\"848\";s:6:\"Height\";s:0:\"\";s:5:\"Width\";s:0:\"\";s:9:\"Thickness\";s:0:\"\";s:8:\"Language\";s:2:\"en\";s:4:\"Link\";s:86:\"http://books.google.com/books?id=gxKcPwAACAAJ&dq=isbn:9781840221749&hl=&source=gbs_api\";}','',NULL,'','Link','http://books.google.com/books?id=gxKcPwAACAAJ&printsec=frontcover&img=1&zoom=1&source=gbs_api','',00013,'Classics (F GRI)','',NULL,NULL,'N',NULL,NULL,'','N','Y','Available',NULL,0000000689,'2017-09-05 09:15:50',NULL,'',NULL,0000000823,'2012-10-05 08:23:52',0000000823,'2012-10-30 10:09:43'),
	(0000000014,00004,'00222','Wuthering Heights','Emily Bront','a:20:{s:6:\"Format\";s:4:\"Book\";s:9:\"Publisher\";s:27:\"Wilder Publications Limited\";s:16:\"Publication Date\";s:10:\"30/11/2007\";s:22:\"Country of Publication\";s:0:\"\";s:7:\"Edition\";s:0:\"\";s:6:\"ISBN10\";s:10:\"160459117X\";s:6:\"ISBN13\";s:13:\"9781604591170\";s:11:\"Description\";s:343:\"The tale of Heathcliff\'s and Cathy\'s ungovernable love and suffering, and the havoc that their passion wreaks on the families of the Earnshaws and the Lintons, shocked the book\'s first readers, with even Emily\'s sister Charlotte claiming Whether it is right or advisable to create beings like Heathcliff, I do not know. I scarcely think it is.\";s:8:\"Subjects\";s:0:\"\";s:10:\"Collection\";s:18:\"Fiction - Classics\";s:14:\"Control Number\";s:0:\"\";s:20:\"Cataloging Authority\";s:0:\"\";s:21:\"Reader Age (Youngest)\";s:0:\"\";s:19:\"Reader Age (Oldest)\";s:0:\"\";s:10:\"Page Count\";s:3:\"220\";s:6:\"Height\";s:0:\"\";s:5:\"Width\";s:0:\"\";s:9:\"Thickness\";s:0:\"\";s:8:\"Language\";s:2:\"en\";s:4:\"Link\";s:86:\"http://books.google.com/books?id=SluXuAAACAAJ&dq=isbn:9781604591170&hl=&source=gbs_api\";}','',NULL,'','Link','http://books.google.com/books?id=SluXuAAACAAJ&printsec=frontcover&img=1&zoom=1&source=gbs_api','',00013,'Classics (F BRO)','',NULL,NULL,'N',NULL,NULL,'','N','Y','Available',NULL,NULL,NULL,NULL,NULL,NULL,0000000823,'2012-10-05 08:26:07',0000000823,'2012-10-30 10:11:03'),
	(0000000015,00004,'04071','Alice\'s Adventures in Wonderland','Lewis Carroll','a:20:{s:6:\"Format\";s:4:\"Book\";s:9:\"Publisher\";s:23:\"Oxford University Press\";s:16:\"Publication Date\";s:10:\"03/11/2005\";s:22:\"Country of Publication\";s:0:\"\";s:7:\"Edition\";s:0:\"\";s:6:\"ISBN10\";s:10:\"0195971299\";s:6:\"ISBN13\";s:13:\"9780195971293\";s:11:\"Description\";s:199:\"The New Oxford Progressive English Readers offer a great selection of classic novels and plays from renowned authors that have been abridged in the form of easy-to-read stories for children to enjoy.\";s:8:\"Subjects\";s:0:\"\";s:10:\"Collection\";s:18:\"Fiction - Classics\";s:14:\"Control Number\";s:0:\"\";s:20:\"Cataloging Authority\";s:0:\"\";s:21:\"Reader Age (Youngest)\";s:0:\"\";s:19:\"Reader Age (Oldest)\";s:0:\"\";s:10:\"Page Count\";s:2:\"72\";s:6:\"Height\";s:0:\"\";s:5:\"Width\";s:0:\"\";s:9:\"Thickness\";s:0:\"\";s:8:\"Language\";s:2:\"en\";s:4:\"Link\";s:83:\"http://books.google.com/books?id=z2uMAAAACAAJ&dq=isbn:0195971299&hl=&source=gbs_api\";}','',NULL,'','Link','http://books.google.com/books?id=z2uMAAAACAAJ&printsec=frontcover&img=1&zoom=1&source=gbs_api','',00013,'Classics (F CAR)','',NULL,NULL,'N',NULL,NULL,'','N','Y','Available',NULL,NULL,NULL,NULL,NULL,NULL,0000000823,'2012-10-05 08:27:55',0000000823,'2012-10-30 10:08:20'),
	(0000000016,00004,'00470','Wuthering Heights','Emily Bront, Jim Pipe, Nick Spender','a:20:{s:6:\"Format\";s:4:\"Book\";s:9:\"Publisher\";s:17:\"Barrons Juveniles\";s:16:\"Publication Date\";s:10:\"01/04/2009\";s:22:\"Country of Publication\";s:0:\"\";s:7:\"Edition\";s:0:\"\";s:6:\"ISBN10\";s:10:\"0764140086\";s:6:\"ISBN13\";s:13:\"9780764140082\";s:11:\"Description\";s:226:\"Retells in graphic novel format the story of a foundling brought to Wuthering Heights and his lifelong effect on the children of two aristocratic families, and includes background information on the book, author, and timeline.\";s:8:\"Subjects\";s:0:\"\";s:10:\"Collection\";s:18:\"Fiction - Classics\";s:14:\"Control Number\";s:0:\"\";s:20:\"Cataloging Authority\";s:0:\"\";s:21:\"Reader Age (Youngest)\";s:0:\"\";s:19:\"Reader Age (Oldest)\";s:0:\"\";s:10:\"Page Count\";s:2:\"48\";s:6:\"Height\";s:0:\"\";s:5:\"Width\";s:0:\"\";s:9:\"Thickness\";s:0:\"\";s:8:\"Language\";s:2:\"en\";s:4:\"Link\";s:86:\"http://books.google.com/books?id=UupQPgAACAAJ&dq=isbn:9780764140082&hl=&source=gbs_api\";}','',NULL,'','Link','http://books.google.com/books?id=UupQPgAACAAJ&printsec=frontcover&img=1&zoom=1&source=gbs_api','',00013,'Classics (F BRO)','',NULL,NULL,'N',NULL,NULL,'','N','Y','Available',NULL,NULL,NULL,NULL,NULL,NULL,0000000823,'2012-10-05 08:29:39',0000000823,'2012-10-30 10:10:28');

/*!40000 ALTER TABLE `gibbonLibraryItem` ENABLE KEYS */;
UNLOCK TABLES;


# Dump of table gibbonOutcome
# ------------------------------------------------------------

LOCK TABLES `gibbonOutcome` WRITE;
/*!40000 ALTER TABLE `gibbonOutcome` DISABLE KEYS */;

INSERT INTO `gibbonOutcome` (`gibbonOutcomeID`, `name`, `nameShort`, `category`, `description`, `active`, `scope`, `gibbonDepartmentID`, `gibbonYearGroupIDList`, `gibbonPersonIDCreator`)
VALUES
	(00000081,'Conducting Myself & Working With Other Students','ATL-CM','Approach to Learning','','Y','School',NULL,'001,002,003,004,005,006,007',00000001),
	(00000082,'Working With Other Students','ATL-WWOS','Approach to Learning','','Y','School',NULL,'001,002,003,004,005,006,007',00000001),
	(00000083,'Working Independently','ATL-WI','Approach to Learning','','Y','School',NULL,'001,002,003,004,005,006,007',00000001),
	(00000084,'Showing Initiative & Making Choices','ATL-SIMC','Approach to Learning','','Y','School',NULL,'001,002,003,004,005,006,007',00000001),
	(00000085,'Organisation','ATL-Org','Approach to Learning','','Y','School',NULL,'001,002,003,004,005,006,007',00000001),
	(00000086,'Attitude To Feedback & Advice','ATL-ATFA','Approach to Learning','','Y','School',NULL,'001,002,003,004,005,006,007',00000001),
	(00000087,'Resilience & Motivation','ATL-RM','Approach to Learning','','Y','School',NULL,'001,002,003,004,005,006,007',00000001),
	(00000088,'Attitude To Challenge','ATL-ATC','Approach to Learning','','Y','School',NULL,'001,002,003,004,005,006,007',00000001),
	(00000090,'ICT Enabled','ICT-ICTEnab','ICT','Students posses the ICT and media skills required for them to operate in and beyond school. They can use these skills to solve problems as they arise.','Y','Learning Area',0018,'001,002,003,004,005,006,007',00000001),
	(00000091,'Problem Solving','ICT-ProbSolv','ICT','Students can and will attempt to create solutions to the issues they are faced with.','Y','Learning Area',0018,'001,002,003,004,005,006,007',00000001),
	(00000092,'Tech Sensitive','ICT-TechSen','ICT','Students understand technology as a set of man-made tools, of which ICT is a subset. They understand the relationships between technology and human development, history and contemporary society.','Y','Learning Area',0018,'001,002,003,004,005,006,007',00000001),
	(00000093,'Digitally Positive','ICT-DigPos','ICT','Students understand the risks involved in using technology, and choose to use it in ways which are positive to themselves and others.','Y','Learning Area',0018,'001,002,003,004,005,006,007',00000001),
	(00000094,'Sharing & Respecting','ICT-SharResp','ICT','Students understand and respect copyright law, whilst using permissive licenses to share their own work with the wider Internet.','Y','Learning Area',0018,'001,002,003,004,005,006,007',00000001),
	(00000095,'Hacking & Making','ICT-HackMake','ICT','Students use the skills of teardown and rebuild to learn how things work, before applying these skills to hack and make solutions.','Y','Learning Area',0018,'001,002,003,004,005,006,007',00000001),
	(00000096,'Media Savvy','ICT-MedSavv','ICT','Students understand the media as a machine of information manipulation and dissemination, and know how to read media texts accordingly. Students create their own media texts, appropriate for the chosen purpose and audience.','Y','Learning Area',0018,'001,002,003,004,005,006,007',00000001),
	(00000240,'Contribution to Class','ATL-CTC','Approach to Learning','','Y','School',NULL,'001,002,003,004,005,006,007',00000001);

/*!40000 ALTER TABLE `gibbonOutcome` ENABLE KEYS */;
UNLOCK TABLES;


# Dump of table gibbonPerson
# ------------------------------------------------------------

LOCK TABLES `gibbonPerson` WRITE;
/*!40000 ALTER TABLE `gibbonPerson` DISABLE KEYS */;

INSERT INTO `gibbonPerson` (`gibbonPersonID`, `title`, `surname`, `firstName`, `preferredName`, `officialName`, `nameInCharacters`, `gender`, `username`, `password`, `passwordStrong`, `passwordStrongSalt`, `passwordForceReset`, `status`, `canLogin`, `gibbonRoleIDPrimary`, `gibbonRoleIDAll`, `dob`, `email`, `emailAlternate`, `image_240`, `lastIPAddress`, `lastTimestamp`, `lastFailIPAddress`, `lastFailTimestamp`, `failCount`, `address1`, `address1District`, `address1Country`, `address2`, `address2District`, `address2Country`, `phone1Type`, `phone1CountryCode`, `phone1`, `phone3Type`, `phone3CountryCode`, `phone3`, `phone2Type`, `phone2CountryCode`, `phone2`, `phone4Type`, `phone4CountryCode`, `phone4`, `website`, `languageFirst`, `languageSecond`, `languageThird`, `countryOfBirth`, `birthCertificateScan`, `ethnicity`, `citizenship1`, `citizenship1Passport`, `citizenship1PassportScan`, `citizenship2`, `citizenship2Passport`, `religion`, `nationalIDCardNumber`, `nationalIDCardScan`, `residencyStatus`, `visaExpiryDate`, `profession`, `employer`, `jobTitle`, `emergency1Name`, `emergency1Number1`, `emergency1Number2`, `emergency1Relationship`, `emergency2Name`, `emergency2Number1`, `emergency2Number2`, `emergency2Relationship`, `gibbonHouseID`, `studentID`, `dateStart`, `dateEnd`, `gibbonSchoolYearIDClassOf`, `lastSchool`, `nextSchool`, `departureReason`, `transport`, `transportNotes`, `calendarFeedPersonal`, `viewCalendarSchool`, `viewCalendarPersonal`, `viewCalendarSpaceBooking`, `gibbonApplicationFormID`, `lockerNumber`, `vehicleRegistration`, `personalBackground`, `messengerLastBubble`, `privacy`, `dayType`, `gibbonThemeIDPersonal`, `gibboni18nIDPersonal`, `studentAgreements`, `googleAPIRefreshToken`, `receiveNotificationEmails`, `fields`)
VALUES
	(0000000119,'Mr.','Ellison','Maryjane','Maryjane','Ellison, Maryjane','','M','119','dcd57c0b2f61220eb93fa398ed746b99013d6c497a025073c6b1e937a2bcd8e5','','','N','Full','Y',016,'016',NULL,'119@localhost','','','',NULL,'',NULL,0,'','','','','','','','','','','','','','','','','','','','','','','','','','','','','','','','','','',NULL,'','','','','','','','','','','',010,'',NULL,NULL,NULL,'','','','','','','Y','Y','Y',NULL,'','','',NULL,'','',NULL,NULL,'','','Y','a:0:{}'),
	(0000000120,'Mr.','Jarvis','Darian','Darian','Jarvis, Darian','','M','120','dcd57c0b2f61220eb93fa398ed746b99013d6c497a025073c6b1e937a2bcd8e5','','','N','Full','Y',029,'029',NULL,'120@localhost','','','',NULL,'',NULL,0,'','','','','','','','','','','','','','','','','','','','','','','','','','','','','','','','','','',NULL,'','','','','','','','','','','',011,'',NULL,NULL,NULL,'','','','','','','Y','Y','Y',NULL,'','','',NULL,'','',NULL,NULL,'','','Y','a:0:{}'),
	(0000000124,'Mr.','Benjamin','Mohammed','Mohammed','Benjamin, Mohammed','','M','124','dcd57c0b2f61220eb93fa398ed746b99013d6c497a025073c6b1e937a2bcd8e5','','','N','Full','Y',024,'024',NULL,'124@localhost','','','',NULL,'',NULL,0,'','','','','','','','','','','','','','','','','','','','','','','','','','','','','','','','','','',NULL,'','','','','','','','','','','',009,'',NULL,NULL,NULL,'','','','','','','Y','Y','Y',NULL,'','','',NULL,'','',NULL,NULL,'','','Y','a:0:{}'),
	(0000000140,'Ms.','Mcdowell','Kara','Kara','Mcdowell, Kara','','F','140','dcd57c0b2f61220eb93fa398ed746b99013d6c497a025073c6b1e937a2bcd8e5','','','N','Full','Y',040,'040',NULL,'140@localhost','','','',NULL,'',NULL,0,'','','','','','','','','','','','','','','','','','','','','','','','','','','','','','','','','','',NULL,'','','','','','','','','','','',009,'',NULL,NULL,NULL,'','','','','','','Y','Y','Y',NULL,'','','',NULL,'','',NULL,NULL,'','','Y','a:0:{}'),
	(0000000144,'Mr.','Carrillo','Craig','Craig','Carrillo, Craig','','M','144','dcd57c0b2f61220eb93fa398ed746b99013d6c497a025073c6b1e937a2bcd8e5','','','N','Full','Y',029,'029',NULL,'144@localhost','','','',NULL,'',NULL,0,'','','','','','','','','','','','','','','','','','','','','','','','','','','','','','','','','','',NULL,'','','','','','','','','','','',010,'',NULL,NULL,NULL,'','','','','','','Y','Y','Y',NULL,'','','',NULL,'','',NULL,NULL,'','','Y','a:0:{}'),
	(0000000157,'Dr.','Ray','Emmalee','Emmalee','Ray, Emmalee','','M','157','dcd57c0b2f61220eb93fa398ed746b99013d6c497a025073c6b1e937a2bcd8e5','','','N','Full','Y',004,'004',NULL,'157@localhost','','','',NULL,'',NULL,0,'','','','','','','','','','','','','','','','','','','','','','','','','','','','','','','','','','',NULL,'','','','','','','','','','','',NULL,'',NULL,NULL,NULL,'','','','','','','Y','Y','Y',NULL,'','','',NULL,'','',NULL,NULL,'','','Y','a:0:{}'),
	(0000000158,'Ms.','Hopkins','Yasmin','Yasmin','Hopkins, Yasmin','','F','158','dcd57c0b2f61220eb93fa398ed746b99013d6c497a025073c6b1e937a2bcd8e5','','','N','Full','Y',004,'004',NULL,'158@localhost','','','',NULL,'',NULL,0,'','','','','','','','','','','','','','','','','','','','','','','','','','','','','','','','','','',NULL,'','','','','','','','','','','',NULL,'',NULL,NULL,NULL,'','','','','','','Y','Y','Y',NULL,'','','',NULL,'','',NULL,NULL,'','','Y','a:0:{}'),
	(0000000165,'Mr.','Jarvis','Amare','Amare','Jarvis, Amare','','M','165','dcd57c0b2f61220eb93fa398ed746b99013d6c497a025073c6b1e937a2bcd8e5','','','Y','Full','Y',004,'004',NULL,'165@localhost','','','',NULL,'',NULL,0,'','','','','','','','','','','','','','','','','','','','','','','','','','','','','','','','','','',NULL,'','','','','','','','','','','',NULL,'',NULL,NULL,NULL,'','','','','','','Y','Y','Y',NULL,'','','',NULL,'','',NULL,NULL,'','','Y','a:0:{}'),
	(0000000166,'Ms.','Frye','Aurora','Aurora','Frye, Aurora','','F','166','dcd57c0b2f61220eb93fa398ed746b99013d6c497a025073c6b1e937a2bcd8e5','','','N','Full','Y',004,'004',NULL,'166@localhost','','','',NULL,'',NULL,0,'','','','','','','','','','','','','','','','','','','','','','','','','','','','','','','','','','',NULL,'','','','','','','','','','','',NULL,'',NULL,NULL,NULL,'','','','','','','Y','Y','Y',NULL,'','','',NULL,'','',NULL,NULL,'','','Y','a:0:{}'),
	(0000000182,'Mr.','Ramirez','Asher','Asher','Ramirez, Asher','','M','182','dcd57c0b2f61220eb93fa398ed746b99013d6c497a025073c6b1e937a2bcd8e5','','','N','Full','Y',004,'004',NULL,'182@localhost','','','',NULL,'',NULL,0,'','','','','','','','','','','','','','','','','','','','','','','','','','','','','','','','','','',NULL,'','','','','','','','','','','',NULL,'',NULL,NULL,NULL,'','','','','','','Y','Y','Y',NULL,'','','',NULL,'','',NULL,NULL,'','','Y','a:0:{}'),
	(0000000183,'Mrs.','Solomon','Cristina','Cristina','Solomon, Cristina','','F','183','dcd57c0b2f61220eb93fa398ed746b99013d6c497a025073c6b1e937a2bcd8e5','','','N','Full','Y',004,'004',NULL,'183@localhost','','','',NULL,'',NULL,0,'','','','','','','','','','','','','','','','','','','','','','','','','','','','','','','','','','',NULL,'','','','','','','','','','','',NULL,'',NULL,NULL,NULL,'','','','','','','Y','Y','Y',NULL,'','','',NULL,'','',NULL,NULL,'','','Y','a:0:{}'),
	(0000000185,'Mr.','Pierce','Kaleigh','Kaleigh','Pierce, Kaleigh','','M','185','dcd57c0b2f61220eb93fa398ed746b99013d6c497a025073c6b1e937a2bcd8e5','','','Y','Full','Y',004,'004',NULL,'185@localhost','','','',NULL,'',NULL,0,'','','','','','','','','','','','','','','','','','','','','','','','','','','','','','','','','','',NULL,'','','','','','','','','','','',NULL,'',NULL,NULL,NULL,'','','','','','','Y','Y','Y',NULL,'','','',NULL,'','',NULL,NULL,'','','Y','a:0:{}'),
	(0000000186,'Ms.','Spencer','Aubrie','Aubrie','Spencer, Aubrie','','F','186','dcd57c0b2f61220eb93fa398ed746b99013d6c497a025073c6b1e937a2bcd8e5','','','N','Full','Y',004,'004',NULL,'186@localhost','','','',NULL,'',NULL,0,'','','','','','','','','','','','','','','','','','','','','','','','','','','','','','','','','','',NULL,'','','','','','','','','','','',NULL,'',NULL,NULL,NULL,'','','','','','','Y','Y','Y',NULL,'','','',NULL,'','',NULL,NULL,'','','Y','a:0:{}'),
	(0000000192,'Mrs.','Hess','America','America','Hess, America','','F','192','dcd57c0b2f61220eb93fa398ed746b99013d6c497a025073c6b1e937a2bcd8e5','','','N','Full','Y',001,'001',NULL,'192@localhost','','','',NULL,'',NULL,0,'','','','','','','','','','','','','','','','','','','','','','','','','','','','','','','','','','',NULL,'','','','','','','','','','','',011,'',NULL,NULL,NULL,'','','','','','','Y','Y','Y',NULL,'','','',NULL,'','',NULL,NULL,'','','Y','a:0:{}'),
	(0000000195,'Mr.','Ellison','Roselyn','Roselyn','Ellison, Roselyn','','M','195','dcd57c0b2f61220eb93fa398ed746b99013d6c497a025073c6b1e937a2bcd8e5','','','N','Full','Y',004,'004',NULL,'195@localhost','','','',NULL,'',NULL,0,'','','','','','','','','','','','','','','','','','','','','','','','','','','','','','','','','','',NULL,'','','','','','','','','','','',NULL,'',NULL,NULL,NULL,'','','','','','','Y','Y','Y',NULL,'','','',NULL,'','',NULL,NULL,'','','Y','a:0:{}'),
	(0000000196,'Mrs.','Welch','Juan','Juan','Welch, Juan','','M','196','dcd57c0b2f61220eb93fa398ed746b99013d6c497a025073c6b1e937a2bcd8e5','','','N','Full','Y',004,'004',NULL,'196@localhost','','','',NULL,'',NULL,0,'','','','','','','','','','','','','','','','','','','','','','','','','','','','','','','','','','',NULL,'','','','','','','','','','','',NULL,'',NULL,NULL,NULL,'','','','','','','Y','Y','Y',NULL,'','','',NULL,'','',NULL,NULL,'','','Y','a:0:{}'),
	(0000000197,'Mr.','Salinas','Alexis','Alexis','Salinas, Alexis','','M','197','dcd57c0b2f61220eb93fa398ed746b99013d6c497a025073c6b1e937a2bcd8e5','','','N','Full','Y',004,'004',NULL,'197@localhost','','','',NULL,'',NULL,0,'','','','','','','','','','','','','','','','','','','','','','','','','','','','','','','','','','',NULL,'','','','','','','','','','','',NULL,'',NULL,NULL,NULL,'','','','','','','Y','Y','Y',NULL,'','','',NULL,'','',NULL,NULL,'','','Y','a:0:{}'),
	(0000000198,'Mrs.','Pacheco','Whitney','Whitney','Pacheco, Whitney','','F','198','dcd57c0b2f61220eb93fa398ed746b99013d6c497a025073c6b1e937a2bcd8e5','','','N','Full','Y',002,'002',NULL,'198@localhost','','','',NULL,'',NULL,0,'','','','','','','','','','','','','','','','','','','','','','','','','','','','','','','','','','',NULL,'','','','','','','','','','','',010,'',NULL,NULL,NULL,'','','','','','','Y','Y','Y',NULL,'','','',NULL,'','',NULL,NULL,'','','Y','a:0:{}'),
	(0000000209,'','Valentine','Harry','Harry','Valentine, Harry','','M','209','dcd57c0b2f61220eb93fa398ed746b99013d6c497a025073c6b1e937a2bcd8e5','','','Y','Full','Y',004,'004',NULL,'209@localhost','','','',NULL,'',NULL,0,'','','','','','','','','','','','','','','','','','','','','','','','','','','','','','','','','','',NULL,'','','','','','','','','','','',NULL,'',NULL,NULL,NULL,'','','','','','','Y','Y','Y',NULL,'','','',NULL,'','',NULL,NULL,'','','Y','a:0:{}'),
	(0000000210,'Mrs.','Hopkins','Mariah','Mariah','Hopkins, Mariah','','F','210','dcd57c0b2f61220eb93fa398ed746b99013d6c497a025073c6b1e937a2bcd8e5','','','Y','Full','Y',004,'004',NULL,'210@localhost','','','',NULL,'',NULL,0,'','','','','','','','','','','','','','','','','','','','','','','','','','','','','','','','','','',NULL,'','','','','','','','','','','',NULL,'',NULL,NULL,NULL,'','','','','','','Y','Y','Y',NULL,'','','',NULL,'','',NULL,NULL,'','','Y','a:0:{}'),
	(0000000221,'Mr.','Pierce','Alexis','Alexis','Pierce, Alexis','','M','221','dcd57c0b2f61220eb93fa398ed746b99013d6c497a025073c6b1e937a2bcd8e5','','','Y','Full','Y',004,'004',NULL,'221@localhost','','','',NULL,'',NULL,0,'','','','','','','','','','','','','','','','','','','','','','','','','','','','','','','','','','',NULL,'','','','','','','','','','','',NULL,'',NULL,NULL,NULL,'','','','','','','Y','Y','Y',NULL,'','','',NULL,'','',NULL,NULL,'','','Y','a:0:{}'),
	(0000000222,'Mrs.','Pierce','Marlene','Marlene','Pierce, Marlene','','F','222','dcd57c0b2f61220eb93fa398ed746b99013d6c497a025073c6b1e937a2bcd8e5','','','N','Full','Y',004,'004',NULL,'222@localhost','','','',NULL,'',NULL,0,'','','','','','','','','','','','','','','','','','','','','','','','','','','','','','','','','','',NULL,'','','','','','','','','','','',NULL,'',NULL,NULL,NULL,'','','','','','','Y','Y','Y',NULL,'','','',NULL,'','',NULL,NULL,'','','Y','a:0:{}'),
	(0000000242,'Mr.','Conner','Emmalee','Emmalee','Conner, Emmalee','','M','242','dcd57c0b2f61220eb93fa398ed746b99013d6c497a025073c6b1e937a2bcd8e5','','','N','Full','Y',004,'004',NULL,'242@localhost','','','',NULL,'',NULL,0,'','','','','','','','','','','','','','','','','','','','','','','','','','','','','','','','','','',NULL,'','','','','','','','','','','',NULL,'',NULL,NULL,NULL,'','','','','','','Y','Y','Y',NULL,'','','',NULL,'','',NULL,NULL,'','','Y','a:0:{}'),
	(0000000243,'Mrs.','Larson','Brooklyn','Brooklyn','Larson, Brooklyn','','F','243','dcd57c0b2f61220eb93fa398ed746b99013d6c497a025073c6b1e937a2bcd8e5','','','Y','Full','Y',004,'004',NULL,'243@localhost','','','',NULL,'',NULL,0,'','','','','','','','','','','','','','','','','','','','','','','','','','','','','','','','','','',NULL,'','','','','','','','','','','',NULL,'',NULL,NULL,NULL,'','','','','','','Y','Y','Y',NULL,'','','',NULL,'','',NULL,NULL,'','','Y','a:0:{}'),
	(0000000244,'Mr.','Conner','Laila','Laila','Conner, Laila','','M','244','dcd57c0b2f61220eb93fa398ed746b99013d6c497a025073c6b1e937a2bcd8e5','','','Y','Full','Y',004,'004',NULL,'244@localhost','','','',NULL,'',NULL,0,'','','','','','','','','','','','','','','','','','','','','','','','','','','','','','','','','','',NULL,'','','','','','','','','','','',NULL,'',NULL,NULL,NULL,'','','','','','','Y','Y','Y',NULL,'','','',NULL,'','',NULL,NULL,'','','Y','a:0:{}'),
	(0000000245,'Mrs.','Gallagher','Willow','Willow','Gallagher, Willow','','F','245','dcd57c0b2f61220eb93fa398ed746b99013d6c497a025073c6b1e937a2bcd8e5','','','N','Full','Y',004,'004',NULL,'245@localhost','','','',NULL,'',NULL,0,'','','','','','','','','','','','','','','','','','','','','','','','','','','','','','','','','','',NULL,'','','','','','','','','','','',NULL,'',NULL,NULL,NULL,'','','','','','','Y','Y','Y',NULL,'','','',NULL,'','',NULL,NULL,'','','Y','a:0:{}'),
	(0000000272,'Mr.','Roth','Muhammad','Muhammad','Roth, Muhammad','','M','272','dcd57c0b2f61220eb93fa398ed746b99013d6c497a025073c6b1e937a2bcd8e5','','','N','Full','Y',004,'004',NULL,'272@localhost','','','',NULL,'',NULL,0,'','','','','','','','','','','','','','','','','','','','','','','','','','','','','','','','','','',NULL,'','','','','','','','','','','',NULL,'',NULL,NULL,NULL,'','','','','','','Y','Y','Y',NULL,'','','',NULL,'','',NULL,NULL,'','','Y','a:0:{}'),
	(0000000273,'Ms.','Roth','Genevieve','Genevieve','Roth, Genevieve','','F','273','dcd57c0b2f61220eb93fa398ed746b99013d6c497a025073c6b1e937a2bcd8e5','','','N','Full','Y',004,'004',NULL,'273@localhost','','','',NULL,'',NULL,0,'','','','','','','','','','','','','','','','','','','','','','','','','','','','','','','','','','',NULL,'','','','','','','','','','','',NULL,'',NULL,NULL,NULL,'','','','','','','Y','Y','Y',NULL,'','','',NULL,'','',NULL,NULL,'','','Y','a:0:{}'),
	(0000000308,'Mr.','Mejia','Alonzo','Alonzo','Mejia, Alonzo','','M','308','dcd57c0b2f61220eb93fa398ed746b99013d6c497a025073c6b1e937a2bcd8e5','','','N','Full','Y',004,'004',NULL,'308@localhost','','','',NULL,'',NULL,0,'','','','','','','','','','','','','','','','','','','','','','','','','','','','','','','','','','',NULL,'','','','','','','','','','','',NULL,'',NULL,NULL,NULL,'','','','','','','Y','Y','Y',NULL,'','','',NULL,'','',NULL,NULL,'','','Y','a:0:{}'),
	(0000000309,'Mrs.','Mejia','Amina','Amina','Mejia, Amina','','F','309','dcd57c0b2f61220eb93fa398ed746b99013d6c497a025073c6b1e937a2bcd8e5','','','N','Full','Y',004,'004',NULL,'309@localhost','','','',NULL,'',NULL,0,'','','','','','','','','','','','','','','','','','','','','','','','','','','','','','','','','','',NULL,'','','','','','','','','','','',NULL,'',NULL,NULL,NULL,'','','','','','','Y','Y','Y',NULL,'','','',NULL,'','',NULL,NULL,'','','Y','a:0:{}'),
	(0000000349,'Mr.','Sanchez','Leon','Leon','Sanchez, Leon','','M','349','dcd57c0b2f61220eb93fa398ed746b99013d6c497a025073c6b1e937a2bcd8e5','','','Y','Full','Y',004,'004',NULL,'349@localhost','','','',NULL,'',NULL,0,'','','','','','','','','','','','','','','','','','','','','','','','','','','','','','','','','','',NULL,'','','','','','','','','','','',NULL,'',NULL,NULL,NULL,'','','','','','','Y','Y','Y',NULL,'','','',NULL,'','',NULL,NULL,'','','Y','a:0:{}'),
	(0000000350,'Mrs.','Rich','Neveah','Neveah','Rich, Neveah','','F','350','dcd57c0b2f61220eb93fa398ed746b99013d6c497a025073c6b1e937a2bcd8e5','','','Y','Full','Y',004,'004',NULL,'350@localhost','','','',NULL,'',NULL,0,'','','','','','','','','','','','','','','','','','','','','','','','','','','','','','','','','','',NULL,'','','','','','','','','','','',NULL,'',NULL,NULL,NULL,'','','','','','','Y','Y','Y',NULL,'','','',NULL,'','',NULL,NULL,'','','Y','a:0:{}'),
	(0000000373,'Mr.','Sweeney','Brady','Brady','Sweeney, Brady','','M','373','dcd57c0b2f61220eb93fa398ed746b99013d6c497a025073c6b1e937a2bcd8e5','','','N','Full','Y',002,'002',NULL,'373@localhost','','','',NULL,'',NULL,0,'','','','','','','','','','','','','','','','','','','','','','','','','','','','','','','','','','',NULL,'','','','','','','','','','','',011,'',NULL,NULL,NULL,'','','','','','','Y','Y','Y',NULL,'','','',NULL,'','',NULL,NULL,'','','Y','a:0:{}'),
	(0000000374,'Mrs.','Jefferson','Jaidyn','Jaidyn','Jefferson, Jaidyn','','F','374','dcd57c0b2f61220eb93fa398ed746b99013d6c497a025073c6b1e937a2bcd8e5','','','N','Full','Y',002,'002',NULL,'374@localhost','','','',NULL,'',NULL,0,'','','','','','','','','','','','','','','','','','','','','','','','','','','','','','','','','','',NULL,'','','','','','','','','','','',009,'',NULL,NULL,NULL,'','','','','','','Y','Y','Y',NULL,'','','',NULL,'','',NULL,NULL,'','','Y','a:0:{}'),
	(0000000375,'Mr.','Hancock','Kylan','Kylan','Hancock, Kylan','','M','375','dcd57c0b2f61220eb93fa398ed746b99013d6c497a025073c6b1e937a2bcd8e5','','','N','Full','Y',029,'029',NULL,'375@localhost','','','',NULL,'',NULL,0,'','','','','','','','','','','','','','','','','','','','','','','','','','','','','','','','','','',NULL,'','','','','','','','','','','',009,'',NULL,NULL,NULL,'','','','','','','Y','Y','Y',NULL,'','','',NULL,'','',NULL,NULL,'','','Y','a:0:{}'),
	(0000000382,'Mr.','Leach','Fisher','Fisher','Leach, Fisher','','M','382','dcd57c0b2f61220eb93fa398ed746b99013d6c497a025073c6b1e937a2bcd8e5','','','N','Full','Y',003,'003',NULL,'382@localhost','','','',NULL,'',NULL,0,'','','','','','','','','','','','','','','','','','','','','','','','','','','','','','','','','','',NULL,'','','','','','','','','','','',011,'',NULL,NULL,000,'','','','','','','Y','Y','Y',NULL,'','','',NULL,'','',NULL,NULL,'','','Y','a:0:{}'),
	(0000000383,'Mrs.','Leach','Payton','Payton','Leach, Payton','','F','383','dcd57c0b2f61220eb93fa398ed746b99013d6c497a025073c6b1e937a2bcd8e5','','','N','Full','Y',004,'004',NULL,'383@localhost','','','',NULL,'',NULL,0,'','','','','','','','','','','','','','','','','','','','','','','','','','','','','','','','','','',NULL,'','','','','','','','','','','',NULL,'',NULL,NULL,NULL,'','','','','','','Y','Y','Y',NULL,'','','',NULL,'','',NULL,NULL,'','','Y','a:0:{}'),
	(0000000384,'Mr.','Leach','Mauricio','Mauricio','Leach, Mauricio','','M','384','dcd57c0b2f61220eb93fa398ed746b99013d6c497a025073c6b1e937a2bcd8e5','','','N','Full','Y',004,'004',NULL,'384@localhost','','','',NULL,'',NULL,0,'','','','','','','','','','','','','','','','','','','','','','','','','','','','','','','','','','',NULL,'','','','','','','','','','','',NULL,'',NULL,NULL,NULL,'','','','','','','Y','Y','Y',NULL,'','','',NULL,'','',NULL,NULL,'','','Y','a:0:{}'),
	(0000000396,'','Ellison','Krystal','Krystal','Ellison, Krystal','','F','396','dcd57c0b2f61220eb93fa398ed746b99013d6c497a025073c6b1e937a2bcd8e5','','','N','Full','Y',003,'003',NULL,'396@localhost','','','',NULL,'',NULL,0,'','','','','','','','','','','','','','','','','','','','','','','','','','','','','','','','','','',NULL,'','','','','','','','','','','',011,'',NULL,NULL,000,'','','','','','','Y','Y','Y',NULL,'','','',NULL,'','',NULL,NULL,'','','Y','a:0:{}'),
	(0000000397,'','Welch','Annie','Annie','Welch, Annie','','F','397','dcd57c0b2f61220eb93fa398ed746b99013d6c497a025073c6b1e937a2bcd8e5','','','N','Full','Y',004,'004',NULL,'397@localhost','','','',NULL,'',NULL,0,'','','','','','','','','','','','','','','','','','','','','','','','','','','','','','','','','','',NULL,'','','','','','','','','','','',NULL,'',NULL,NULL,NULL,'','','','','','','Y','Y','Y',NULL,'','','',NULL,'','',NULL,NULL,'','','Y','a:0:{}'),
	(0000000398,'Mr.','Ellison','Davis','Davis','Ellison, Davis','','M','398','dcd57c0b2f61220eb93fa398ed746b99013d6c497a025073c6b1e937a2bcd8e5','','','N','Full','Y',004,'004',NULL,'398@localhost','','','',NULL,'',NULL,0,'','','','','','','','','','','','','','','','','','','','','','','','','','','','','','','','','','',NULL,'','','','','','','','','','','',NULL,'',NULL,NULL,NULL,'','','','','','','Y','Y','Y',NULL,'','','',NULL,'','',NULL,NULL,'','','Y','a:0:{}'),
	(0000000413,'Mr.','Horton','Victor','Victor','Horton, Victor','','M','413','dcd57c0b2f61220eb93fa398ed746b99013d6c497a025073c6b1e937a2bcd8e5','','','N','Full','Y',003,'003',NULL,'413@localhost','','','',NULL,'',NULL,0,'','','','','','','','','','','','','','','','','','','','','','','','','','','','','','','','','','',NULL,'','','','','','','','','','','',009,'',NULL,NULL,000,'','','','','','','Y','Y','Y',NULL,'','','',NULL,'','',NULL,NULL,'','','Y','a:0:{}'),
	(0000000414,'Mr.','Horton','Terrell','Terrell','Horton, Terrell','','M','414','dcd57c0b2f61220eb93fa398ed746b99013d6c497a025073c6b1e937a2bcd8e5','','','Y','Full','Y',004,'004',NULL,'414@localhost','','','',NULL,'',NULL,0,'','','','','','','','','','','','','','','','','','','','','','','','','','','','','','','','','','',NULL,'','','','','','','','','','','',NULL,'',NULL,NULL,NULL,'','','','','','','Y','Y','Y',NULL,'','','',NULL,'','',NULL,NULL,'','','Y','a:0:{}'),
	(0000000415,'Ms.','Whitney','Alma','Alma','Whitney, Alma','','F','415','dcd57c0b2f61220eb93fa398ed746b99013d6c497a025073c6b1e937a2bcd8e5','','','N','Full','Y',004,'004',NULL,'415@localhost','','','',NULL,'',NULL,0,'','','','','','','','','','','','','','','','','','','','','','','','','','','','','','','','','','',NULL,'','','','','','','','','','','',NULL,'',NULL,NULL,NULL,'','','','','','','Y','Y','Y',NULL,'','','',NULL,'','',NULL,NULL,'','','Y','a:0:{}'),
	(0000000420,'Miss','Terry','Kayleigh','Kayleigh','Terry, Kayleigh','','F','420','dcd57c0b2f61220eb93fa398ed746b99013d6c497a025073c6b1e937a2bcd8e5','','','N','Full','Y',003,'003',NULL,'420@localhost','','','',NULL,'',NULL,0,'','','','','','','','','','','','','','','','','','','','','','','','','','','','','','','','','','',NULL,'','','','','','','','','','','',011,'',NULL,NULL,000,'','','','','','','Y','Y','Y',NULL,'','','',NULL,'','',NULL,NULL,'','','Y','a:0:{}'),
	(0000000421,'Mrs.','Terry','Jaylah','Jaylah','Terry, Jaylah','','F','421','dcd57c0b2f61220eb93fa398ed746b99013d6c497a025073c6b1e937a2bcd8e5','','','N','Full','Y',004,'004',NULL,'421@localhost','','','',NULL,'',NULL,0,'','','','','','','','','','','','','','','','','','','','','','','','','','','','','','','','','','',NULL,'','','','','','','','','','','',NULL,'',NULL,NULL,NULL,'','','','','','','Y','Y','Y',NULL,'','','',NULL,'','',NULL,NULL,'','','Y','a:0:{}'),
	(0000000422,'Mr.','Terry','Brooks','Brooks','Terry, Brooks','','M','422','dcd57c0b2f61220eb93fa398ed746b99013d6c497a025073c6b1e937a2bcd8e5','','','N','Full','Y',004,'004',NULL,'422@localhost','','','',NULL,'',NULL,0,'','','','','','','','','','','','','','','','','','','','','','','','','','','','','','','','','','',NULL,'','','','','','','','','','','',NULL,'',NULL,NULL,NULL,'','','','','','','Y','Y','Y',NULL,'','','',NULL,'','',NULL,NULL,'','','Y','a:0:{}'),
	(0000000426,'Miss','Blevins','Jocelynn','Jocelynn','Blevins, Jocelynn','','F','426','dcd57c0b2f61220eb93fa398ed746b99013d6c497a025073c6b1e937a2bcd8e5','','','N','Full','Y',003,'003',NULL,'426@localhost','','','',NULL,'',NULL,0,'','','','','','','','','','','','','','','','','','','','','','','','','','','','','','','','','','',NULL,'','','','','','','','','','','',011,'',NULL,NULL,000,'','','','','','','Y','Y','Y',NULL,'','','',NULL,'','',NULL,NULL,'','','Y','a:0:{}'),
	(0000000427,'Mr.','Blevins','Emmett','Emmett','Blevins, Emmett','','M','427','dcd57c0b2f61220eb93fa398ed746b99013d6c497a025073c6b1e937a2bcd8e5','','','N','Full','Y',004,'004',NULL,'427@localhost','','','',NULL,'',NULL,0,'','','','','','','','','','','','','','','','','','','','','','','','','','','','','','','','','','',NULL,'','','','','','','','','','','',NULL,'',NULL,NULL,NULL,'','','','','','','Y','Y','Y',NULL,'','','',NULL,'','',NULL,NULL,'','','Y','a:0:{}'),
	(0000000428,'Mrs.','Blevins','Miranda','Miranda','Blevins, Miranda','','F','428','dcd57c0b2f61220eb93fa398ed746b99013d6c497a025073c6b1e937a2bcd8e5','','','N','Full','Y',004,'004',NULL,'428@localhost','','','',NULL,'',NULL,0,'','','','','','','','','','','','','','','','','','','','','','','','','','','','','','','','','','',NULL,'','','','','','','','','','','',NULL,'',NULL,NULL,NULL,'','','','','','','Y','Y','Y',NULL,'','','',NULL,'','',NULL,NULL,'','','Y','a:0:{}'),
	(0000000429,'Ms.','Maxwell','Evie','Evie','Maxwell, Evie','','F','429','dcd57c0b2f61220eb93fa398ed746b99013d6c497a025073c6b1e937a2bcd8e5','','','N','Full','Y',003,'003',NULL,'429@localhost','','','',NULL,'',NULL,0,'','','','','','','','','','','','','','','','','','','','','','','','','','','','','','','','','','',NULL,'','','','','','','','','','','',010,'',NULL,NULL,000,'','','','','','','Y','Y','Y',NULL,'','','',NULL,'','',NULL,NULL,'','','Y','a:0:{}'),
	(0000000430,'Mr.','Maxwell','Harry','Harry','Maxwell, Harry','','M','430','dcd57c0b2f61220eb93fa398ed746b99013d6c497a025073c6b1e937a2bcd8e5','','','N','Full','Y',004,'004',NULL,'430@localhost','','','',NULL,'',NULL,0,'','','','','','','','','','','','','','','','','','','','','','','','','','','','','','','','','','',NULL,'','','','','','','','','','','',NULL,'',NULL,NULL,NULL,'','','','','','','Y','Y','Y',NULL,'','','',NULL,'','',NULL,NULL,'','','Y','a:0:{}'),
	(0000000431,'Mrs.','Maxwell','Jimena','Jimena','Maxwell, Jimena','','F','431','dcd57c0b2f61220eb93fa398ed746b99013d6c497a025073c6b1e937a2bcd8e5','','','Y','Full','Y',004,'004',NULL,'431@localhost','','','',NULL,'',NULL,0,'','','','','','','','','','','','','','','','','','','','','','','','','','','','','','','','','','',NULL,'','','','','','','','','','','',NULL,'',NULL,NULL,NULL,'','','','','','','Y','Y','Y',NULL,'','','',NULL,'','',NULL,NULL,'','','Y','a:0:{}'),
	(0000000432,'','Houston','Damion','Damion','Houston, Damion','','M','432','dcd57c0b2f61220eb93fa398ed746b99013d6c497a025073c6b1e937a2bcd8e5','','','N','Full','Y',003,'003',NULL,'432@localhost','','','',NULL,'',NULL,0,'','','','','','','','','','','','','','','','','','','','','','','','','','','','','','','','','','',NULL,'','','','','','','','','','','',009,'',NULL,NULL,000,'','','','','','','Y','Y','Y',NULL,'','','',NULL,'','',NULL,NULL,'','','Y','a:0:{}'),
	(0000000433,'Mrs.','Houston','Krista','Krista','Houston, Krista','','F','433','dcd57c0b2f61220eb93fa398ed746b99013d6c497a025073c6b1e937a2bcd8e5','','','N','Full','Y',004,'004',NULL,'433@localhost','','','',NULL,'',NULL,0,'','','','','','','','','','','','','','','','','','','','','','','','','','','','','','','','','','',NULL,'','','','','','','','','','','',NULL,'',NULL,NULL,NULL,'','','','','','','Y','Y','Y',NULL,'','','',NULL,'','',NULL,NULL,'','','Y','a:0:{}'),
	(0000000434,'Mr.','Keller','Amare','Amare','Keller, Amare','','M','434','dcd57c0b2f61220eb93fa398ed746b99013d6c497a025073c6b1e937a2bcd8e5','','','Y','Full','Y',004,'004',NULL,'434@localhost','','','',NULL,'',NULL,0,'','','','','','','','','','','','','','','','','','','','','','','','','','','','','','','','','','',NULL,'','','','','','','','','','','',NULL,'',NULL,NULL,NULL,'','','','','','','Y','Y','Y',NULL,'','','',NULL,'','',NULL,NULL,'','','Y','a:0:{}'),
	(0000000446,'Mr.','Hernandez','Bryson','Bryson','Hernandez, Bryson','','M','446','dcd57c0b2f61220eb93fa398ed746b99013d6c497a025073c6b1e937a2bcd8e5','','','N','Full','Y',004,'004',NULL,'446@localhost','','','',NULL,'',NULL,0,'','','','','','','','','','','','','','','','','','','','','','','','','','','','','','','','','','',NULL,'','','','','','','','','','','',NULL,'',NULL,NULL,NULL,'','','','','','','Y','Y','Y',NULL,'','','',NULL,'','',NULL,NULL,'','','Y','a:0:{}'),
	(0000000447,'Ms.','Rogers','Shyla','Shyla','Rogers, Shyla','','F','447','dcd57c0b2f61220eb93fa398ed746b99013d6c497a025073c6b1e937a2bcd8e5','','','N','Full','Y',004,'004',NULL,'447@localhost','','','',NULL,'',NULL,0,'','','','','','','','','','','','','','','','','','','','','','','','','','','','','','','','','','',NULL,'','','','','','','','','','','',NULL,'',NULL,NULL,NULL,'','','','','','','Y','Y','Y',NULL,'','','',NULL,'','',NULL,NULL,'','','Y','a:0:{}'),
	(0000000461,'','Valentine','Annika','Annika','Valentine, Annika','','M','461','dcd57c0b2f61220eb93fa398ed746b99013d6c497a025073c6b1e937a2bcd8e5','','','N','Full','Y',003,'003',NULL,'461@localhost','','','',NULL,'',NULL,0,'','','','','','','','','','','','','','','','','','','','','','','','','','','','','','','','','','',NULL,'','','','','','','','','','','',010,'',NULL,NULL,000,'','','','','','','Y','Y','Y',NULL,'','','',NULL,'','',NULL,NULL,'','','Y','a:0:{}'),
	(0000000462,'Mr.','Valentine','Waylon','Waylon','Valentine, Waylon','','M','462','dcd57c0b2f61220eb93fa398ed746b99013d6c497a025073c6b1e937a2bcd8e5','','','Y','Full','Y',004,'004',NULL,'462@localhost','','','',NULL,'',NULL,0,'','','','','','','','','','','','','','','','','','','','','','','','','','','','','','','','','','',NULL,'','','','','','','','','','','',NULL,'',NULL,NULL,NULL,'','','','','','','Y','Y','Y',NULL,'','','',NULL,'','',NULL,NULL,'','','Y','a:0:{}'),
	(0000000463,'Ms.','Ellison','Beatrice','Beatrice','Ellison, Beatrice','','F','463','dcd57c0b2f61220eb93fa398ed746b99013d6c497a025073c6b1e937a2bcd8e5','','','N','Full','Y',004,'004',NULL,'463@localhost','','','',NULL,'',NULL,0,'','','','','','','','','','','','','','','','','','','','','','','','','','','','','','','','','','',NULL,'','','','','','','','','','','',NULL,'',NULL,NULL,NULL,'','','','','','','Y','Y','Y',NULL,'','','',NULL,'','',NULL,NULL,'','','Y','a:0:{}'),
	(0000000464,'Miss','Valentine','Myla','Myla','Valentine, Myla','','F','464','dcd57c0b2f61220eb93fa398ed746b99013d6c497a025073c6b1e937a2bcd8e5','','','N','Full','Y',003,'003',NULL,'464@localhost','','','',NULL,'',NULL,0,'','','','','','','','','','','','','','','','','','','','','','','','','','','','','','','','','','',NULL,'','','','','','','','','','','',010,'',NULL,NULL,000,'','','','','','','Y','Y','Y',NULL,'','','',NULL,'','',NULL,NULL,'','','Y','a:0:{}'),
	(0000000465,'Mr.','Valentine','Harry','Harry','Valentine, Harry','','M','465','dcd57c0b2f61220eb93fa398ed746b99013d6c497a025073c6b1e937a2bcd8e5','','','N','Full','Y',004,'004',NULL,'465@localhost','','','',NULL,'',NULL,0,'','','','','','','','','','','','','','','','','','','','','','','','','','','','','','','','','','',NULL,'','','','','','','','','','','',NULL,'',NULL,NULL,NULL,'','','','','','','Y','Y','Y',NULL,'','','',NULL,'','',NULL,NULL,'','','Y','a:0:{}'),
	(0000000466,'Mrs.','Hopkins','Mariah','Mariah','Hopkins, Mariah','','F','466','dcd57c0b2f61220eb93fa398ed746b99013d6c497a025073c6b1e937a2bcd8e5','','','Y','Full','Y',004,'004',NULL,'466@localhost','','','',NULL,'',NULL,0,'','','','','','','','','','','','','','','','','','','','','','','','','','','','','','','','','','',NULL,'','','','','','','','','','','',NULL,'',NULL,NULL,NULL,'','','','','','','Y','Y','Y',NULL,'','','',NULL,'','',NULL,NULL,'','','Y','a:0:{}'),
	(0000000474,'','Ballard','Teagan','Teagan','Ballard, Teagan','','M','474','dcd57c0b2f61220eb93fa398ed746b99013d6c497a025073c6b1e937a2bcd8e5','','','N','Full','Y',003,'003',NULL,'474@localhost','','','',NULL,'',NULL,0,'','','','','','','','','','','','','','','','','','','','','','','','','','','','','','','','','','',NULL,'','','','','','','','','','','',011,'',NULL,NULL,000,'','','','','','','Y','Y','Y',NULL,'','','',NULL,'','',NULL,NULL,'','','Y','a:0:{}'),
	(0000000475,'Mr.','Ballard','Zain','Zain','Ballard, Zain','','M','475','dcd57c0b2f61220eb93fa398ed746b99013d6c497a025073c6b1e937a2bcd8e5','','','Y','Full','Y',004,'004',NULL,'475@localhost','','','',NULL,'',NULL,0,'','','','','','','','','','','','','','','','','','','','','','','','','','','','','','','','','','',NULL,'','','','','','','','','','','',NULL,'',NULL,NULL,NULL,'','','','','','','Y','Y','Y',NULL,'','','',NULL,'','',NULL,NULL,'','','Y','a:0:{}'),
	(0000000476,'Dr.','Giles','Victoria','Victoria','Giles, Victoria','','F','476','dcd57c0b2f61220eb93fa398ed746b99013d6c497a025073c6b1e937a2bcd8e5','','','N','Full','Y',004,'004',NULL,'476@localhost','','','',NULL,'',NULL,0,'','','','','','','','','','','','','','','','','','','','','','','','','','','','','','','','','','',NULL,'','','','','','','','','','','',NULL,'',NULL,NULL,NULL,'','','','','','','Y','Y','Y',NULL,'','','',NULL,'','',NULL,NULL,'','','Y','a:0:{}'),
	(0000000482,'Mrs.','Rivas','Hadassah','Hadassah','Rivas, Hadassah','','F','482','dcd57c0b2f61220eb93fa398ed746b99013d6c497a025073c6b1e937a2bcd8e5','','','N','Full','Y',004,'004',NULL,'482@localhost','','','',NULL,'',NULL,0,'','','','','','','','','','','','','','','','','','','','','','','','','','','','','','','','','','',NULL,'','','','','','','','','','','',NULL,'',NULL,NULL,NULL,'','','','','','','Y','Y','Y',NULL,'','','',NULL,'','',NULL,NULL,'','','Y','a:0:{}'),
	(0000000486,'Mr.','Carney','Clarence','Clarence','Carney, Clarence','','M','486','dcd57c0b2f61220eb93fa398ed746b99013d6c497a025073c6b1e937a2bcd8e5','','','N','Full','Y',003,'003',NULL,'486@localhost','','','',NULL,'',NULL,0,'','','','','','','','','','','','','','','','','','','','','','','','','','','','','','','','','','',NULL,'','','','','','','','','','','',011,'',NULL,NULL,000,'','','','','','','Y','Y','Y',NULL,'','','',NULL,'','',NULL,NULL,'','','Y','a:0:{}'),
	(0000000487,'Mr.','Carney','Ernest','Ernest','Carney, Ernest','','M','487','dcd57c0b2f61220eb93fa398ed746b99013d6c497a025073c6b1e937a2bcd8e5','','','Y','Full','Y',004,'004',NULL,'487@localhost','','','',NULL,'',NULL,0,'','','','','','','','','','','','','','','','','','','','','','','','','','','','','','','','','','',NULL,'','','','','','','','','','','',NULL,'',NULL,NULL,NULL,'','','','','','','Y','Y','Y',NULL,'','','',NULL,'','',NULL,NULL,'','','Y','a:0:{}'),
	(0000000488,'Mrs.','Carney','Nia','Nia','Carney, Nia','','F','488','dcd57c0b2f61220eb93fa398ed746b99013d6c497a025073c6b1e937a2bcd8e5','','','N','Full','Y',004,'004',NULL,'488@localhost','','','',NULL,'',NULL,0,'','','','','','','','','','','','','','','','','','','','','','','','','','','','','','','','','','',NULL,'','','','','','','','','','','',NULL,'',NULL,NULL,NULL,'','','','','','','Y','Y','Y',NULL,'','','',NULL,'','',NULL,NULL,'','','Y','a:0:{}'),
	(0000000518,'Mr.','Gould','Ronin','Ronin','Gould, Ronin','','M','518','dcd57c0b2f61220eb93fa398ed746b99013d6c497a025073c6b1e937a2bcd8e5','','','N','Full','Y',003,'003',NULL,'518@localhost','','','',NULL,'',NULL,0,'','','','','','','','','','','','','','','','','','','','','','','','','','','','','','','','','','',NULL,'','','','','','','','','','','',010,'',NULL,NULL,000,'','','','','','','Y','Y','Y',NULL,'','','',NULL,'','',NULL,NULL,'','','Y','a:0:{}'),
	(0000000519,'Mr.','Gould','Cedric','Cedric','Gould, Cedric','','M','519','dcd57c0b2f61220eb93fa398ed746b99013d6c497a025073c6b1e937a2bcd8e5','','','N','Full','Y',004,'004',NULL,'519@localhost','','','',NULL,'',NULL,0,'','','','','','','','','','','','','','','','','','','','','','','','','','','','','','','','','','',NULL,'','','','','','','','','','','',NULL,'',NULL,NULL,NULL,'','','','','','','Y','Y','Y',NULL,'','','',NULL,'','',NULL,NULL,'','','Y','a:0:{}'),
	(0000000520,'Mrs.','Gould','Neveah','Neveah','Gould, Neveah','','F','520','dcd57c0b2f61220eb93fa398ed746b99013d6c497a025073c6b1e937a2bcd8e5','','','N','Full','Y',004,'004',NULL,'520@localhost','','','',NULL,'',NULL,0,'','','','','','','','','','','','','','','','','','','','','','','','','','','','','','','','','','',NULL,'','','','','','','','','','','',NULL,'',NULL,NULL,NULL,'','','','','','','Y','Y','Y',NULL,'','','',NULL,'','',NULL,NULL,'','','Y','a:0:{}'),
	(0000000543,'Mr.','Ramirez','Aarav','Aarav','Ramirez, Aarav','','M','543','dcd57c0b2f61220eb93fa398ed746b99013d6c497a025073c6b1e937a2bcd8e5','','','N','Full','Y',003,'003',NULL,'543@localhost','','','',NULL,'',NULL,0,'','','','','','','','','','','','','','','','','','','','','','','','','','','','','','','','','','',NULL,'','','','','','','','','','','',010,'',NULL,NULL,000,'','','','','','','Y','Y','Y',NULL,'','','',NULL,'','',NULL,NULL,'','','Y','a:0:{}'),
	(0000000544,'Mr.','Ramirez','Donte','Donte','Ramirez, Donte','','M','544','dcd57c0b2f61220eb93fa398ed746b99013d6c497a025073c6b1e937a2bcd8e5','','','N','Full','Y',004,'004',NULL,'544@localhost','','','',NULL,'',NULL,0,'','','','','','','','','','','','','','','','','','','','','','','','','','','','','','','','','','',NULL,'','','','','','','','','','','',NULL,'',NULL,NULL,NULL,'','','','','','','Y','Y','Y',NULL,'','','',NULL,'','',NULL,NULL,'','','Y','a:0:{}'),
	(0000000545,'Ms.','Hopkins','Kristen','Kristen','Hopkins, Kristen','','F','545','dcd57c0b2f61220eb93fa398ed746b99013d6c497a025073c6b1e937a2bcd8e5','','','Y','Full','Y',004,'004',NULL,'545@localhost','','','',NULL,'',NULL,0,'','','','','','','','','','','','','','','','','','','','','','','','','','','','','','','','','','',NULL,'','','','','','','','','','','',NULL,'',NULL,NULL,NULL,'','','','','','','Y','Y','Y',NULL,'','','',NULL,'','',NULL,NULL,'','','Y','a:0:{}'),
	(0000000555,'','Middleton','Lucille','Lucille','Middleton, Lucille','','M','555','dcd57c0b2f61220eb93fa398ed746b99013d6c497a025073c6b1e937a2bcd8e5','','','N','Full','Y',003,'003',NULL,'555@localhost','','','',NULL,'',NULL,0,'','','','','','','','','','','','','','','','','','','','','','','','','','','','','','','','','','',NULL,'','','','','','','','','','','',010,'',NULL,NULL,000,'','','','','','','Y','Y','Y',NULL,'','','',NULL,'','',NULL,NULL,'','','Y','a:0:{}'),
	(0000000556,'Mr.','Middleton','Micah','Micah','Middleton, Micah','','M','556','dcd57c0b2f61220eb93fa398ed746b99013d6c497a025073c6b1e937a2bcd8e5','','','N','Full','Y',004,'004',NULL,'556@localhost','','','',NULL,'',NULL,0,'','','','','','','','','','','','','','','','','','','','','','','','','','','','','','','','','','',NULL,'','','','','','','','','','','',NULL,'',NULL,NULL,NULL,'','','','','','','Y','Y','Y',NULL,'','','',NULL,'','',NULL,NULL,'','','Y','a:0:{}'),
	(0000000557,'Ms.','Valentine','Sadie','Sadie','Valentine, Sadie','','F','557','dcd57c0b2f61220eb93fa398ed746b99013d6c497a025073c6b1e937a2bcd8e5','','','N','Full','Y',004,'004',NULL,'557@localhost','','','',NULL,'',NULL,0,'','','','','','','','','','','','','','','','','','','','','','','','','','','','','','','','','','',NULL,'','','','','','','','','','','',NULL,'',NULL,NULL,NULL,'','','','','','','Y','Y','Y',NULL,'','','',NULL,'','',NULL,NULL,'','','Y','a:0:{}'),
	(0000000581,'','Woodard','Kelsie','Kelsie','Woodard, Kelsie','','F','581','dcd57c0b2f61220eb93fa398ed746b99013d6c497a025073c6b1e937a2bcd8e5','','','N','Full','Y',018,'018',NULL,'581@localhost','','','',NULL,'',NULL,0,'','','','','','','','','','','','','','','','','','','','','','','','','','','','','','','','','','',NULL,'','','','','','','','','','','',010,'',NULL,NULL,NULL,'','','','','','','Y','Y','Y',NULL,'','','',NULL,'','',NULL,NULL,'','','Y','a:0:{}'),
	(0000000582,'','Collins','Allison','Allison','Collins, Allison','','M','582','dcd57c0b2f61220eb93fa398ed746b99013d6c497a025073c6b1e937a2bcd8e5','','','N','Full','Y',003,'003',NULL,'582@localhost','','','',NULL,'',NULL,0,'','','','','','','','','','','','','','','','','','','','','','','','','','','','','','','','','','',NULL,'','','','','','','','','','','',011,'',NULL,NULL,000,'','','','','','','Y','Y','Y',NULL,'','','',NULL,'','',NULL,NULL,'','','Y','a:0:{}'),
	(0000000583,'Ms.','Diaz','Essence','Essence','Diaz, Essence','','F','583','dcd57c0b2f61220eb93fa398ed746b99013d6c497a025073c6b1e937a2bcd8e5','','','N','Full','Y',004,'004',NULL,'583@localhost','','','',NULL,'',NULL,0,'','','','','','','','','','','','','','','','','','','','','','','','','','','','','','','','','','',NULL,'','','','','','','','','','','',NULL,'',NULL,NULL,NULL,'','','','','','','Y','Y','Y',NULL,'','','',NULL,'','',NULL,NULL,'','','Y','a:0:{}'),
	(0000000586,'Ms.','Ellison','Evie','Evie','Ellison, Evie','','F','586','dcd57c0b2f61220eb93fa398ed746b99013d6c497a025073c6b1e937a2bcd8e5','','','N','Full','Y',004,'004',NULL,'586@localhost','','','',NULL,'',NULL,0,'','','','','','','','','','','','','','','','','','','','','','','','','','','','','','','','','','',NULL,'','','','','','','','','','','',NULL,'',NULL,NULL,NULL,'','','','','','','Y','Y','Y',NULL,'','','',NULL,'','',NULL,NULL,'','','Y','a:0:{}'),
	(0000000587,'Mr.','Logan','Camilla','Camilla','Logan, Camilla','','M','587','dcd57c0b2f61220eb93fa398ed746b99013d6c497a025073c6b1e937a2bcd8e5','','','Y','Full','Y',004,'004',NULL,'587@localhost','','','',NULL,'',NULL,0,'','','','','','','','','','','','','','','','','','','','','','','','','','','','','','','','','','',NULL,'','','','','','','','','','','',NULL,'',NULL,NULL,NULL,'','','','','','','Y','Y','Y',NULL,'','','',NULL,'','',NULL,NULL,'','','Y','a:0:{}'),
	(0000000588,'Mr.','Valentine','Jorden','Jorden','Valentine, Jorden','','M','588','dcd57c0b2f61220eb93fa398ed746b99013d6c497a025073c6b1e937a2bcd8e5','','','Y','Full','N',004,'004',NULL,'588@localhost','','','',NULL,'',NULL,0,'','','','','','','','','','','','','','','','','','','','','','','','','','','','','','','','','','',NULL,'','','','','','','','','','','',NULL,'',NULL,NULL,NULL,'','','','','','','Y','Y','Y',NULL,'','','',NULL,'','',NULL,NULL,'','','Y','a:0:{}'),
	(0000000589,'Ms.','Navarro','Hadassah','Hadassah','Navarro, Hadassah','','F','589','dcd57c0b2f61220eb93fa398ed746b99013d6c497a025073c6b1e937a2bcd8e5','','','N','Full','Y',029,'029',NULL,'589@localhost','','','',NULL,'',NULL,0,'','','','','','','','','','','','','','','','','','','','','','','','','','','','','','','','','','',NULL,'','','','','','','','','','','',010,'',NULL,NULL,NULL,'','','','','','','Y','Y','Y',NULL,'','','',NULL,'','',NULL,NULL,'','','Y','a:0:{}'),
	(0000000614,'','Barnes','Celeste','Celeste','Barnes, Celeste','','F','614','dcd57c0b2f61220eb93fa398ed746b99013d6c497a025073c6b1e937a2bcd8e5','','','N','Full','Y',003,'003',NULL,'614@localhost','','','',NULL,'',NULL,0,'','','','','','','','','','','','','','','','','','','','','','','','','','','','','','','','','','',NULL,'','','','','','','','','','','',009,'',NULL,NULL,000,'','','','','','','Y','Y','Y',NULL,'','','',NULL,'','',NULL,NULL,'','','Y','a:0:{}'),
	(0000000615,'Mrs.','Barnes','Myla','Myla','Barnes, Myla','','F','615','dcd57c0b2f61220eb93fa398ed746b99013d6c497a025073c6b1e937a2bcd8e5','','','N','Full','Y',004,'004',NULL,'615@localhost','','','',NULL,'',NULL,0,'','','','','','','','','','','','','','','','','','','','','','','','','','','','','','','','','','',NULL,'','','','','','','','','','','',NULL,'',NULL,NULL,NULL,'','','','','','','Y','Y','Y',NULL,'','','',NULL,'','',NULL,NULL,'','','Y','a:0:{}'),
	(0000000616,'Mr.','Barnes','Arabella','Arabella','Barnes, Arabella','','F','616','dcd57c0b2f61220eb93fa398ed746b99013d6c497a025073c6b1e937a2bcd8e5','','','Y','Full','Y',004,'004',NULL,'616@localhost','','','',NULL,'',NULL,0,'','','','','','','','','','','','','','','','','','','','','','','','','','','','','','','','','','',NULL,'','','','','','','','','','','',NULL,'',NULL,NULL,NULL,'','','','','','','Y','Y','Y',NULL,'','','',NULL,'','',NULL,NULL,'','','Y','a:0:{}'),
	(0000000640,'','Jarvis','Angeline','Angeline','Jarvis, Angeline','','F','640','dcd57c0b2f61220eb93fa398ed746b99013d6c497a025073c6b1e937a2bcd8e5','','','N','Full','Y',003,'003',NULL,'640@localhost','','','',NULL,'',NULL,0,'','','','','','','','','','','','','','','','','','','','','','','','','','','','','','','','','','',NULL,'','','','','','','','','','','',011,'',NULL,NULL,000,'','','','','','','Y','Y','Y',NULL,'','','',NULL,'','',NULL,NULL,'','','Y','a:0:{}'),
	(0000000641,'Ms.','Grant','Marilyn','Marilyn','Grant, Marilyn','','F','641','dcd57c0b2f61220eb93fa398ed746b99013d6c497a025073c6b1e937a2bcd8e5','','','N','Full','Y',004,'004',NULL,'641@localhost','','','',NULL,'',NULL,0,'','','','','','','','','','','','','','','','','','','','','','','','','','','','','','','','','','',NULL,'','','','','','','','','','','',NULL,'',NULL,NULL,NULL,'','','','','','','Y','Y','Y',NULL,'','','',NULL,'','',NULL,NULL,'','','Y','a:0:{}'),
	(0000000642,'Mr.','Jarvis','Scarlett','Scarlett','Jarvis, Scarlett','','F','642','dcd57c0b2f61220eb93fa398ed746b99013d6c497a025073c6b1e937a2bcd8e5','','','Y','Full','Y',004,'004',NULL,'642@localhost','','','',NULL,'',NULL,0,'','','','','','','','','','','','','','','','','','','','','','','','','','','','','','','','','','',NULL,'','','','','','','','','','','',NULL,'',NULL,NULL,NULL,'','','','','','','Y','Y','Y',NULL,'','','',NULL,'','',NULL,NULL,'','','Y','a:0:{}'),
	(0000000649,'','Rivas','Dangelo','Dangelo','Rivas, Dangelo','','M','649','dcd57c0b2f61220eb93fa398ed746b99013d6c497a025073c6b1e937a2bcd8e5','','','N','Full','Y',003,'003',NULL,'649@localhost','','','',NULL,'',NULL,0,'','','','','','','','','','','','','','','','','','','','','','','','','','','','','','','','','','',NULL,'','','','','','','','','','','',011,'',NULL,NULL,000,'','','','','','','Y','Y','Y',NULL,'','','',NULL,'','',NULL,NULL,'','','Y','a:0:{}'),
	(0000000651,'Mr.','Rivas','America','America','Rivas, America','','F','651','dcd57c0b2f61220eb93fa398ed746b99013d6c497a025073c6b1e937a2bcd8e5','','','Y','Full','Y',004,'004',NULL,'651@localhost','','','',NULL,'',NULL,0,'','','','','','','','','','','','','','','','','','','','','','','','','','','','','','','','','','',NULL,'','','','','','','','','','','',NULL,'',NULL,NULL,NULL,'','','','','','','Y','Y','Y',NULL,'','','',NULL,'','',NULL,NULL,'','','Y','a:0:{}'),
	(0000000655,'','Rivers','Bryant','Bryant','Rivers, Bryant','','M','655','dcd57c0b2f61220eb93fa398ed746b99013d6c497a025073c6b1e937a2bcd8e5','','','N','Full','Y',003,'003',NULL,'655@localhost','','','',NULL,'',NULL,0,'','','','','','','','','','','','','','','','','','','','','','','','','','','','','','','','','','',NULL,'','','','','','','','','','','',009,'',NULL,NULL,000,'','','','','','','Y','Y','Y',NULL,'','','',NULL,'','',NULL,NULL,'','','Y','a:0:{}'),
	(0000000656,'Ms.','Gallagher','Isabella','Isabella','Gallagher, Isabella','','F','656','dcd57c0b2f61220eb93fa398ed746b99013d6c497a025073c6b1e937a2bcd8e5','','','N','Full','Y',004,'004',NULL,'656@localhost','','','',NULL,'',NULL,0,'','','','','','','','','','','','','','','','','','','','','','','','','','','','','','','','','','',NULL,'','','','','','','','','','','',NULL,'',NULL,NULL,NULL,'','','','','','','Y','Y','Y',NULL,'','','',NULL,'','',NULL,NULL,'','','Y','a:0:{}'),
	(0000000657,'Mr.','Rivers','Kira','Kira','Rivers, Kira','','F','657','dcd57c0b2f61220eb93fa398ed746b99013d6c497a025073c6b1e937a2bcd8e5','','','N','Full','Y',004,'004',NULL,'657@localhost','','','',NULL,'',NULL,0,'','','','','','','','','','','','','','','','','','','','','','','','','','','','','','','','','','',NULL,'','','','','','','','','','','',NULL,'',NULL,NULL,NULL,'','','','','','','Y','Y','Y',NULL,'','','',NULL,'','',NULL,NULL,'','','Y','a:0:{}'),
	(0000000670,'Miss','Stevenson','Yesenia','Yesenia','Stevenson, Yesenia','','F','670','dcd57c0b2f61220eb93fa398ed746b99013d6c497a025073c6b1e937a2bcd8e5','','','N','Full','Y',003,'003',NULL,'670@localhost','','','',NULL,'',NULL,0,'','','','','','','','','','','','','','','','','','','','','','','','','','','','','','','','','','',NULL,'','','','','','','','','','','',011,'',NULL,NULL,000,'','','','','','','Y','Y','Y',NULL,'','','',NULL,'','',NULL,NULL,'','','Y','a:0:{}'),
	(0000000671,'Ms.','Carroll','Braelyn','Braelyn','Carroll, Braelyn','','F','671','dcd57c0b2f61220eb93fa398ed746b99013d6c497a025073c6b1e937a2bcd8e5','','','N','Full','Y',004,'004',NULL,'671@localhost','','','',NULL,'',NULL,0,'','','','','','','','','','','','','','','','','','','','','','','','','','','','','','','','','','',NULL,'','','','','','','','','','','',NULL,'',NULL,NULL,NULL,'','','','','','','Y','Y','Y',NULL,'','','',NULL,'','',NULL,NULL,'','','Y','a:0:{}'),
	(0000000672,'Mr.','Stevenson','Alivia','Alivia','Stevenson, Alivia','','F','672','dcd57c0b2f61220eb93fa398ed746b99013d6c497a025073c6b1e937a2bcd8e5','','','N','Full','Y',004,'004',NULL,'672@localhost','','','',NULL,'',NULL,0,'','','','','','','','','','','','','','','','','','','','','','','','','','','','','','','','','','',NULL,'','','','','','','','','','','',NULL,'',NULL,NULL,NULL,'','','','','','','Y','Y','Y',NULL,'','','',NULL,'','',NULL,NULL,'','','Y','a:0:{}'),
	(0000000673,'Mr.','Pierce','Emmalee','Emmalee','Pierce, Emmalee','','M','673','dcd57c0b2f61220eb93fa398ed746b99013d6c497a025073c6b1e937a2bcd8e5','','','N','Full','Y',003,'003',NULL,'673@localhost','','','',NULL,'',NULL,0,'','','','','','','','','','','','','','','','','','','','','','','','','','','','','','','','','','',NULL,'','','','','','','','','','','',009,'',NULL,NULL,000,'','','','','','','Y','Y','Y',NULL,'','','',NULL,'','',NULL,NULL,'','','Y','a:0:{}'),
	(0000000678,'Mr.','Salinas','Kamari','Kamari','Salinas, Kamari','','M','678','dcd57c0b2f61220eb93fa398ed746b99013d6c497a025073c6b1e937a2bcd8e5','','','N','Full','Y',003,'003',NULL,'678@localhost','','','',NULL,'',NULL,0,'','','','','','','','','','','','','','','','','','','','','','','','','','','','','','','','','','',NULL,'','','','','','','','','','','',009,'',NULL,NULL,000,'','','','','','','Y','Y','Y',NULL,'','','',NULL,'','',NULL,NULL,'','','Y','a:0:{}'),
	(0000000681,'Ms.','Mejia','Brylee','Brylee','Mejia, Brylee','','F','681','dcd57c0b2f61220eb93fa398ed746b99013d6c497a025073c6b1e937a2bcd8e5','','','N','Full','Y',003,'003',NULL,'681@localhost','','','',NULL,'',NULL,0,'','','','','','','','','','','','','','','','','','','','','','','','','','','','','','','','','','',NULL,'','','','','','','','','','','',010,'',NULL,NULL,000,'','','','','','','Y','Y','Y',NULL,'','','',NULL,'','',NULL,NULL,'','','Y','a:0:{}'),
	(0000000684,'Miss','Larson','Cara','Cara','Larson, Cara','','F','684','dcd57c0b2f61220eb93fa398ed746b99013d6c497a025073c6b1e937a2bcd8e5','','','N','Full','Y',003,'003',NULL,'684@localhost','','','',NULL,'',NULL,0,'','','','','','','','','','','','','','','','','','','','','','','','','','','','','','','','','','',NULL,'','','','','','','','','','','',011,'',NULL,NULL,000,'','','','','','','Y','Y','Y',NULL,'','','',NULL,'','',NULL,NULL,'','','Y','a:0:{}'),
	(0000000685,'Ms.','Gallagher','Mareli','Mareli','Gallagher, Mareli','','F','685','dcd57c0b2f61220eb93fa398ed746b99013d6c497a025073c6b1e937a2bcd8e5','','','N','Full','Y',004,'004',NULL,'685@localhost','','','',NULL,'',NULL,0,'','','','','','','','','','','','','','','','','','','','','','','','','','','','','','','','','','',NULL,'','','','','','','','','','','',NULL,'',NULL,NULL,NULL,'','','','','','','Y','Y','Y',NULL,'','','',NULL,'','',NULL,NULL,'','','Y','a:0:{}'),
	(0000000689,'Ms.','Golden','Lyla','Lyla','Golden, Lyla','','F','689','dcd57c0b2f61220eb93fa398ed746b99013d6c497a025073c6b1e937a2bcd8e5','','','N','Full','Y',022,'022',NULL,'689@localhost','','','',NULL,'',NULL,0,'','','','','','','','','','','','','','','','','','','','','','','','','','','','','','','','','','',NULL,'','','','','','','','','','','',011,'',NULL,NULL,NULL,'','','','','','','Y','Y','Y',NULL,'','','',NULL,'','',NULL,NULL,'','','Y','a:0:{}'),
	(0000000699,'','Roth','Victor','Victor','Roth, Victor','','M','699','dcd57c0b2f61220eb93fa398ed746b99013d6c497a025073c6b1e937a2bcd8e5','','','N','Full','Y',003,'003',NULL,'699@localhost','','','',NULL,'',NULL,0,'','','','','','','','','','','','','','','','','','','','','','','','','','','','','','','','','','',NULL,'','','','','','','','','','','',010,'',NULL,NULL,000,'','','','','','','Y','Y','Y',NULL,'','','',NULL,'','',NULL,NULL,'','','Y','a:0:{}'),
	(0000000716,'Mr.','Conner','Eugene','Eugene','Conner, Eugene','','M','716','dcd57c0b2f61220eb93fa398ed746b99013d6c497a025073c6b1e937a2bcd8e5','','','N','Full','Y',003,'003',NULL,'716@localhost','','','',NULL,'',NULL,0,'','','','','','','','','','','','','','','','','','','','','','','','','','','','','','','','','','',NULL,'','','','','','','','','','','',010,'',NULL,NULL,000,'','','','','','','Y','Y','Y',NULL,'','','',NULL,'','',NULL,NULL,'','','Y','a:0:{}'),
	(0000000717,'Ms.','Ellison','Mckenzie','Mckenzie','Ellison, Mckenzie','','F','717','dcd57c0b2f61220eb93fa398ed746b99013d6c497a025073c6b1e937a2bcd8e5','','','N','Full','Y',004,'004',NULL,'717@localhost','','','',NULL,'',NULL,0,'','','','','','','','','','','','','','','','','','','','','','','','','','','','','','','','','','',NULL,'','','','','','','','','','','',NULL,'',NULL,NULL,NULL,'','','','','','','Y','Y','Y',NULL,'','','',NULL,'','',NULL,NULL,'','','Y','a:0:{}'),
	(0000000718,'Mr.','Conner','Audrey','Audrey','Conner, Audrey','','F','718','dcd57c0b2f61220eb93fa398ed746b99013d6c497a025073c6b1e937a2bcd8e5','','','N','Full','Y',004,'004',NULL,'718@localhost','','','',NULL,'',NULL,0,'','','','','','','','','','','','','','','','','','','','','','','','','','','','','','','','','','',NULL,'','','','','','','','','','','',NULL,'',NULL,NULL,NULL,'','','','','','','Y','Y','Y',NULL,'','','',NULL,'','',NULL,NULL,'','','Y','a:0:{}'),
	(0000000719,'','Jarvis','Jayleen','Jayleen','Jarvis, Jayleen','','F','719','dcd57c0b2f61220eb93fa398ed746b99013d6c497a025073c6b1e937a2bcd8e5','','','N','Full','Y',003,'003',NULL,'719@localhost','','','',NULL,'',NULL,0,'','','','','','','','','','','','','','','','','','','','','','','','','','','','','','','','','','',NULL,'','','','','','','','','','','',009,'',NULL,NULL,000,'','','','','','','Y','Y','Y',NULL,'','','',NULL,'','',NULL,NULL,'','','Y','a:0:{}'),
	(0000000770,'Mr.','Holt','Sage','Sage','Holt, Sage','','M','770','dcd57c0b2f61220eb93fa398ed746b99013d6c497a025073c6b1e937a2bcd8e5','','','N','Full','Y',015,'015',NULL,'770@localhost','','','',NULL,'',NULL,0,'','','','','','','','','','','','','','','','','','','','','','','','','','','','','','','','','','',NULL,'','','','','','','','','','','',010,'',NULL,NULL,NULL,'','','','','','','Y','Y','Y',NULL,'','','',NULL,'','',NULL,NULL,'','','Y','a:0:{}'),
	(0000000796,'','Hopkins','Moshe','Moshe','Hopkins, Moshe','','M','796','dcd57c0b2f61220eb93fa398ed746b99013d6c497a025073c6b1e937a2bcd8e5','','','N','Full','Y',003,'003',NULL,'796@localhost','','','',NULL,'',NULL,0,'','','','','','','','','','','','','','','','','','','','','','','','','','','','','','','','','','',NULL,'','','','','','','','','','','',011,'',NULL,NULL,000,'','','','','','','Y','Y','Y',NULL,'','','',NULL,'','',NULL,NULL,'','','Y','a:0:{}'),
	(0000000797,'Mr.','Hopkins','Waylon','Waylon','Hopkins, Waylon','','M','797','dcd57c0b2f61220eb93fa398ed746b99013d6c497a025073c6b1e937a2bcd8e5','','','N','Full','Y',004,'004',NULL,'797@localhost','','','',NULL,'',NULL,0,'','','','','','','','','','','','','','','','','','','','','','','','','','','','','','','','','','',NULL,'','','','','','','','','','','',NULL,'',NULL,NULL,NULL,'','','','','','','Y','Y','Y',NULL,'','','',NULL,'','',NULL,NULL,'','','Y','a:0:{}'),
	(0000000798,'Ms.','Hopkins','Sawyer','Sawyer','Hopkins, Sawyer','','M','798','dcd57c0b2f61220eb93fa398ed746b99013d6c497a025073c6b1e937a2bcd8e5','','','N','Full','Y',004,'004',NULL,'798@localhost','','','',NULL,'',NULL,0,'','','','','','','','','','','','','','','','','','','','','','','','','','','','','','','','','','',NULL,'','','','','','','','','','','',NULL,'',NULL,NULL,NULL,'','','','','','','Y','Y','Y',NULL,'','','',NULL,'','',NULL,NULL,'','','Y','a:0:{}'),
	(0000000821,'Mr.','Mckinney','Carl','Carl','Mckinney, Carl','','M','821','dcd57c0b2f61220eb93fa398ed746b99013d6c497a025073c6b1e937a2bcd8e5','','','N','Full','Y',004,'004',NULL,'821@localhost','','','',NULL,'',NULL,0,'','','','','','','','','','','','','','','','','','','','','','','','','','','','','','','','','','',NULL,'','','','','','','','','','','',NULL,'',NULL,NULL,NULL,'','','','','','','Y','Y','Y',NULL,'','','',NULL,'','',NULL,NULL,'','','Y','a:0:{}'),
	(0000000822,'Ms.','Ellison','Manuel','Manuel','Ellison, Manuel','','M','822','dcd57c0b2f61220eb93fa398ed746b99013d6c497a025073c6b1e937a2bcd8e5','','','N','Full','Y',004,'004',NULL,'822@localhost','','','',NULL,'',NULL,0,'','','','','','','','','','','','','','','','','','','','','','','','','','','','','','','','','','',NULL,'','','','','','','','','','','',NULL,'',NULL,NULL,NULL,'','','','','','','Y','Y','Y',NULL,'','','',NULL,'','',NULL,NULL,'','','Y','a:0:{}'),
	(0000000831,'','Ray','Kira','Kira','Ray, Kira','','M','831','dcd57c0b2f61220eb93fa398ed746b99013d6c497a025073c6b1e937a2bcd8e5','','','N','Full','Y',003,'003',NULL,'831@localhost','','','',NULL,'',NULL,0,'','','','','','','','','','','','','','','','','','','','','','','','','','','','','','','','','','',NULL,'','','','','','','','','','','',009,'',NULL,NULL,000,'','','','','','','Y','Y','Y',NULL,'','','',NULL,'','',NULL,NULL,'','','Y','a:0:{}'),
	(0000000843,'Ms.','Colon','Krystal','Krystal','Colon, Krystal','','F','843','dcd57c0b2f61220eb93fa398ed746b99013d6c497a025073c6b1e937a2bcd8e5','','','N','Full','Y',003,'003',NULL,'843@localhost','','','',NULL,'',NULL,0,'','','','','','','','','','','','','','','','','','','','','','','','','','','','','','','','','','',NULL,'','','','','','','','','','','',010,'',NULL,NULL,000,'','','','','','','Y','Y','Y',NULL,'','','',NULL,'','',NULL,NULL,'','','Y','a:0:{}'),
	(0000000844,'Ms.','Frye','Shaniya','Shaniya','Frye, Shaniya','','F','844','dcd57c0b2f61220eb93fa398ed746b99013d6c497a025073c6b1e937a2bcd8e5','','','N','Full','N',004,'004',NULL,'844@localhost','','','',NULL,'',NULL,0,'','','','','','','','','','','','','','','','','','','','','','','','','','','','','','','','','','',NULL,'','','','','','','','','','','',NULL,'',NULL,NULL,NULL,'','','','','','','Y','Y','Y',NULL,'','','',NULL,'','',NULL,NULL,'','','Y','a:0:{}'),
	(0000000845,'Mr.','Colon','Lucille','Lucille','Colon, Lucille','','F','845','dcd57c0b2f61220eb93fa398ed746b99013d6c497a025073c6b1e937a2bcd8e5','','','N','Full','Y',004,'004',NULL,'845@localhost','','','',NULL,'',NULL,0,'','','','','','','','','','','','','','','','','','','','','','','','','','','','','','','','','','',NULL,'','','','','','','','','','','',NULL,'',NULL,NULL,NULL,'','','','','','','Y','Y','Y',NULL,'','','',NULL,'','',NULL,NULL,'','','Y','a:0:{}'),
	(0000000849,'','Curry','Drake','Drake','Curry, Drake','','M','849','dcd57c0b2f61220eb93fa398ed746b99013d6c497a025073c6b1e937a2bcd8e5','','','N','Full','Y',003,'003',NULL,'849@localhost','','','',NULL,'',NULL,0,'','','','','','','','','','','','','','','','','','','','','','','','','','','','','','','','','','',NULL,'','','','','','','','','','','',011,'',NULL,NULL,000,'','','','','','','Y','Y','Y',NULL,'','','',NULL,'','',NULL,NULL,'','','Y','a:0:{}'),
	(0000000850,'Miss','Figueroa','Lyla','Lyla','Figueroa, Lyla','','F','850','dcd57c0b2f61220eb93fa398ed746b99013d6c497a025073c6b1e937a2bcd8e5','','','N','Full','Y',004,'004',NULL,'850@localhost','','','',NULL,'',NULL,0,'','','','','','','','','','','','','','','','','','','','','','','','','','','','','','','','','','',NULL,'','','','','','','','','','','',NULL,'',NULL,NULL,NULL,'','','','','','','Y','Y','Y',NULL,'','','',NULL,'','',NULL,NULL,'','','Y','a:0:{}'),
	(0000000851,'Mr.','Daniels','Camilla','Camilla','Daniels, Camilla','','F','851','dcd57c0b2f61220eb93fa398ed746b99013d6c497a025073c6b1e937a2bcd8e5','','','Y','Full','Y',004,'004',NULL,'851@localhost','','','',NULL,'',NULL,0,'','','','','','','','','','','','','','','','','','','','','','','','','','','','','','','','','','',NULL,'','','','','','','','','','','',NULL,'',NULL,NULL,NULL,'','','','','','','Y','Y','Y',NULL,'','','',NULL,'','',NULL,NULL,'','','Y','a:0:{}'),
	(0000000857,'','Ritter','Cara','Cara','Ritter, Cara','','F','857','dcd57c0b2f61220eb93fa398ed746b99013d6c497a025073c6b1e937a2bcd8e5','','','N','Full','Y',028,'028',NULL,'857@localhost','','','',NULL,'',NULL,0,'','','','','','','','','','','','','','','','','','','','','','','','','','','','','','','','','','',NULL,'','','','','','','','','','','',009,'',NULL,NULL,NULL,'','','','','','','Y','Y','Y',NULL,'','','',NULL,'','',NULL,NULL,'','','Y','a:0:{}'),
	(0000000862,'Mr.','Cowan','Lennon','Lennon','Cowan, Lennon','','M','862','dcd57c0b2f61220eb93fa398ed746b99013d6c497a025073c6b1e937a2bcd8e5','','','N','Full','Y',018,'018',NULL,'862@localhost','','','',NULL,'',NULL,0,'','','','','','','','','','','','','','','','','','','','','','','','','','','','','','','','','','',NULL,'','','','','','','','','','','',010,'',NULL,NULL,NULL,'','','','','','','Y','Y','Y',NULL,'','','',NULL,'','',NULL,NULL,'','','Y','a:0:{}'),
	(0000000866,'Mr.','Bowman','Randy','Randy','Bowman, Randy','','M','866','dcd57c0b2f61220eb93fa398ed746b99013d6c497a025073c6b1e937a2bcd8e5','','','N','Full','Y',029,'029',NULL,'866@localhost','','','',NULL,'',NULL,0,'','','','','','','','','','','','','','','','','','','','','','','','','','','','','','','','','','',NULL,'','','','','','','','','','','',011,'',NULL,NULL,NULL,'','','','','','','Y','Y','Y',NULL,'','','',NULL,'','',NULL,NULL,'','','Y','a:0:{}'),
	(0000000867,'Ms.','Gallagher','Rubi','Rubi','Gallagher, Rubi','','F','867','dcd57c0b2f61220eb93fa398ed746b99013d6c497a025073c6b1e937a2bcd8e5','','','N','Full','Y',029,'029',NULL,'867@localhost','','','',NULL,'',NULL,0,'','','','','','','','','','','','','','','','','','','','','','','','','','','','','','','','','','',NULL,'','','','','','','','','','','',009,'',NULL,NULL,NULL,'','','','','','','Y','Y','Y',NULL,'','','',NULL,'','',NULL,NULL,'','','Y','a:0:{}'),
	(0000000869,'Ms.','Valentine','Sabrina','Sabrina','Valentine, Sabrina','','F','869','dcd57c0b2f61220eb93fa398ed746b99013d6c497a025073c6b1e937a2bcd8e5','','','N','Full','Y',024,'024',NULL,'869@localhost','','','',NULL,'',NULL,0,'','','','','','','','','','','','','','','','','','','','','','','','','','','','','','','','','','',NULL,'','','','','','','','','','','',009,'',NULL,NULL,NULL,'','','','','','','Y','Y','Y',NULL,'','','',NULL,'','',NULL,NULL,'','','Y','a:0:{}'),
	(0000000870,'Mr.','Nicholson','Brady','Brady','Nicholson, Brady','','M','870','dcd57c0b2f61220eb93fa398ed746b99013d6c497a025073c6b1e937a2bcd8e5','','','N','Full','Y',002,'002',NULL,'870@localhost','','','',NULL,'',NULL,0,'','','','','','','','','','','','','','','','','','','','','','','','','','','','','','','','','','',NULL,'','','','','','','','','','','',011,'',NULL,NULL,NULL,'','','','','','','Y','Y','Y',NULL,'','','',NULL,'','',NULL,NULL,'','','Y','a:0:{}'),
	(0000000876,'Miss','Lucero','Madeline','Madeline','Lucero, Madeline','','F','876','dcd57c0b2f61220eb93fa398ed746b99013d6c497a025073c6b1e937a2bcd8e5','','','N','Full','Y',003,'003',NULL,'876@localhost','','','',NULL,'',NULL,0,'','','','','','','','','','','','','','','','','','','','','','','','','','','','','','','','','','',NULL,'','','','','','','','','','','',009,'',NULL,NULL,000,'','','','','','','Y','Y','Y',NULL,'','','',NULL,'','',NULL,NULL,'','','Y','a:0:{}'),
	(0000000877,'Mr.','Lucero','Brady','Brady','Lucero, Brady','','M','877','dcd57c0b2f61220eb93fa398ed746b99013d6c497a025073c6b1e937a2bcd8e5','','','N','Full','Y',004,'004',NULL,'877@localhost','','','',NULL,'',NULL,0,'','','','','','','','','','','','','','','','','','','','','','','','','','','','','','','','','','',NULL,'','','','','','','','','','','',NULL,'',NULL,NULL,NULL,'','','','','','','Y','Y','Y',NULL,'','','',NULL,'','',NULL,NULL,'','','Y','a:0:{}'),
	(0000000878,'Mrs.','Lucero','Jayleen','Jayleen','Lucero, Jayleen','','M','878','dcd57c0b2f61220eb93fa398ed746b99013d6c497a025073c6b1e937a2bcd8e5','','','N','Full','Y',004,'004',NULL,'878@localhost','','','',NULL,'',NULL,0,'','','','','','','','','','','','','','','','','','','','','','','','','','','','','','','','','','',NULL,'','','','','','','','','','','',NULL,'',NULL,NULL,NULL,'','','','','','','Y','Y','Y',NULL,'','','',NULL,'','',NULL,NULL,'','','Y','a:0:{}'),
	(0000000888,'Ms.','Ellison','Chana','Chana','Ellison, Chana','','F','888','dcd57c0b2f61220eb93fa398ed746b99013d6c497a025073c6b1e937a2bcd8e5','','','N','Full','Y',003,'003',NULL,'888@localhost','','','',NULL,'',NULL,0,'','','','','','','','','','','','','','','','','','','','','','','','','','','','','','','','','','',NULL,'','','','','','','','','','','',011,'',NULL,NULL,000,'','','','','','','Y','Y','Y',NULL,'','','',NULL,'','',NULL,NULL,'','','Y','a:0:{}'),
	(0000000897,'','Solomon','Allison','Allison','Solomon, Allison','','M','897','dcd57c0b2f61220eb93fa398ed746b99013d6c497a025073c6b1e937a2bcd8e5','','','N','Full','Y',003,'003',NULL,'897@localhost','','','',NULL,'',NULL,0,'','','','','','','','','','','','','','','','','','','','','','','','','','','','','','','','','','',NULL,'','','','','','','','','','','',010,'',NULL,NULL,000,'','','','','','','Y','Y','Y',NULL,'','','',NULL,'','',NULL,NULL,'','','Y','a:0:{}'),
	(0000000898,'Ms.','Hopkins','Clara','Clara','Hopkins, Clara','','F','898','dcd57c0b2f61220eb93fa398ed746b99013d6c497a025073c6b1e937a2bcd8e5','','','N','Full','Y',004,'004',NULL,'898@localhost','','','',NULL,'',NULL,0,'','','','','','','','','','','','','','','','','','','','','','','','','','','','','','','','','','',NULL,'','','','','','','','','','','',NULL,'',NULL,NULL,NULL,'','','','','','','Y','Y','Y',NULL,'','','',NULL,'','',NULL,NULL,'','','Y','a:0:{}'),
	(0000000902,'','Terry','Nicholas','Nicholas','Terry, Nicholas','','M','902','dcd57c0b2f61220eb93fa398ed746b99013d6c497a025073c6b1e937a2bcd8e5','','','N','Full','Y',003,'003',NULL,'902@localhost','','','',NULL,'',NULL,0,'','','','','','','','','','','','','','','','','','','','','','','','','','','','','','','','','','',NULL,'','','','','','','','','','','',011,'',NULL,NULL,000,'','','','','','','Y','Y','Y',NULL,'','','',NULL,'','',NULL,NULL,'','','Y','a:0:{}'),
	(0000000905,'','Hunter','Annika','Annika','Hunter, Annika','','M','905','dcd57c0b2f61220eb93fa398ed746b99013d6c497a025073c6b1e937a2bcd8e5','','','N','Full','Y',003,'003',NULL,'905@localhost','','','',NULL,'',NULL,0,'','','','','','','','','','','','','','','','','','','','','','','','','','','','','','','','','','',NULL,'','','','','','','','','','','',009,'',NULL,NULL,000,'','','','','','','Y','Y','Y',NULL,'','','',NULL,'','',NULL,NULL,'','','Y','a:0:{}'),
	(0000000906,'Mr.','Hunter','Enzo','Enzo','Hunter, Enzo','','M','906','dcd57c0b2f61220eb93fa398ed746b99013d6c497a025073c6b1e937a2bcd8e5','','','N','Full','Y',004,'004',NULL,'906@localhost','','','',NULL,'',NULL,0,'','','','','','','','','','','','','','','','','','','','','','','','','','','','','','','','','','',NULL,'','','','','','','','','','','',NULL,'',NULL,NULL,NULL,'','','','','','','Y','Y','Y',NULL,'','','',NULL,'','',NULL,NULL,'','','Y','a:0:{}'),
	(0000000910,'Miss','Espinoza','Isabelle','Isabelle','Espinoza, Isabelle','','F','910','dcd57c0b2f61220eb93fa398ed746b99013d6c497a025073c6b1e937a2bcd8e5','','','N','Full','Y',003,'003',NULL,'910@localhost','','','',NULL,'',NULL,0,'','','','','','','','','','','','','','','','','','','','','','','','','','','','','','','','','','',NULL,'','','','','','','','','','','',010,'',NULL,NULL,000,'','','','','','','Y','Y','Y',NULL,'','','',NULL,'','',NULL,NULL,'','','Y','a:0:{}'),
	(0000000911,'Mr.','Espinoza','Carter','Carter','Espinoza, Carter','','M','911','dcd57c0b2f61220eb93fa398ed746b99013d6c497a025073c6b1e937a2bcd8e5','','','N','Full','Y',004,'004',NULL,'911@localhost','','','',NULL,'',NULL,0,'','','','','','','','','','','','','','','','','','','','','','','','','','','','','','','','','','',NULL,'','','','','','','','','','','',NULL,'',NULL,NULL,NULL,'','','','','','','Y','Y','Y',NULL,'','','',NULL,'','',NULL,NULL,'','','Y','a:0:{}'),
	(0000000912,'Ms.','Gallagher','Avery','Avery','Gallagher, Avery','','M','912','dcd57c0b2f61220eb93fa398ed746b99013d6c497a025073c6b1e937a2bcd8e5','','','N','Full','Y',004,'004',NULL,'912@localhost','','','',NULL,'',NULL,0,'','','','','','','','','','','','','','','','','','','','','','','','','','','','','','','','','','',NULL,'','','','','','','','','','','',NULL,'',NULL,NULL,NULL,'','','','','','','Y','Y','Y',NULL,'','','',NULL,'','',NULL,NULL,'','','Y','a:0:{}'),
	(0000000913,'Mr.','Beltran','Kareem','Kareem','Beltran, Kareem','','M','913','dcd57c0b2f61220eb93fa398ed746b99013d6c497a025073c6b1e937a2bcd8e5','','','N','Full','Y',003,'003',NULL,'913@localhost','','','',NULL,'',NULL,0,'','','','','','','','','','','','','','','','','','','','','','','','','','','','','','','','','','',NULL,'','','','','','','','','','','',010,'',NULL,NULL,000,'','','','','','','Y','Y','Y',NULL,'','','',NULL,'','',NULL,NULL,'','','Y','a:0:{}'),
	(0000000914,'Mrs.','Beltran','Meadow','Meadow','Beltran, Meadow','','F','914','dcd57c0b2f61220eb93fa398ed746b99013d6c497a025073c6b1e937a2bcd8e5','','','N','Full','Y',004,'004',NULL,'914@localhost','','','',NULL,'',NULL,0,'','','','','','','','','','','','','','','','','','','','','','','','','','','','','','','','','','',NULL,'','','','','','','','','','','',NULL,'',NULL,NULL,NULL,'','','','','','','Y','Y','Y',NULL,'','','',NULL,'','',NULL,NULL,'','','Y','a:0:{}'),
	(0000000915,'Mr.','Beltran','Natalie','Natalie','Beltran, Natalie','','F','915','dcd57c0b2f61220eb93fa398ed746b99013d6c497a025073c6b1e937a2bcd8e5','','','N','Full','Y',004,'004',NULL,'915@localhost','','','',NULL,'',NULL,0,'','','','','','','','','','','','','','','','','','','','','','','','','','','','','','','','','','',NULL,'','','','','','','','','','','',NULL,'',NULL,NULL,NULL,'','','','','','','Y','Y','Y',NULL,'','','',NULL,'','',NULL,NULL,'','','Y','a:0:{}'),
	(0000000922,'Mr.','Gallagher','Zain','Zain','Gallagher, Zain','','M','922','dcd57c0b2f61220eb93fa398ed746b99013d6c497a025073c6b1e937a2bcd8e5','','','N','Full','Y',003,'003',NULL,'922@localhost','','','',NULL,'',NULL,0,'','','','','','','','','','','','','','','','','','','','','','','','','','','','','','','','','','',NULL,'','','','','','','','','','','',009,'',NULL,NULL,000,'','','','','','','Y','Y','Y',NULL,'','','',NULL,'','',NULL,NULL,'','','Y','a:0:{}'),
	(0000000923,'Ms.','Gallagher','Alyssa','Alyssa','Gallagher, Alyssa','','F','923','dcd57c0b2f61220eb93fa398ed746b99013d6c497a025073c6b1e937a2bcd8e5','','','N','Full','Y',004,'004',NULL,'923@localhost','','','',NULL,'',NULL,0,'','','','','','','','','','','','','','','','','','','','','','','','','','','','','','','','','','',NULL,'','','','','','','','','','','',NULL,'',NULL,NULL,NULL,'','','','','','','Y','Y','Y',NULL,'','','',NULL,'','',NULL,NULL,'','','Y','a:0:{}'),
	(0000000924,'Mr.','Gallagher','Roselyn','Roselyn','Gallagher, Roselyn','','F','924','dcd57c0b2f61220eb93fa398ed746b99013d6c497a025073c6b1e937a2bcd8e5','','','N','Full','Y',004,'004',NULL,'924@localhost','','','',NULL,'',NULL,0,'','','','','','','','','','','','','','','','','','','','','','','','','','','','','','','','','','',NULL,'','','','','','','','','','','',NULL,'',NULL,NULL,NULL,'','','','','','','Y','Y','Y',NULL,'','','',NULL,'','',NULL,NULL,'','','Y','a:0:{}'),
	(0000000925,'Miss','Valentine','Amelie','Amelie','Valentine, Amelie','','F','925','dcd57c0b2f61220eb93fa398ed746b99013d6c497a025073c6b1e937a2bcd8e5','','','N','Full','Y',003,'003',NULL,'925@localhost','','','',NULL,'',NULL,0,'','','','','','','','','','','','','','','','','','','','','','','','','','','','','','','','','','',NULL,'','','','','','','','','','','',009,'',NULL,NULL,000,'','','','','','','Y','Y','Y',NULL,'','','',NULL,'','',NULL,NULL,'','','Y','a:0:{}'),
	(0000000928,'Mr.','Monroe','Annika','Annika','Monroe, Annika','','M','928','dcd57c0b2f61220eb93fa398ed746b99013d6c497a025073c6b1e937a2bcd8e5','','','N','Full','Y',003,'003',NULL,'928@localhost','','','',NULL,'',NULL,0,'','','','','','','','','','','','','','','','','','','','','','','','','','','','','','','','','','',NULL,'','','','','','','','','','','',011,'',NULL,NULL,000,'','','','','','','Y','Y','Y',NULL,'','','',NULL,'','',NULL,NULL,'','','Y','a:0:{}'),
	(0000000929,'Mr.','Monroe','Frederick','Frederick','Monroe, Frederick','','M','929','dcd57c0b2f61220eb93fa398ed746b99013d6c497a025073c6b1e937a2bcd8e5','','','N','Full','Y',004,'004',NULL,'929@localhost','','','',NULL,'',NULL,0,'','','','','','','','','','','','','','','','','','','','','','','','','','','','','','','','','','',NULL,'','','','','','','','','','','',NULL,'',NULL,NULL,NULL,'','','','','','','Y','Y','Y',NULL,'','','',NULL,'','',NULL,NULL,'','','Y','a:0:{}'),
	(0000000930,'Ms.','Avila','Evie','Evie','Avila, Evie','','M','930','dcd57c0b2f61220eb93fa398ed746b99013d6c497a025073c6b1e937a2bcd8e5','','','N','Full','Y',004,'004',NULL,'930@localhost','','','',NULL,'',NULL,0,'','','','','','','','','','','','','','','','','','','','','','','','','','','','','','','','','','',NULL,'','','','','','','','','','','',NULL,'',NULL,NULL,NULL,'','','','','','','Y','Y','Y',NULL,'','','',NULL,'','',NULL,NULL,'','','Y','a:0:{}'),
	(0000000931,'','Conner','Derick','Derick','Conner, Derick','','M','931','dcd57c0b2f61220eb93fa398ed746b99013d6c497a025073c6b1e937a2bcd8e5','','','N','Full','Y',003,'003',NULL,'931@localhost','','','',NULL,'',NULL,0,'','','','','','','','','','','','','','','','','','','','','','','','','','','','','','','','','','',NULL,'','','','','','','','','','','',009,'',NULL,NULL,000,'','','','','','','Y','Y','Y',NULL,'','','',NULL,'','',NULL,NULL,'','','Y','a:0:{}'),
	(0000000934,'Miss','Conner','Bridget','Bridget','Conner, Bridget','','F','934','dcd57c0b2f61220eb93fa398ed746b99013d6c497a025073c6b1e937a2bcd8e5','','','N','Full','Y',003,'003',NULL,'934@localhost','','','',NULL,'',NULL,0,'','','','','','','','','','','','','','','','','','','','','','','','','','','','','','','','','','',NULL,'','','','','','','','','','','',009,'',NULL,NULL,000,'','','','','','','Y','Y','Y',NULL,'','','',NULL,'','',NULL,NULL,'','','Y','a:0:{}'),
	(0000000937,'Mr.','Conner','Roland','Roland','Conner, Roland','','M','937','dcd57c0b2f61220eb93fa398ed746b99013d6c497a025073c6b1e937a2bcd8e5','','','N','Full','Y',003,'003',NULL,'937@localhost','','','',NULL,'',NULL,0,'','','','','','','','','','','','','','','','','','','','','','','','','','','','','','','','','','',NULL,'','','','','','','','','','','',010,'',NULL,NULL,000,'','','','','','','Y','Y','Y',NULL,'','','',NULL,'','',NULL,NULL,'','','Y','a:0:{}'),
	(0000000941,'Miss','Murphy','Angeline','Angeline','Murphy, Angeline','','F','941','dcd57c0b2f61220eb93fa398ed746b99013d6c497a025073c6b1e937a2bcd8e5','','','N','Full','Y',003,'003',NULL,'941@localhost','','','',NULL,'',NULL,0,'','','','','','','','','','','','','','','','','','','','','','','','','','','','','','','','','','',NULL,'','','','','','','','','','','',009,'',NULL,NULL,000,'','','','','','','Y','Y','Y',NULL,'','','',NULL,'','',NULL,NULL,'','','Y','a:0:{}'),
	(0000000942,'Mr.','Murphy','Jaidyn','Jaidyn','Murphy, Jaidyn','','M','942','dcd57c0b2f61220eb93fa398ed746b99013d6c497a025073c6b1e937a2bcd8e5','','','N','Full','Y',004,'004',NULL,'942@localhost','','','',NULL,'',NULL,0,'','','','','','','','','','','','','','','','','','','','','','','','','','','','','','','','','','',NULL,'','','','','','','','','','','',NULL,'',NULL,NULL,NULL,'','','','','','','Y','Y','Y',NULL,'','','',NULL,'','',NULL,NULL,'','','Y','a:0:{}'),
	(0000000943,'Ms.','Dawson','Kaleigh','Kaleigh','Dawson, Kaleigh','','M','943','dcd57c0b2f61220eb93fa398ed746b99013d6c497a025073c6b1e937a2bcd8e5','','','N','Full','Y',004,'004',NULL,'943@localhost','','','',NULL,'',NULL,0,'','','','','','','','','','','','','','','','','','','','','','','','','','','','','','','','','','',NULL,'','','','','','','','','','','',NULL,'',NULL,NULL,NULL,'','','','','','','Y','Y','Y',NULL,'','','',NULL,'','',NULL,NULL,'','','Y','a:0:{}'),
	(0000000944,'Miss','Bentley','Amari','Amari','Bentley, Amari','','F','944','dcd57c0b2f61220eb93fa398ed746b99013d6c497a025073c6b1e937a2bcd8e5','','','N','Full','Y',003,'003',NULL,'944@localhost','','','',NULL,'',NULL,0,'','','','','','','','','','','','','','','','','','','','','','','','','','','','','','','','','','',NULL,'','','','','','','','','','','',011,'',NULL,NULL,000,'','','','','','','Y','Y','Y',NULL,'','','',NULL,'','',NULL,NULL,'','','Y','a:0:{}'),
	(0000000945,'Ms.','Hardy','Jazmyn','Jazmyn','Hardy, Jazmyn','','F','945','dcd57c0b2f61220eb93fa398ed746b99013d6c497a025073c6b1e937a2bcd8e5','','','N','Full','Y',004,'004',NULL,'945@localhost','','','',NULL,'',NULL,0,'','','','','','','','','','','','','','','','','','','','','','','','','','','','','','','','','','',NULL,'','','','','','','','','','','',NULL,'',NULL,NULL,NULL,'','','','','','','Y','Y','Y',NULL,'','','',NULL,'','',NULL,NULL,'','','Y','a:0:{}'),
	(0000000946,'Mr.','Bentley','Anabella','Anabella','Bentley, Anabella','','F','946','dcd57c0b2f61220eb93fa398ed746b99013d6c497a025073c6b1e937a2bcd8e5','','','N','Full','Y',004,'004',NULL,'946@localhost','','','',NULL,'',NULL,0,'','','','','','','','','','','','','','','','','','','','','','','','','','','','','','','','','','',NULL,'','','','','','','','','','','',NULL,'',NULL,NULL,NULL,'','','','','','','Y','Y','Y',NULL,'','','',NULL,'','',NULL,NULL,'','','Y','a:0:{}'),
	(0000000947,'Miss','Bentley','Clara','Clara','Bentley, Clara','','F','947','dcd57c0b2f61220eb93fa398ed746b99013d6c497a025073c6b1e937a2bcd8e5','','','N','Full','Y',003,'003',NULL,'947@localhost','','','',NULL,'',NULL,0,'','','','','','','','','','','','','','','','','','','','','','','','','','','','','','','','','','',NULL,'','','','','','','','','','','',010,'',NULL,NULL,000,'','','','','','','Y','Y','Y',NULL,'','','',NULL,'','',NULL,NULL,'','','Y','a:0:{}'),
	(0000000964,'','Morton','London','London','Morton, London','','F','964','dcd57c0b2f61220eb93fa398ed746b99013d6c497a025073c6b1e937a2bcd8e5','','','N','Full','Y',003,'003',NULL,'964@localhost','','','',NULL,'',NULL,0,'','','','','','','','','','','','','','','','','','','','','','','','','','','','','','','','','','',NULL,'','','','','','','','','','','',010,'',NULL,NULL,000,'','','','','','','Y','Y','Y',NULL,'','','',NULL,'','',NULL,NULL,'','','Y','a:0:{}'),
	(0000000965,'Mrs.','Hendricks','Joslyn','Joslyn','Hendricks, Joslyn','','F','965','dcd57c0b2f61220eb93fa398ed746b99013d6c497a025073c6b1e937a2bcd8e5','','','N','Full','Y',004,'004',NULL,'965@localhost','','','',NULL,'',NULL,0,'','','','','','','','','','','','','','','','','','','','','','','','','','','','','','','','','','',NULL,'','','','','','','','','','','',NULL,'',NULL,NULL,NULL,'','','','','','','Y','Y','Y',NULL,'','','',NULL,'','',NULL,NULL,'','','Y','a:0:{}'),
	(0000000966,'Mr.','Morton','Nia','Nia','Morton, Nia','','F','966','dcd57c0b2f61220eb93fa398ed746b99013d6c497a025073c6b1e937a2bcd8e5','','','N','Full','Y',004,'004',NULL,'966@localhost','','','',NULL,'',NULL,0,'','','','','','','','','','','','','','','','','','','','','','','','','','','','','','','','','','',NULL,'','','','','','','','','','','',NULL,'',NULL,NULL,NULL,'','','','','','','Y','Y','Y',NULL,'','','',NULL,'','',NULL,NULL,'','','Y','a:0:{}'),
	(0000000970,'','Pierce','Craig','Craig','Pierce, Craig','','M','970','dcd57c0b2f61220eb93fa398ed746b99013d6c497a025073c6b1e937a2bcd8e5','','','N','Full','Y',003,'003',NULL,'970@localhost','','','',NULL,'',NULL,0,'','','','','','','','','','','','','','','','','','','','','','','','','','','','','','','','','','',NULL,'','','','','','','','','','','',009,'',NULL,NULL,000,'','','','','','','Y','Y','Y',NULL,'','','',NULL,'','',NULL,NULL,'','','Y','a:0:{}'),
	(0000000974,'Miss','Ellison','Xiomara','Xiomara','Ellison, Xiomara','','F','974','dcd57c0b2f61220eb93fa398ed746b99013d6c497a025073c6b1e937a2bcd8e5','','','N','Full','Y',003,'003',NULL,'974@localhost','','','',NULL,'',NULL,0,'','','','','','','','','','','','','','','','','','','','','','','','','','','','','','','','','','',NULL,'','','','','','','','','','','',010,'',NULL,NULL,000,'','','','','','','Y','Y','Y',NULL,'','','',NULL,'','',NULL,NULL,'','','Y','a:0:{}'),
	(0000000975,'Ms.','Simpson','Jocelynn','Jocelynn','Simpson, Jocelynn','','F','975','dcd57c0b2f61220eb93fa398ed746b99013d6c497a025073c6b1e937a2bcd8e5','','','N','Full','Y',004,'004',NULL,'975@localhost','','','',NULL,'',NULL,0,'','','','','','','','','','','','','','','','','','','','','','','','','','','','','','','','','','',NULL,'','','','','','','','','','','',NULL,'',NULL,NULL,NULL,'','','','','','','Y','Y','Y',NULL,'','','',NULL,'','',NULL,NULL,'','','Y','a:0:{}'),
	(0000000976,'Mr.','Ellison','Maryjane','Maryjane','Ellison, Maryjane','','F','976','dcd57c0b2f61220eb93fa398ed746b99013d6c497a025073c6b1e937a2bcd8e5','','','N','Full','Y',004,'004',NULL,'976@localhost','','','',NULL,'',NULL,0,'','','','','','','','','','','','','','','','','','','','','','','','','','','','','','','','','','',NULL,'','','','','','','','','','','',010,'',NULL,NULL,NULL,'','','','','','','Y','Y','Y',NULL,'','','',NULL,'','',NULL,NULL,'','','Y','a:0:{}'),
	(0000000986,'Miss','Carney','Marianna','Marianna','Carney, Marianna','','F','986','dcd57c0b2f61220eb93fa398ed746b99013d6c497a025073c6b1e937a2bcd8e5','','','N','Full','Y',003,'003',NULL,'986@localhost','','','',NULL,'',NULL,0,'','','','','','','','','','','','','','','','','','','','','','','','','','','','','','','','','','',NULL,'','','','','','','','','','','',010,'',NULL,NULL,000,'','','','','','','Y','Y','Y',NULL,'','','',NULL,'','',NULL,NULL,'','','Y','a:0:{}'),
	(0000000989,'Mr.','Hawkins','Elliot','Elliot','Hawkins, Elliot','','M','989','dcd57c0b2f61220eb93fa398ed746b99013d6c497a025073c6b1e937a2bcd8e5','','','N','Full','Y',003,'003',NULL,'989@localhost','','','',NULL,'',NULL,0,'','','','','','','','','','','','','','','','','','','','','','','','','','','','','','','','','','',NULL,'','','','','','','','','','','',011,'',NULL,NULL,000,'','','','','','','Y','Y','Y',NULL,'','','',NULL,'','',NULL,NULL,'','','Y','a:0:{}'),
	(0000000990,'Ms.','Summers','Aliyah','Aliyah','Summers, Aliyah','','F','990','dcd57c0b2f61220eb93fa398ed746b99013d6c497a025073c6b1e937a2bcd8e5','','','N','Full','Y',004,'004',NULL,'990@localhost','','','',NULL,'',NULL,0,'','','','','','','','','','','','','','','','','','','','','','','','','','','','','','','','','','',NULL,'','','','','','','','','','','',NULL,'',NULL,NULL,NULL,'','','','','','','Y','Y','Y',NULL,'','','',NULL,'','',NULL,NULL,'','','Y','a:0:{}'),
	(0000000991,'Mr.','Hawkins','Kaya','Kaya','Hawkins, Kaya','','F','991','dcd57c0b2f61220eb93fa398ed746b99013d6c497a025073c6b1e937a2bcd8e5','','','N','Full','Y',004,'004',NULL,'991@localhost','','','',NULL,'',NULL,0,'','','','','','','','','','','','','','','','','','','','','','','','','','','','','','','','','','',NULL,'','','','','','','','','','','',NULL,'',NULL,NULL,NULL,'','','','','','','Y','Y','Y',NULL,'','','',NULL,'','',NULL,NULL,'','','Y','a:0:{}'),
	(0000000992,'','Moss','Zane','Zane','Moss, Zane','','M','992','dcd57c0b2f61220eb93fa398ed746b99013d6c497a025073c6b1e937a2bcd8e5','','','N','Full','Y',003,'003',NULL,'992@localhost','','','',NULL,'',NULL,0,'','','','','','','','','','','','','','','','','','','','','','','','','','','','','','','','','','',NULL,'','','','','','','','','','','',009,'',NULL,NULL,000,'','','','','','','Y','Y','Y',NULL,'','','',NULL,'','',NULL,NULL,'','','Y','a:0:{}'),
	(0000000993,'Ms.','Moss','Natalya','Natalya','Moss, Natalya','','F','993','dcd57c0b2f61220eb93fa398ed746b99013d6c497a025073c6b1e937a2bcd8e5','','','N','Full','Y',004,'004',NULL,'993@localhost','','','',NULL,'',NULL,0,'','','','','','','','','','','','','','','','','','','','','','','','','','','','','','','','','','',NULL,'','','','','','','','','','','',NULL,'',NULL,NULL,NULL,'','','','','','','Y','Y','Y',NULL,'','','',NULL,'','',NULL,NULL,'','','Y','a:0:{}'),
	(0000001008,'','Hernandez','Nia','Nia','Hernandez, Nia','','F','1008','dcd57c0b2f61220eb93fa398ed746b99013d6c497a025073c6b1e937a2bcd8e5','','','N','Full','Y',003,'003',NULL,'1008@localhost','','','',NULL,'',NULL,0,'','','','','','','','','','','','','','','','','','','','','','','','','','','','','','','','','','',NULL,'','','','','','','','','','','',009,'',NULL,NULL,000,'','','','','','','Y','Y','Y',NULL,'','','',NULL,'','',NULL,NULL,'','','Y','a:0:{}'),
	(0000001009,'Ms.','Hopkins','Jazlene','Jazlene','Hopkins, Jazlene','','F','1009','dcd57c0b2f61220eb93fa398ed746b99013d6c497a025073c6b1e937a2bcd8e5','','','N','Full','Y',004,'004',NULL,'1009@localhost','','','',NULL,'',NULL,0,'','','','','','','','','','','','','','','','','','','','','','','','','','','','','','','','','','',NULL,'','','','','','','','','','','',NULL,'',NULL,NULL,NULL,'','','','','','','Y','Y','Y',NULL,'','','',NULL,'','',NULL,NULL,'','','Y','a:0:{}'),
	(0000001010,'Mr.','Hernandez','Kayleigh','Kayleigh','Hernandez, Kayleigh','','F','1010','dcd57c0b2f61220eb93fa398ed746b99013d6c497a025073c6b1e937a2bcd8e5','','','N','Full','Y',004,'004',NULL,'1010@localhost','','','',NULL,'',NULL,0,'','','','','','','','','','','','','','','','','','','','','','','','','','','','','','','','','','',NULL,'','','','','','','','','','','',NULL,'',NULL,NULL,NULL,'','','','','','','Y','Y','Y',NULL,'','','',NULL,'','',NULL,NULL,'','','Y','a:0:{}'),
	(0000001014,'Miss','Kennedy','Clare','Clare','Kennedy, Clare','','F','1014','dcd57c0b2f61220eb93fa398ed746b99013d6c497a025073c6b1e937a2bcd8e5','','','N','Full','Y',003,'003',NULL,'1014@localhost','','','',NULL,'',NULL,0,'','','','','','','','','','','','','','','','','','','','','','','','','','','','','','','','','','',NULL,'','','','','','','','','','','',009,'',NULL,NULL,000,'','','','','','','Y','Y','Y',NULL,'','','',NULL,'','',NULL,NULL,'','','Y','a:0:{}'),
	(0000001015,'Ms.','Kennedy','Esther','Esther','Kennedy, Esther','','F','1015','dcd57c0b2f61220eb93fa398ed746b99013d6c497a025073c6b1e937a2bcd8e5','','','N','Full','Y',004,'004',NULL,'1015@localhost','','','',NULL,'',NULL,0,'','','','','','','','','','','','','','','','','','','','','','','','','','','','','','','','','','',NULL,'','','','','','','','','','','',NULL,'',NULL,NULL,NULL,'','','','','','','Y','Y','Y',NULL,'','','',NULL,'','',NULL,NULL,'','','Y','a:0:{}'),
	(0000001016,'Mr.','Page','Camilla','Camilla','Page, Camilla','','M','1016','dcd57c0b2f61220eb93fa398ed746b99013d6c497a025073c6b1e937a2bcd8e5','','','N','Full','Y',003,'003',NULL,'1016@localhost','','','',NULL,'',NULL,0,'','','','','','','','','','','','','','','','','','','','','','','','','','','','','','','','','','',NULL,'','','','','','','','','','','',010,'',NULL,NULL,000,'','','','','','','Y','Y','Y',NULL,'','','',NULL,'','',NULL,NULL,'','','Y','a:0:{}'),
	(0000001017,'Ms.','Francis','Alana','Alana','Francis, Alana','','F','1017','dcd57c0b2f61220eb93fa398ed746b99013d6c497a025073c6b1e937a2bcd8e5','','','N','Full','Y',004,'004',NULL,'1017@localhost','','','',NULL,'',NULL,0,'','','','','','','','','','','','','','','','','','','','','','','','','','','','','','','','','','',NULL,'','','','','','','','','','','',NULL,'',NULL,NULL,NULL,'','','','','','','Y','Y','Y',NULL,'','','',NULL,'','',NULL,NULL,'','','Y','a:0:{}'),
	(0000001018,'Mr.','Page','Tamara','Tamara','Page, Tamara','','F','1018','dcd57c0b2f61220eb93fa398ed746b99013d6c497a025073c6b1e937a2bcd8e5','','','N','Full','Y',004,'004',NULL,'1018@localhost','','','',NULL,'',NULL,0,'','','','','','','','','','','','','','','','','','','','','','','','','','','','','','','','','','',NULL,'','','','','','','','','','','',NULL,'',NULL,NULL,NULL,'','','','','','','Y','Y','Y',NULL,'','','',NULL,'','',NULL,NULL,'','','Y','a:0:{}'),
	(0000001019,'Miss','Simpson','Bridget','Bridget','Simpson, Bridget','','F','1019','dcd57c0b2f61220eb93fa398ed746b99013d6c497a025073c6b1e937a2bcd8e5','','','N','Full','Y',003,'003',NULL,'1019@localhost','','','',NULL,'',NULL,0,'','','','','','','','','','','','','','','','','','','','','','','','','','','','','','','','','','',NULL,'','','','','','','','','','','',011,'',NULL,NULL,000,'','','','','','','Y','Y','Y',NULL,'','','',NULL,'','',NULL,NULL,'','','Y','a:0:{}'),
	(0000001020,'Ms.','Ballard','Raelynn','Raelynn','Ballard, Raelynn','','F','1020','dcd57c0b2f61220eb93fa398ed746b99013d6c497a025073c6b1e937a2bcd8e5','','','N','Full','Y',004,'004',NULL,'1020@localhost','','','',NULL,'',NULL,0,'','','','','','','','','','','','','','','','','','','','','','','','','','','','','','','','','','',NULL,'','','','','','','','','','','',NULL,'',NULL,NULL,NULL,'','','','','','','Y','Y','Y',NULL,'','','',NULL,'','',NULL,NULL,'','','Y','a:0:{}'),
	(0000001021,'Mr.','Simpson','Laila','Laila','Simpson, Laila','','F','1021','dcd57c0b2f61220eb93fa398ed746b99013d6c497a025073c6b1e937a2bcd8e5','','','N','Full','Y',004,'004',NULL,'1021@localhost','','','',NULL,'',NULL,0,'','','','','','','','','','','','','','','','','','','','','','','','','','','','','','','','','','',NULL,'','','','','','','','','','','',NULL,'',NULL,NULL,NULL,'','','','','','','Y','Y','Y',NULL,'','','',NULL,'','',NULL,NULL,'','','Y','a:0:{}'),
	(0000001022,'','Cherry','Nia','Nia','Cherry, Nia','','M','1022','dcd57c0b2f61220eb93fa398ed746b99013d6c497a025073c6b1e937a2bcd8e5','','','N','Full','Y',003,'003',NULL,'1022@localhost','','','',NULL,'',NULL,0,'','','','','','','','','','','','','','','','','','','','','','','','','','','','','','','','','','',NULL,'','','','','','','','','','','',011,'',NULL,NULL,000,'','','','','','','Y','Y','Y',NULL,'','','',NULL,'','',NULL,NULL,'','','Y','a:0:{}'),
	(0000001023,'Ms.','Jarvis','Karsyn','Karsyn','Jarvis, Karsyn','','F','1023','dcd57c0b2f61220eb93fa398ed746b99013d6c497a025073c6b1e937a2bcd8e5','','','N','Full','Y',004,'004',NULL,'1023@localhost','','','',NULL,'',NULL,0,'','','','','','','','','','','','','','','','','','','','','','','','','','','','','','','','','','',NULL,'','','','','','','','','','','',NULL,'',NULL,NULL,NULL,'','','','','','','Y','Y','Y',NULL,'','','',NULL,'','',NULL,NULL,'','','Y','a:0:{}'),
	(0000001024,'','Cherry','Rylee','Rylee','Cherry, Rylee','','F','1024','dcd57c0b2f61220eb93fa398ed746b99013d6c497a025073c6b1e937a2bcd8e5','','','N','Full','Y',004,'004',NULL,'1024@localhost','','','',NULL,'',NULL,0,'','','','','','','','','','','','','','','','','','','','','','','','','','','','','','','','','','',NULL,'','','','','','','','','','','',NULL,'',NULL,NULL,NULL,'','','','','','','Y','Y','Y',NULL,'','','',NULL,'','',NULL,NULL,'','','Y','a:0:{}'),
	(0000001037,'Mr.','Moss','Jett','Jett','Moss, Jett','','M','1037','dcd57c0b2f61220eb93fa398ed746b99013d6c497a025073c6b1e937a2bcd8e5','','','Y','Full','Y',004,'004',NULL,'1037@localhost','','','',NULL,'',NULL,0,'','','','','','','','','','','','','','','','','','','','','','','','','','','','','','','','','','',NULL,'','','','','','','','','','','',NULL,'',NULL,NULL,NULL,'','','','','','','Y','Y','Y',NULL,'','','',NULL,'','',NULL,NULL,'','','Y','a:0:{}'),
	(0000001056,'Mr.','Jarvis','Giovanni','Giovanni','Jarvis, Giovanni','','M','1056','dcd57c0b2f61220eb93fa398ed746b99013d6c497a025073c6b1e937a2bcd8e5','','','N','Full','Y',001,'001',NULL,'1056@localhost','','','',NULL,'',NULL,0,'','','','','','','','','','','','','','','','','','','','','','','','','','','','','','','','','','',NULL,'','','','','','','','','','','',009,'',NULL,NULL,NULL,'','','','','','','Y','Y','Y',NULL,'','','',NULL,'','',NULL,NULL,'','','Y','a:0:{}'),
	(0000001066,'Mr.','Tucker','Davian','Davian','Tucker, Davian','','M','1066','dcd57c0b2f61220eb93fa398ed746b99013d6c497a025073c6b1e937a2bcd8e5','','','N','Full','Y',003,'003',NULL,'1066@localhost','','','',NULL,'',NULL,0,'','','','','','','','','','','','','','','','','','','','','','','','','','','','','','','','','','',NULL,'','','','','','','','','','','',011,'',NULL,NULL,000,'','','','','','','Y','Y','Y',NULL,'','','',NULL,'','',NULL,NULL,'','','Y','a:0:{}'),
	(0000001067,'Mrs.','Tucker','Alexus','Alexus','Tucker, Alexus','','F','1067','dcd57c0b2f61220eb93fa398ed746b99013d6c497a025073c6b1e937a2bcd8e5','','','N','Full','Y',004,'004',NULL,'1067@localhost','','','',NULL,'',NULL,0,'','','','','','','','','','','','','','','','','','','','','','','','','','','','','','','','','','',NULL,'','','','','','','','','','','',NULL,'',NULL,NULL,NULL,'','','','','','','Y','Y','Y',NULL,'','','',NULL,'','',NULL,NULL,'','','Y','a:0:{}'),
	(0000001068,'Mr.','Tucker','Allison','Allison','Tucker, Allison','','F','1068','dcd57c0b2f61220eb93fa398ed746b99013d6c497a025073c6b1e937a2bcd8e5','','','N','Full','Y',004,'004',NULL,'1068@localhost','','','',NULL,'',NULL,0,'','','','','','','','','','','','','','','','','','','','','','','','','','','','','','','','','','',NULL,'','','','','','','','','','','',NULL,'',NULL,NULL,NULL,'','','','','','','Y','Y','Y',NULL,'','','',NULL,'','',NULL,NULL,'','','Y','a:0:{}'),
	(0000001078,'Mrs.','Hunter','Aimee','Aimee','Hunter, Aimee','','F','1078','dcd57c0b2f61220eb93fa398ed746b99013d6c497a025073c6b1e937a2bcd8e5','','','N','Full','Y',004,'004',NULL,'1078@localhost','','','',NULL,'',NULL,0,'','','','','','','','','','','','','','','','','','','','','','','','','','','','','','','','','','',NULL,'','','','','','','','','','','',NULL,'',NULL,NULL,NULL,'','','','','','','Y','Y','Y',NULL,'','','',NULL,'','',NULL,NULL,'','','Y','a:0:{}'),
	(0000001084,'Dr.','Glover','Bria','Bria','Glover, Bria','','F','1084','dcd57c0b2f61220eb93fa398ed746b99013d6c497a025073c6b1e937a2bcd8e5','','','N','Full','Y',002,'002',NULL,'1084@localhost','','','',NULL,'',NULL,0,'','','','','','','','','','','','','','','','','','','','','','','','','','','','','','','','','','',NULL,'','','','','','','','','','','',010,'',NULL,NULL,NULL,'','','','','','','Y','Y','Y',NULL,'','','',NULL,'','',NULL,NULL,'','','Y','a:0:{}'),
	(0000001086,'Mr.','Monroe','Darwin','Darwin','Monroe, Darwin','','M','1086','dcd57c0b2f61220eb93fa398ed746b99013d6c497a025073c6b1e937a2bcd8e5','','','N','Full','Y',003,'003',NULL,'1086@localhost','','','',NULL,'',NULL,0,'','','','','','','','','','','','','','','','','','','','','','','','','','','','','','','','','','',NULL,'','','','','','','','','','','',011,'',NULL,NULL,000,'','','','','','','Y','Y','Y',NULL,'','','',NULL,'','',NULL,NULL,'','','Y','a:0:{}'),
	(0000001087,'Mrs.','Beck','Teresa','Teresa','Beck, Teresa','','F','1087','dcd57c0b2f61220eb93fa398ed746b99013d6c497a025073c6b1e937a2bcd8e5','','','N','Full','Y',004,'004',NULL,'1087@localhost','','','',NULL,'',NULL,0,'','','','','','','','','','','','','','','','','','','','','','','','','','','','','','','','','','',NULL,'','','','','','','','','','','',NULL,'',NULL,NULL,NULL,'','','','','','','Y','Y','Y',NULL,'','','',NULL,'','',NULL,NULL,'','','Y','a:0:{}'),
	(0000001088,'Mr.','Monroe','Kash','Kash','Monroe, Kash','','M','1088','dcd57c0b2f61220eb93fa398ed746b99013d6c497a025073c6b1e937a2bcd8e5','','','N','Full','Y',004,'004',NULL,'1088@localhost','','','',NULL,'',NULL,0,'','','','','','','','','','','','','','','','','','','','','','','','','','','','','','','','','','',NULL,'','','','','','','','','','','',NULL,'',NULL,NULL,NULL,'','','','','','','Y','Y','Y',NULL,'','','',NULL,'','',NULL,NULL,'','','Y','a:0:{}'),
	(0000001089,'Mrs.','Sellers','Sierra','Sierra','Sellers, Sierra','','F','1089','dcd57c0b2f61220eb93fa398ed746b99013d6c497a025073c6b1e937a2bcd8e5','','','N','Full','Y',004,'004',NULL,'1089@localhost','','','',NULL,'',NULL,0,'','','','','','','','','','','','','','','','','','','','','','','','','','','','','','','','','','',NULL,'','','','','','','','','','','',011,'',NULL,NULL,NULL,'','','','','','','Y','Y','Y',NULL,'','','',NULL,'','',NULL,NULL,'','','Y','a:0:{}'),
	(0000001096,'','Cowan','Jerimiah','Jerimiah','Cowan, Jerimiah','','M','1096','dcd57c0b2f61220eb93fa398ed746b99013d6c497a025073c6b1e937a2bcd8e5','','','N','Full','Y',002,'002',NULL,'1096@localhost','','','',NULL,'',NULL,0,'','','','','','','','','','','','','','','','','','','','','','','','','','','','','','','','','','',NULL,'','','','','','','','','','','',010,'',NULL,NULL,NULL,'','','','','','','Y','Y','Y',NULL,'','','',NULL,'','',NULL,NULL,'','','Y','a:0:{}'),
	(0000001101,'Ms.','Frye','Avery','Avery','Frye, Avery','','F','1101','dcd57c0b2f61220eb93fa398ed746b99013d6c497a025073c6b1e937a2bcd8e5','','','N','Full','Y',001,'001',NULL,'1101@localhost','','','',NULL,'',NULL,0,'','','','','','','','','','','','','','','','','','','','','','','','','','','','','','','','','','',NULL,'','','','','','','','','','','',011,'',NULL,NULL,NULL,'','','','','','','Y','Y','Y',NULL,'','','',NULL,'','',NULL,NULL,'','','Y','a:0:{}'),
	(0000001102,'Mr.','Gallegos','Micah','Micah','Gallegos, Micah','','M','1102','dcd57c0b2f61220eb93fa398ed746b99013d6c497a025073c6b1e937a2bcd8e5','','','N','Full','Y',001,'001',NULL,'1102@localhost','','','',NULL,'',NULL,0,'','','','','','','','','','','','','','','','','','','','','','','','','','','','','','','','','','',NULL,'','','','','','','','','','','',010,'',NULL,NULL,NULL,'','','','','','','Y','Y','Y',NULL,'','','',NULL,'','',NULL,NULL,'','','Y','a:0:{}'),
	(0000001104,'Mr.','Frye','Jaidyn','Jaidyn','Frye, Jaidyn','','M','1104','dcd57c0b2f61220eb93fa398ed746b99013d6c497a025073c6b1e937a2bcd8e5','','','N','Full','Y',002,'002',NULL,'1104@localhost','','','',NULL,'',NULL,0,'','','','','','','','','','','','','','','','','','','','','','','','','','','','','','','','','','',NULL,'','','','','','','','','','','',010,'',NULL,NULL,NULL,'','','','','','','Y','Y','Y',NULL,'','','',NULL,'','',NULL,NULL,'','','Y','a:0:{}'),
	(0000001109,'Ms.','Daugherty','Nevaeh','Nevaeh','Daugherty, Nevaeh','','F','1109','dcd57c0b2f61220eb93fa398ed746b99013d6c497a025073c6b1e937a2bcd8e5','','','N','Full','Y',026,'026',NULL,'1109@localhost','','','',NULL,'',NULL,0,'','','','','','','','','','','','','','','','','','','','','','','','','','','','','','','','','','',NULL,'','','','','','','','','','','',010,'',NULL,NULL,NULL,'','','','','','','Y','Y','Y',NULL,'','','',NULL,'','',NULL,NULL,'','','Y','a:0:{}'),
	(0000001110,'Mr.','Snow','Terrell','Terrell','Snow, Terrell','','M','1110','dcd57c0b2f61220eb93fa398ed746b99013d6c497a025073c6b1e937a2bcd8e5','','','N','Full','Y',015,'015',NULL,'1110@localhost','','','',NULL,'',NULL,0,'','','','','','','','','','','','','','','','','','','','','','','','','','','','','','','','','','',NULL,'','','','','','','','','','','',009,'',NULL,NULL,NULL,'','','','','','','Y','Y','Y',NULL,'','','',NULL,'','',NULL,NULL,'','','Y','a:0:{}'),
	(0000001117,'Ms.','Randall','Kallie','Kallie','Randall, Kallie','','F','1117','dcd57c0b2f61220eb93fa398ed746b99013d6c497a025073c6b1e937a2bcd8e5','','','N','Full','Y',002,'002',NULL,'1117@localhost','','','',NULL,'',NULL,0,'','','','','','','','','','','','','','','','','','','','','','','','','','','','','','','','','','',NULL,'','','','','','','','','','','',010,'',NULL,NULL,NULL,'','','','','','','Y','Y','Y',NULL,'','','',NULL,'','',NULL,NULL,'','','Y','a:0:{}'),
	(0000001119,'Ms.','Simmons','Britney','Britney','Simmons, Britney','','F','1119','dcd57c0b2f61220eb93fa398ed746b99013d6c497a025073c6b1e937a2bcd8e5','','','N','Full','Y',002,'002',NULL,'1119@localhost','','','',NULL,'',NULL,0,'','','','','','','','','','','','','','','','','','','','','','','','','','','','','','','','','','',NULL,'','','','','','','','','','','',009,'',NULL,NULL,NULL,'','','','','','','Y','Y','Y',NULL,'','','',NULL,'','',NULL,NULL,'','','Y','a:0:{}'),
	(0000001121,'Mr.','Eaton','Brycen','Brycen','Eaton, Brycen','','M','1121','dcd57c0b2f61220eb93fa398ed746b99013d6c497a025073c6b1e937a2bcd8e5','','','N','Full','Y',015,'015',NULL,'1121@localhost','','','',NULL,'',NULL,0,'','','','','','','','','','','','','','','','','','','','','','','','','','','','','','','','','','',NULL,'','','','','','','','','','','',011,'',NULL,NULL,NULL,'','','','','','','Y','Y','Y',NULL,'','','',NULL,'','',NULL,NULL,'','','Y','a:0:{}'),
	(0000001122,'Ms.','Haley','Mackenzie','Mackenzie','Haley, Mackenzie','','F','1122','dcd57c0b2f61220eb93fa398ed746b99013d6c497a025073c6b1e937a2bcd8e5','','','N','Full','Y',002,'002',NULL,'1122@localhost','','','',NULL,'',NULL,0,'','','','','','','','','','','','','','','','','','','','','','','','','','','','','','','','','','',NULL,'','','','','','','','','','','',011,'',NULL,NULL,NULL,'','','','','','','Y','Y','Y',NULL,'','','',NULL,'','',NULL,NULL,'','','Y','a:0:{}'),
	(0000001123,'Ms.','Contreras','Amara','Amara','Contreras, Amara','','F','1123','dcd57c0b2f61220eb93fa398ed746b99013d6c497a025073c6b1e937a2bcd8e5','','','N','Full','Y',002,'002',NULL,'1123@localhost','','','',NULL,'',NULL,0,'','','','','','','','','','','','','','','','','','','','','','','','','','','','','','','','','','',NULL,'','','','','','','','','','','',010,'',NULL,NULL,NULL,'','','','','','','Y','Y','Y',NULL,'','','',NULL,'','',NULL,NULL,'','','Y','a:0:{}'),
	(0000001131,'Mrs.','Fernandez','Heather','Heather','Fernandez, Heather','','F','1131','dcd57c0b2f61220eb93fa398ed746b99013d6c497a025073c6b1e937a2bcd8e5','','','Y','Full','Y',002,'002',NULL,'1131@localhost','','','',NULL,'',NULL,0,'','','','','','','','','','','','','','','','','','','','','','','','','','','','','','','','','','',NULL,'','','','','','','','','','','',010,'',NULL,NULL,NULL,'','','','','','','Y','Y','Y',NULL,'','','',NULL,'','',NULL,NULL,'','','Y','a:0:{}'),
	(0000001154,'Miss','Villa','Catalina','Catalina','Villa, Catalina','','F','1154','dcd57c0b2f61220eb93fa398ed746b99013d6c497a025073c6b1e937a2bcd8e5','','','N','Full','Y',003,'003',NULL,'1154@localhost','','','',NULL,'',NULL,0,'','','','','','','','','','','','','','','','','','','','','','','','','','','','','','','','','','',NULL,'','','','','','','','','','','',010,'',NULL,NULL,000,'','','','','','','Y','Y','Y',NULL,'','','',NULL,'','',NULL,NULL,'','','Y','a:0:{}'),
	(0000001155,'Mrs.','Villa','Maliyah','Maliyah','Villa, Maliyah','','F','1155','dcd57c0b2f61220eb93fa398ed746b99013d6c497a025073c6b1e937a2bcd8e5','','','N','Full','Y',004,'004',NULL,'1155@localhost','','','',NULL,'',NULL,0,'','','','','','','','','','','','','','','','','','','','','','','','','','','','','','','','','','',NULL,'','','','','','','','','','','',NULL,'',NULL,NULL,NULL,'','','','','','','Y','Y','Y',NULL,'','','',NULL,'','',NULL,NULL,'','','Y','a:0:{}'),
	(0000001156,'Mr.','Villa','Asher','Asher','Villa, Asher','','M','1156','dcd57c0b2f61220eb93fa398ed746b99013d6c497a025073c6b1e937a2bcd8e5','','','N','Full','Y',004,'004',NULL,'1156@localhost','','','',NULL,'',NULL,0,'','','','','','','','','','','','','','','','','','','','','','','','','','','','','','','','','','',NULL,'','','','','','','','','','','',NULL,'',NULL,NULL,NULL,'','','','','','','Y','Y','Y',NULL,'','','',NULL,'','',NULL,NULL,'','','Y','a:0:{}'),
	(0000001157,'Mr.','Watts','Clarence','Clarence','Watts, Clarence','','M','1157','dcd57c0b2f61220eb93fa398ed746b99013d6c497a025073c6b1e937a2bcd8e5','','','N','Full','Y',003,'003',NULL,'1157@localhost','','','',NULL,'',NULL,0,'','','','','','','','','','','','','','','','','','','','','','','','','','','','','','','','','','',NULL,'','','','','','','','','','','',011,'',NULL,NULL,000,'','','','','','','Y','Y','Y',NULL,'','','',NULL,'','',NULL,NULL,'','','Y','a:0:{}'),
	(0000001158,'Ms.','Collins','Justice','Justice','Collins, Justice','','F','1158','dcd57c0b2f61220eb93fa398ed746b99013d6c497a025073c6b1e937a2bcd8e5','','','N','Full','Y',004,'004',NULL,'1158@localhost','','','',NULL,'',NULL,0,'','','','','','','','','','','','','','','','','','','','','','','','','','','','','','','','','','',NULL,'','','','','','','','','','','',NULL,'',NULL,NULL,NULL,'','','','','','','Y','Y','Y',NULL,'','','',NULL,'','',NULL,NULL,'','','Y','a:0:{}'),
	(0000001159,'Mr.','Watts','Craig','Craig','Watts, Craig','','M','1159','dcd57c0b2f61220eb93fa398ed746b99013d6c497a025073c6b1e937a2bcd8e5','','','N','Full','Y',004,'004',NULL,'1159@localhost','','','',NULL,'',NULL,0,'','','','','','','','','','','','','','','','','','','','','','','','','','','','','','','','','','',NULL,'','','','','','','','','','','',NULL,'',NULL,NULL,NULL,'','','','','','','Y','Y','Y',NULL,'','','',NULL,'','',NULL,NULL,'','','Y','a:0:{}'),
	(0000001160,'Miss','Golden','Eleanor','Eleanor','Golden, Eleanor','','F','1160','dcd57c0b2f61220eb93fa398ed746b99013d6c497a025073c6b1e937a2bcd8e5','','','N','Full','Y',003,'003',NULL,'1160@localhost','','','',NULL,'',NULL,0,'','','','','','','','','','','','','','','','','','','','','','','','','','','','','','','','','','',NULL,'','','','','','','','','','','',011,'',NULL,NULL,000,'','','','','','','Y','Y','Y',NULL,'','','',NULL,'','',NULL,NULL,'','','Y','a:0:{}'),
	(0000001161,'Miss','Gallagher','Bella','Bella','Gallagher, Bella','','F','1161','dcd57c0b2f61220eb93fa398ed746b99013d6c497a025073c6b1e937a2bcd8e5','','','N','Full','Y',004,'004',NULL,'1161@localhost','','','',NULL,'',NULL,0,'','','','','','','','','','','','','','','','','','','','','','','','','','','','','','','','','','',NULL,'','','','','','','','','','','',NULL,'',NULL,NULL,NULL,'','','','','','','Y','Y','Y',NULL,'','','',NULL,'','',NULL,NULL,'','','Y','a:0:{}'),
	(0000001162,'Mr.','Golden','Efrain','Efrain','Golden, Efrain','','M','1162','dcd57c0b2f61220eb93fa398ed746b99013d6c497a025073c6b1e937a2bcd8e5','','','N','Full','Y',004,'004',NULL,'1162@localhost','','','',NULL,'',NULL,0,'','','','','','','','','','','','','','','','','','','','','','','','','','','','','','','','','','',NULL,'','','','','','','','','','','',NULL,'',NULL,NULL,NULL,'','','','','','','Y','Y','Y',NULL,'','','',NULL,'','',NULL,NULL,'','','Y','a:0:{}'),
	(0000001163,'','Snyder','Kylee','Kylee','Snyder, Kylee','','F','1163','dcd57c0b2f61220eb93fa398ed746b99013d6c497a025073c6b1e937a2bcd8e5','','','N','Full','Y',003,'003',NULL,'1163@localhost','','','',NULL,'',NULL,0,'','','','','','','','','','','','','','','','','','','','','','','','','','','','','','','','','','',NULL,'','','','','','','','','','','',009,'',NULL,NULL,000,'','','','','','','Y','Y','Y',NULL,'','','',NULL,'','',NULL,NULL,'','','Y','a:0:{}'),
	(0000001164,'Mr.','Snyder','Brooks','Brooks','Snyder, Brooks','','M','1164','dcd57c0b2f61220eb93fa398ed746b99013d6c497a025073c6b1e937a2bcd8e5','','','N','Full','Y',004,'004',NULL,'1164@localhost','','','',NULL,'',NULL,0,'','','','','','','','','','','','','','','','','','','','','','','','','','','','','','','','','','',NULL,'','','','','','','','','','','',NULL,'',NULL,NULL,NULL,'','','','','','','Y','Y','Y',NULL,'','','',NULL,'','',NULL,NULL,'','','Y','a:0:{}'),
	(0000001165,'Ms.','Ellison','Tatum','Tatum','Ellison, Tatum','','F','1165','dcd57c0b2f61220eb93fa398ed746b99013d6c497a025073c6b1e937a2bcd8e5','','','N','Full','Y',004,'004',NULL,'1165@localhost','','','',NULL,'',NULL,0,'','','','','','','','','','','','','','','','','','','','','','','','','','','','','','','','','','',NULL,'','','','','','','','','','','',NULL,'',NULL,NULL,NULL,'','','','','','','Y','Y','Y',NULL,'','','',NULL,'','',NULL,NULL,'','','Y','a:0:{}'),
	(0000001166,'','Garrett','Reid','Reid','Garrett, Reid','','M','1166','dcd57c0b2f61220eb93fa398ed746b99013d6c497a025073c6b1e937a2bcd8e5','','','N','Full','Y',003,'003',NULL,'1166@localhost','','','',NULL,'',NULL,0,'','','','','','','','','','','','','','','','','','','','','','','','','','','','','','','','','','',NULL,'','','','','','','','','','','',009,'',NULL,NULL,000,'','','','','','','Y','Y','Y',NULL,'','','',NULL,'','',NULL,NULL,'','','Y','a:0:{}'),
	(0000001167,'Mr.','Garrett','Amare','Amare','Garrett, Amare','','M','1167','dcd57c0b2f61220eb93fa398ed746b99013d6c497a025073c6b1e937a2bcd8e5','','','N','Full','Y',004,'004',NULL,'1167@localhost','','','',NULL,'',NULL,0,'','','','','','','','','','','','','','','','','','','','','','','','','','','','','','','','','','',NULL,'','','','','','','','','','','',NULL,'',NULL,NULL,NULL,'','','','','','','Y','Y','Y',NULL,'','','',NULL,'','',NULL,NULL,'','','Y','a:0:{}'),
	(0000001168,'Mrs.','Garrett','Molly','Molly','Garrett, Molly','','F','1168','dcd57c0b2f61220eb93fa398ed746b99013d6c497a025073c6b1e937a2bcd8e5','','','N','Full','Y',004,'004',NULL,'1168@localhost','','','',NULL,'',NULL,0,'','','','','','','','','','','','','','','','','','','','','','','','','','','','','','','','','','',NULL,'','','','','','','','','','','',NULL,'',NULL,NULL,NULL,'','','','','','','Y','Y','Y',NULL,'','','',NULL,'','',NULL,NULL,'','','Y','a:0:{}'),
	(0000001178,'Miss','Mckinney','Amara','Amara','Mckinney, Amara','','F','1178','dcd57c0b2f61220eb93fa398ed746b99013d6c497a025073c6b1e937a2bcd8e5','','','N','Full','Y',003,'003',NULL,'1178@localhost','','','',NULL,'',NULL,0,'','','','','','','','','','','','','','','','','','','','','','','','','','','','','','','','','','',NULL,'','','','','','','','','','','',009,'',NULL,NULL,000,'','','','','','','Y','Y','Y',NULL,'','','',NULL,'','',NULL,NULL,'','','Y','a:0:{}'),
	(0000001179,'','Gay','Chloe','Chloe','Gay, Chloe','','F','1179','dcd57c0b2f61220eb93fa398ed746b99013d6c497a025073c6b1e937a2bcd8e5','','','N','Full','Y',003,'003',NULL,'1179@localhost','','','',NULL,'',NULL,0,'','','','','','','','','','','','','','','','','','','','','','','','','','','','','','','','','','',NULL,'','','','','','','','','','','',011,'',NULL,NULL,000,'','','','','','','Y','Y','Y',NULL,'','','',NULL,'','',NULL,NULL,'','','Y','a:0:{}'),
	(0000001180,'Ms.','Gallagher','Cara','Cara','Gallagher, Cara','','F','1180','dcd57c0b2f61220eb93fa398ed746b99013d6c497a025073c6b1e937a2bcd8e5','','','N','Full','Y',004,'004',NULL,'1180@localhost','','','',NULL,'',NULL,0,'','','','','','','','','','','','','','','','','','','','','','','','','','','','','','','','','','',NULL,'','','','','','','','','','','',NULL,'',NULL,NULL,NULL,'','','','','','','Y','Y','Y',NULL,'','','',NULL,'','',NULL,NULL,'','','Y','a:0:{}'),
	(0000001181,'Mr.','Gay','Camren','Camren','Gay, Camren','','M','1181','dcd57c0b2f61220eb93fa398ed746b99013d6c497a025073c6b1e937a2bcd8e5','','','N','Full','Y',004,'004',NULL,'1181@localhost','','','',NULL,'',NULL,0,'','','','','','','','','','','','','','','','','','','','','','','','','','','','','','','','','','',NULL,'','','','','','','','','','','',NULL,'',NULL,NULL,NULL,'','','','','','','Y','Y','Y',NULL,'','','',NULL,'','',NULL,NULL,'','','Y','a:0:{}'),
	(0000001182,'Miss','Oneal','Mariela','Mariela','Oneal, Mariela','','F','1182','dcd57c0b2f61220eb93fa398ed746b99013d6c497a025073c6b1e937a2bcd8e5','','','N','Full','Y',003,'003',NULL,'1182@localhost','','','',NULL,'',NULL,0,'','','','','','','','','','','','','','','','','','','','','','','','','','','','','','','','','','',NULL,'','','','','','','','','','','',009,'',NULL,NULL,000,'','','','','','','Y','Y','Y',NULL,'','','',NULL,'','',NULL,NULL,'','','Y','a:0:{}'),
	(0000001183,'Mrs.','Oneal','Scarlett','Scarlett','Oneal, Scarlett','','F','1183','dcd57c0b2f61220eb93fa398ed746b99013d6c497a025073c6b1e937a2bcd8e5','','','N','Full','Y',004,'004',NULL,'1183@localhost','','','',NULL,'',NULL,0,'','','','','','','','','','','','','','','','','','','','','','','','','','','','','','','','','','',NULL,'','','','','','','','','','','',NULL,'',NULL,NULL,NULL,'','','','','','','Y','Y','Y',NULL,'','','',NULL,'','',NULL,NULL,'','','Y','a:0:{}'),
	(0000001184,'Mr.','Oneal','Eddie','Eddie','Oneal, Eddie','','M','1184','dcd57c0b2f61220eb93fa398ed746b99013d6c497a025073c6b1e937a2bcd8e5','','','N','Full','Y',004,'004',NULL,'1184@localhost','','','',NULL,'',NULL,0,'','','','','','','','','','','','','','','','','','','','','','','','','','','','','','','','','','',NULL,'','','','','','','','','','','',NULL,'',NULL,NULL,NULL,'','','','','','','Y','Y','Y',NULL,'','','',NULL,'','',NULL,NULL,'','','Y','a:0:{}'),
	(0000001191,'Mr.','Banks','Collin','Collin','Banks, Collin','','M','1191','dcd57c0b2f61220eb93fa398ed746b99013d6c497a025073c6b1e937a2bcd8e5','','','N','Full','Y',003,'003',NULL,'1191@localhost','','','',NULL,'',NULL,0,'','','','','','','','','','','','','','','','','','','','','','','','','','','','','','','','','','',NULL,'','','','','','','','','','','',011,'',NULL,NULL,000,'','','','','','','Y','Y','Y',NULL,'','','',NULL,'','',NULL,NULL,'','','Y','a:0:{}'),
	(0000001192,'Ms.','Banks','Felicity','Felicity','Banks, Felicity','','F','1192','dcd57c0b2f61220eb93fa398ed746b99013d6c497a025073c6b1e937a2bcd8e5','','','N','Full','Y',004,'004',NULL,'1192@localhost','','','',NULL,'',NULL,0,'','','','','','','','','','','','','','','','','','','','','','','','','','','','','','','','','','',NULL,'','','','','','','','','','','',NULL,'',NULL,NULL,NULL,'','','','','','','Y','Y','Y',NULL,'','','',NULL,'','',NULL,NULL,'','','Y','a:0:{}'),
	(0000001193,'Ms.','Gibson','Ashlee','Ashlee','Gibson, Ashlee','','F','1193','dcd57c0b2f61220eb93fa398ed746b99013d6c497a025073c6b1e937a2bcd8e5','','','N','Full','Y',003,'003',NULL,'1193@localhost','','','',NULL,'',NULL,0,'','','','','','','','','','','','','','','','','','','','','','','','','','','','','','','','','','',NULL,'','','','','','','','','','','',010,'',NULL,NULL,000,'','','','','','','Y','Y','Y',NULL,'','','',NULL,'','',NULL,NULL,'','','Y','a:0:{}'),
	(0000001194,'Mrs.','Gibson','Nia','Nia','Gibson, Nia','','F','1194','dcd57c0b2f61220eb93fa398ed746b99013d6c497a025073c6b1e937a2bcd8e5','','','N','Full','Y',004,'004',NULL,'1194@localhost','','','',NULL,'',NULL,0,'','','','','','','','','','','','','','','','','','','','','','','','','','','','','','','','','','',NULL,'','','','','','','','','','','',NULL,'',NULL,NULL,NULL,'','','','','','','Y','Y','Y',NULL,'','','',NULL,'','',NULL,NULL,'','','Y','a:0:{}'),
	(0000001195,'Mr.','Gibson','Donte','Donte','Gibson, Donte','','M','1195','dcd57c0b2f61220eb93fa398ed746b99013d6c497a025073c6b1e937a2bcd8e5','','','N','Full','Y',004,'004',NULL,'1195@localhost','','','',NULL,'',NULL,0,'','','','','','','','','','','','','','','','','','','','','','','','','','','','','','','','','','',NULL,'','','','','','','','','','','',NULL,'',NULL,NULL,NULL,'','','','','','','Y','Y','Y',NULL,'','','',NULL,'','',NULL,NULL,'','','Y','a:0:{}'),
	(0000001200,'Miss','Simpson','Miracle','Miracle','Simpson, Miracle','','F','1200','dcd57c0b2f61220eb93fa398ed746b99013d6c497a025073c6b1e937a2bcd8e5','','','N','Full','Y',003,'003',NULL,'1200@localhost','','','',NULL,'',NULL,0,'','','','','','','','','','','','','','','','','','','','','','','','','','','','','','','','','','',NULL,'','','','','','','','','','','',010,'',NULL,NULL,000,'','','','','','','Y','Y','Y',NULL,'','','',NULL,'','',NULL,NULL,'','','Y','a:0:{}'),
	(0000001201,'','Cox','Macy','Macy','Cox, Macy','','F','1201','dcd57c0b2f61220eb93fa398ed746b99013d6c497a025073c6b1e937a2bcd8e5','','','N','Full','Y',003,'003',NULL,'1201@localhost','','','',NULL,'',NULL,0,'','','','','','','','','','','','','','','','','','','','','','','','','','','','','','','','','','',NULL,'','','','','','','','','','','',010,'',NULL,NULL,000,'','','','','','','Y','Y','Y',NULL,'','','',NULL,'','',NULL,NULL,'','','Y','a:0:{}'),
	(0000001202,'Ms.','Hernandez','Cynthia','Cynthia','Hernandez, Cynthia','','F','1202','dcd57c0b2f61220eb93fa398ed746b99013d6c497a025073c6b1e937a2bcd8e5','','','N','Full','Y',004,'004',NULL,'1202@localhost','','','',NULL,'',NULL,0,'','','','','','','','','','','','','','','','','','','','','','','','','','','','','','','','','','',NULL,'','','','','','','','','','','',NULL,'',NULL,NULL,NULL,'','','','','','','Y','Y','Y',NULL,'','','',NULL,'','',NULL,NULL,'','','Y','a:0:{}'),
	(0000001203,'Mr.','Cox','Trey','Trey','Cox, Trey','','M','1203','dcd57c0b2f61220eb93fa398ed746b99013d6c497a025073c6b1e937a2bcd8e5','','','N','Full','Y',004,'004',NULL,'1203@localhost','','','',NULL,'',NULL,0,'','','','','','','','','','','','','','','','','','','','','','','','','','','','','','','','','','',NULL,'','','','','','','','','','','',NULL,'',NULL,NULL,NULL,'','','','','','','Y','Y','Y',NULL,'','','',NULL,'','',NULL,NULL,'','','Y','a:0:{}'),
	(0000001204,'Ms.','Moon','Yazmin','Yazmin','Moon, Yazmin','','F','1204','dcd57c0b2f61220eb93fa398ed746b99013d6c497a025073c6b1e937a2bcd8e5','','','N','Full','Y',003,'003',NULL,'1204@localhost','','','',NULL,'',NULL,0,'','','','','','','','','','','','','','','','','','','','','','','','','','','','','','','','','','',NULL,'','','','','','','','','','','',009,'',NULL,NULL,000,'','','','','','','Y','Y','Y',NULL,'','','',NULL,'','',NULL,NULL,'','','Y','a:0:{}'),
	(0000001205,'Mrs.','David','Ashly','Ashly','David, Ashly','','F','1205','dcd57c0b2f61220eb93fa398ed746b99013d6c497a025073c6b1e937a2bcd8e5','','','N','Full','Y',004,'004',NULL,'1205@localhost','','','',NULL,'',NULL,0,'','','','','','','','','','','','','','','','','','','','','','','','','','','','','','','','','','',NULL,'','','','','','','','','','','',NULL,'',NULL,NULL,NULL,'','','','','','','Y','Y','Y',NULL,'','','',NULL,'','',NULL,NULL,'','','Y','a:0:{}'),
	(0000001206,'Mrs.','Valentine','Chloe','Chloe','Valentine, Chloe','','F','1206','dcd57c0b2f61220eb93fa398ed746b99013d6c497a025073c6b1e937a2bcd8e5','','','N','Full','Y',004,'004',NULL,'1206@localhost','','','',NULL,'',NULL,0,'','','','','','','','','','','','','','','','','','','','','','','','','','','','','','','','','','',NULL,'','','','','','','','','','','',NULL,'',NULL,NULL,NULL,'','','','','','','Y','Y','Y',NULL,'','','',NULL,'','',NULL,NULL,'','','Y','a:0:{}'),
	(0000001207,'Miss','Valentine','Natalya','Natalya','Valentine, Natalya','','F','1207','dcd57c0b2f61220eb93fa398ed746b99013d6c497a025073c6b1e937a2bcd8e5','','','N','Full','Y',003,'003',NULL,'1207@localhost','','','',NULL,'',NULL,0,'','','','','','','','','','','','','','','','','','','','','','','','','','','','','','','','','','',NULL,'','','','','','','','','','','',011,'',NULL,NULL,000,'','','','','','','Y','Y','Y',NULL,'','','',NULL,'','',NULL,NULL,'','','Y','a:0:{}'),
	(0000001208,'Ms.','Hopkins','Tianna','Tianna','Hopkins, Tianna','','F','1208','dcd57c0b2f61220eb93fa398ed746b99013d6c497a025073c6b1e937a2bcd8e5','','','N','Full','Y',004,'004',NULL,'1208@localhost','','','',NULL,'',NULL,0,'','','','','','','','','','','','','','','','','','','','','','','','','','','','','','','','','','',NULL,'','','','','','','','','','','',NULL,'',NULL,NULL,NULL,'','','','','','','Y','Y','Y',NULL,'','','',NULL,'','',NULL,NULL,'','','Y','a:0:{}'),
	(0000001209,'Mr.','Valentine','Drake','Drake','Valentine, Drake','','M','1209','dcd57c0b2f61220eb93fa398ed746b99013d6c497a025073c6b1e937a2bcd8e5','','','N','Full','Y',004,'004',NULL,'1209@localhost','','','',NULL,'',NULL,0,'','','','','','','','','','','','','','','','','','','','','','','','','','','','','','','','','','',NULL,'','','','','','','','','','','',NULL,'',NULL,NULL,NULL,'','','','','','','Y','Y','Y',NULL,'','','',NULL,'','',NULL,NULL,'','','Y','a:0:{}'),
	(0000001214,'Mr.','Crosby','Zane','Zane','Crosby, Zane','','M','1214','dcd57c0b2f61220eb93fa398ed746b99013d6c497a025073c6b1e937a2bcd8e5','','','N','Full','Y',003,'003',NULL,'1214@localhost','','','',NULL,'',NULL,0,'','','','','','','','','','','','','','','','','','','','','','','','','','','','','','','','','','',NULL,'','','','','','','','','','','',009,'',NULL,NULL,000,'','','','','','','Y','Y','Y',NULL,'','','',NULL,'','',NULL,NULL,'','','Y','a:0:{}'),
	(0000001215,'Dr.','Crosby','Lennon','Lennon','Crosby, Lennon','','M','1215','dcd57c0b2f61220eb93fa398ed746b99013d6c497a025073c6b1e937a2bcd8e5','','','N','Full','Y',004,'004',NULL,'1215@localhost','','','',NULL,'',NULL,0,'','','','','','','','','','','','','','','','','','','','','','','','','','','','','','','','','','',NULL,'','','','','','','','','','','',NULL,'',NULL,NULL,NULL,'','','','','','','Y','Y','Y',NULL,'','','',NULL,'','',NULL,NULL,'','','Y','a:0:{}'),
	(0000001216,'Ms.','Rice','Destiney','Destiney','Rice, Destiney','','F','1216','dcd57c0b2f61220eb93fa398ed746b99013d6c497a025073c6b1e937a2bcd8e5','','','N','Full','Y',004,'004',NULL,'1216@localhost','','','',NULL,'',NULL,0,'','','','','','','','','','','','','','','','','','','','','','','','','','','','','','','','','','',NULL,'','','','','','','','','','','',NULL,'',NULL,NULL,NULL,'','','','','','','Y','Y','Y',NULL,'','','',NULL,'','',NULL,NULL,'','','Y','a:0:{}'),
	(0000001222,'','Rush','Jazmyn','Jazmyn','Rush, Jazmyn','','F','1222','dcd57c0b2f61220eb93fa398ed746b99013d6c497a025073c6b1e937a2bcd8e5','','','N','Full','Y',003,'003',NULL,'1222@localhost','','','',NULL,'',NULL,0,'','','','','','','','','','','','','','','','','','','','','','','','','','','','','','','','','','',NULL,'','','','','','','','','','','',009,'',NULL,NULL,000,'','','','','','','Y','Y','Y',NULL,'','','',NULL,'','',NULL,NULL,'','','Y','a:0:{}'),
	(0000001223,'Ms.','Ritter','Aurora','Aurora','Ritter, Aurora','','F','1223','dcd57c0b2f61220eb93fa398ed746b99013d6c497a025073c6b1e937a2bcd8e5','','','N','Full','Y',004,'004',NULL,'1223@localhost','','','',NULL,'',NULL,0,'','','','','','','','','','','','','','','','','','','','','','','','','','','','','','','','','','',NULL,'','','','','','','','','','','',NULL,'',NULL,NULL,NULL,'','','','','','','Y','Y','Y',NULL,'','','',NULL,'','',NULL,NULL,'','','Y','a:0:{}'),
	(0000001224,'Mr.','Rush','Emmalee','Emmalee','Rush, Emmalee','','M','1224','dcd57c0b2f61220eb93fa398ed746b99013d6c497a025073c6b1e937a2bcd8e5','','','N','Full','Y',004,'004',NULL,'1224@localhost','','','',NULL,'',NULL,0,'','','','','','','','','','','','','','','','','','','','','','','','','','','','','','','','','','',NULL,'','','','','','','','','','','',NULL,'',NULL,NULL,NULL,'','','','','','','Y','Y','Y',NULL,'','','',NULL,'','',NULL,NULL,'','','Y','a:0:{}'),
	(0000001226,'Mr.','Blevins','Mohammed','Mohammed','Blevins, Mohammed','','M','1226','dcd57c0b2f61220eb93fa398ed746b99013d6c497a025073c6b1e937a2bcd8e5','','','N','Full','Y',003,'003',NULL,'1226@localhost','','','',NULL,'',NULL,0,'','','','','','','','','','','','','','','','','','','','','','','','','','','','','','','','','','',NULL,'','','','','','','','','','','',009,'',NULL,NULL,000,'','','','','','','Y','Y','Y',NULL,'','','',NULL,'','',NULL,NULL,'','','Y','a:0:{}'),
	(0000001233,'','Mcintosh','Ethan','Ethan','Mcintosh, Ethan','','M','1233','dcd57c0b2f61220eb93fa398ed746b99013d6c497a025073c6b1e937a2bcd8e5','','','N','Full','Y',003,'003',NULL,'1233@localhost','','','',NULL,'',NULL,0,'','','','','','','','','','','','','','','','','','','','','','','','','','','','','','','','','','',NULL,'','','','','','','','','','','',010,'',NULL,NULL,000,'','','','','','','Y','Y','Y',NULL,'','','',NULL,'','',NULL,NULL,'','','Y','a:0:{}'),
	(0000001234,'Mrs.','Mcintosh','Yamilet','Yamilet','Mcintosh, Yamilet','','F','1234','dcd57c0b2f61220eb93fa398ed746b99013d6c497a025073c6b1e937a2bcd8e5','','','N','Full','Y',004,'004',NULL,'1234@localhost','','','',NULL,'',NULL,0,'','','','','','','','','','','','','','','','','','','','','','','','','','','','','','','','','','',NULL,'','','','','','','','','','','',NULL,'',NULL,NULL,NULL,'','','','','','','Y','Y','Y',NULL,'','','',NULL,'','',NULL,NULL,'','','Y','a:0:{}'),
	(0000001235,'Mr.','Mcintosh','Danna','Danna','Mcintosh, Danna','','M','1235','dcd57c0b2f61220eb93fa398ed746b99013d6c497a025073c6b1e937a2bcd8e5','','','N','Full','Y',004,'004',NULL,'1235@localhost','','','',NULL,'',NULL,0,'','','','','','','','','','','','','','','','','','','','','','','','','','','','','','','','','','',NULL,'','','','','','','','','','','',NULL,'',NULL,NULL,NULL,'','','','','','','Y','Y','Y',NULL,'','','',NULL,'','',NULL,NULL,'','','Y','a:0:{}'),
	(0000001236,'','Simpson','Aaron','Aaron','Simpson, Aaron','','M','1236','dcd57c0b2f61220eb93fa398ed746b99013d6c497a025073c6b1e937a2bcd8e5','','','N','Full','Y',003,'003',NULL,'1236@localhost','','','',NULL,'',NULL,0,'','','','','','','','','','','','','','','','','','','','','','','','','','','','','','','','','','',NULL,'','','','','','','','','','','',011,'',NULL,NULL,000,'','','','','','','Y','Y','Y',NULL,'','','',NULL,'','',NULL,NULL,'','','Y','a:0:{}'),
	(0000001237,'Miss','Pearson','Nevaeh','Nevaeh','Pearson, Nevaeh','','F','1237','dcd57c0b2f61220eb93fa398ed746b99013d6c497a025073c6b1e937a2bcd8e5','','','N','Full','Y',004,'004',NULL,'1237@localhost','','','',NULL,'',NULL,0,'','','','','','','','','','','','','','','','','','','','','','','','','','','','','','','','','','',NULL,'','','','','','','','','','','',NULL,'',NULL,NULL,NULL,'','','','','','','Y','Y','Y',NULL,'','','',NULL,'','',NULL,NULL,'','','Y','a:0:{}'),
	(0000001238,'Mr.','Simpson','Efrain','Efrain','Simpson, Efrain','','M','1238','dcd57c0b2f61220eb93fa398ed746b99013d6c497a025073c6b1e937a2bcd8e5','','','N','Full','Y',004,'004',NULL,'1238@localhost','','','',NULL,'',NULL,0,'','','','','','','','','','','','','','','','','','','','','','','','','','','','','','','','','','',NULL,'','','','','','','','','','','',NULL,'',NULL,NULL,NULL,'','','','','','','Y','Y','Y',NULL,'','','',NULL,'','',NULL,NULL,'','','Y','a:0:{}'),
	(0000001242,'Mr.','Santiago','Brycen','Brycen','Santiago, Brycen','','M','1242','dcd57c0b2f61220eb93fa398ed746b99013d6c497a025073c6b1e937a2bcd8e5','','','N','Full','Y',003,'003',NULL,'1242@localhost','','','',NULL,'',NULL,0,'','','','','','','','','','','','','','','','','','','','','','','','','','','','','','','','','','',NULL,'','','','','','','','','','','',011,'',NULL,NULL,000,'','','','','','','Y','Y','Y',NULL,'','','',NULL,'','',NULL,NULL,'','','Y','a:0:{}'),
	(0000001243,'Mr.','Santiago','Emmalee','Emmalee','Santiago, Emmalee','','M','1243','dcd57c0b2f61220eb93fa398ed746b99013d6c497a025073c6b1e937a2bcd8e5','','','N','Full','Y',004,'004',NULL,'1243@localhost','','','',NULL,'',NULL,0,'','','','','','','','','','','','','','','','','','','','','','','','','','','','','','','','','','',NULL,'','','','','','','','','','','',NULL,'',NULL,NULL,NULL,'','','','','','','Y','Y','Y',NULL,'','','',NULL,'','',NULL,NULL,'','','Y','a:0:{}'),
	(0000001244,'Ms.','Ellison','Elaina','Elaina','Ellison, Elaina','','F','1244','dcd57c0b2f61220eb93fa398ed746b99013d6c497a025073c6b1e937a2bcd8e5','','','N','Full','Y',004,'004',NULL,'1244@localhost','','','',NULL,'',NULL,0,'','','','','','','','','','','','','','','','','','','','','','','','','','','','','','','','','','',NULL,'','','','','','','','','','','',NULL,'',NULL,NULL,NULL,'','','','','','','Y','Y','Y',NULL,'','','',NULL,'','',NULL,NULL,'','','Y','a:0:{}'),
	(0000001245,'','Ellison','Zane','Zane','Ellison, Zane','','M','1245','dcd57c0b2f61220eb93fa398ed746b99013d6c497a025073c6b1e937a2bcd8e5','','','N','Full','Y',003,'003',NULL,'1245@localhost','','','',NULL,'',NULL,0,'','','','','','','','','','','','','','','','','','','','','','','','','','','','','','','','','','',NULL,'','','','','','','','','','','',010,'',NULL,NULL,000,'','','','','','','Y','Y','Y',NULL,'','','',NULL,'','',NULL,NULL,'','','Y','a:0:{}'),
	(0000001246,'Mr.','Ellison','Raiden','Raiden','Ellison, Raiden','','M','1246','dcd57c0b2f61220eb93fa398ed746b99013d6c497a025073c6b1e937a2bcd8e5','','','N','Full','Y',004,'004',NULL,'1246@localhost','','','',NULL,'',NULL,0,'','','','','','','','','','','','','','','','','','','','','','','','','','','','','','','','','','',NULL,'','','','','','','','','','','',NULL,'',NULL,NULL,NULL,'','','','','','','Y','Y','Y',NULL,'','','',NULL,'','',NULL,NULL,'','','Y','a:0:{}'),
	(0000001247,'Mrs.','Ellison','Krystal','Krystal','Ellison, Krystal','','F','1247','dcd57c0b2f61220eb93fa398ed746b99013d6c497a025073c6b1e937a2bcd8e5','','','N','Full','Y',004,'004',NULL,'1247@localhost','','','',NULL,'',NULL,0,'','','','','','','','','','','','','','','','','','','','','','','','','','','','','','','','','','',NULL,'','','','','','','','','','','',NULL,'',NULL,NULL,NULL,'','','','','','','Y','Y','Y',NULL,'','','',NULL,'','',NULL,NULL,'','','Y','a:0:{}'),
	(0000001251,'Mr.','Ellison','Luka','Luka','Ellison, Luka','','M','1251','dcd57c0b2f61220eb93fa398ed746b99013d6c497a025073c6b1e937a2bcd8e5','','','N','Full','Y',003,'003',NULL,'1251@localhost','','','',NULL,'',NULL,0,'','','','','','','','','','','','','','','','','','','','','','','','','','','','','','','','','','',NULL,'','','','','','','','','','','',009,'',NULL,NULL,000,'','','','','','','Y','Y','Y',NULL,'','','',NULL,'','',NULL,NULL,'','','Y','a:0:{}'),
	(0000001252,'Ms.','Hopkins','Chana','Chana','Hopkins, Chana','','F','1252','dcd57c0b2f61220eb93fa398ed746b99013d6c497a025073c6b1e937a2bcd8e5','','','N','Full','Y',004,'004',NULL,'1252@localhost','','','',NULL,'',NULL,0,'','','','','','','','','','','','','','','','','','','','','','','','','','','','','','','','','','',NULL,'','','','','','','','','','','',NULL,'',NULL,NULL,NULL,'','','','','','','Y','Y','Y',NULL,'','','',NULL,'','',NULL,NULL,'','','Y','a:0:{}'),
	(0000001253,'Mr.','Ellison','Hope','Hope','Ellison, Hope','','M','1253','dcd57c0b2f61220eb93fa398ed746b99013d6c497a025073c6b1e937a2bcd8e5','','','N','Full','Y',004,'004',NULL,'1253@localhost','','','',NULL,'',NULL,0,'','','','','','','','','','','','','','','','','','','','','','','','','','','','','','','','','','',NULL,'','','','','','','','','','','',NULL,'',NULL,NULL,NULL,'','','','','','','Y','Y','Y',NULL,'','','',NULL,'','',NULL,NULL,'','','Y','a:0:{}'),
	(0000001254,'Miss','York','Taniyah','Taniyah','York, Taniyah','','F','1254','dcd57c0b2f61220eb93fa398ed746b99013d6c497a025073c6b1e937a2bcd8e5','','','N','Full','Y',003,'003',NULL,'1254@localhost','','','',NULL,'',NULL,0,'','','','','','','','','','','','','','','','','','','','','','','','','','','','','','','','','','',NULL,'','','','','','','','','','','',010,'',NULL,NULL,000,'','','','','','','Y','Y','Y',NULL,'','','',NULL,'','',NULL,NULL,'','','Y','a:0:{}'),
	(0000001255,'Mrs.','York','Frida','Frida','York, Frida','','F','1255','dcd57c0b2f61220eb93fa398ed746b99013d6c497a025073c6b1e937a2bcd8e5','','','N','Full','Y',004,'004',NULL,'1255@localhost','','','',NULL,'',NULL,0,'','','','','','','','','','','','','','','','','','','','','','','','','','','','','','','','','','',NULL,'','','','','','','','','','','',NULL,'',NULL,NULL,NULL,'','','','','','','Y','Y','Y',NULL,'','','',NULL,'','',NULL,NULL,'','','Y','a:0:{}'),
	(0000001256,'Mr.','York','Bailey','Bailey','York, Bailey','','F','1256','dcd57c0b2f61220eb93fa398ed746b99013d6c497a025073c6b1e937a2bcd8e5','','','N','Full','Y',004,'004',NULL,'1256@localhost','','','',NULL,'',NULL,0,'','','','','','','','','','','','','','','','','','','','','','','','','','','','','','','','','','',NULL,'','','','','','','','','','','',NULL,'',NULL,NULL,NULL,'','','','','','','Y','Y','Y',NULL,'','','',NULL,'','',NULL,NULL,'','','Y','a:0:{}'),
	(0000001257,'','Solomon','Krystal','Krystal','Solomon, Krystal','','F','1257','dcd57c0b2f61220eb93fa398ed746b99013d6c497a025073c6b1e937a2bcd8e5','','','N','Full','Y',003,'003',NULL,'1257@localhost','','','',NULL,'',NULL,0,'','','','','','','','','','','','','','','','','','','','','','','','','','','','','','','','','','',NULL,'','','','','','','','','','','',011,'',NULL,NULL,000,'','','','','','','Y','Y','Y',NULL,'','','',NULL,'','',NULL,NULL,'','','Y','a:0:{}'),
	(0000001259,'Mr.','Mcconnell','Kadin','Kadin','Mcconnell, Kadin','','M','1259','dcd57c0b2f61220eb93fa398ed746b99013d6c497a025073c6b1e937a2bcd8e5','','','N','Full','Y',003,'003',NULL,'1259@localhost','','','',NULL,'',NULL,0,'','','','','','','','','','','','','','','','','','','','','','','','','','','','','','','','','','',NULL,'','','','','','','','','','','',010,'',NULL,NULL,000,'','','','','','','Y','Y','Y',NULL,'','','',NULL,'','',NULL,NULL,'','','Y','a:0:{}'),
	(0000001260,'Mr.','Mcconnell','Roselyn','Roselyn','Mcconnell, Roselyn','','M','1260','dcd57c0b2f61220eb93fa398ed746b99013d6c497a025073c6b1e937a2bcd8e5','','','N','Full','Y',004,'004',NULL,'1260@localhost','','','',NULL,'',NULL,0,'','','','','','','','','','','','','','','','','','','','','','','','','','','','','','','','','','',NULL,'','','','','','','','','','','',NULL,'',NULL,NULL,NULL,'','','','','','','Y','Y','Y',NULL,'','','',NULL,'','',NULL,NULL,'','','Y','a:0:{}'),
	(0000001261,'Ms.','Hebert','Mariah','Mariah','Hebert, Mariah','','F','1261','dcd57c0b2f61220eb93fa398ed746b99013d6c497a025073c6b1e937a2bcd8e5','','','N','Full','Y',004,'004',NULL,'1261@localhost','','','',NULL,'',NULL,0,'','','','','','','','','','','','','','','','','','','','','','','','','','','','','','','','','','',NULL,'','','','','','','','','','','',NULL,'',NULL,NULL,NULL,'','','','','','','Y','Y','Y',NULL,'','','',NULL,'','',NULL,NULL,'','','Y','a:0:{}'),
	(0000001263,'','Stephens','Bruce','Bruce','Stephens, Bruce','','M','1263','dcd57c0b2f61220eb93fa398ed746b99013d6c497a025073c6b1e937a2bcd8e5','','','N','Full','Y',003,'003',NULL,'1263@localhost','','','',NULL,'',NULL,0,'','','','','','','','','','','','','','','','','','','','','','','','','','','','','','','','','','',NULL,'','','','','','','','','','','',009,'',NULL,NULL,000,'','','','','','','Y','Y','Y',NULL,'','','',NULL,'','',NULL,NULL,'','','Y','a:0:{}'),
	(0000001264,'Mr.','Stephens','Wilson','Wilson','Stephens, Wilson','','M','1264','dcd57c0b2f61220eb93fa398ed746b99013d6c497a025073c6b1e937a2bcd8e5','','','N','Full','Y',004,'004',NULL,'1264@localhost','','','',NULL,'',NULL,0,'','','','','','','','','','','','','','','','','','','','','','','','','','','','','','','','','','',NULL,'','','','','','','','','','','',NULL,'',NULL,NULL,NULL,'','','','','','','Y','Y','Y',NULL,'','','',NULL,'','',NULL,NULL,'','','Y','a:0:{}'),
	(0000001265,'Mrs.','Stephens','Mariam','Mariam','Stephens, Mariam','','F','1265','dcd57c0b2f61220eb93fa398ed746b99013d6c497a025073c6b1e937a2bcd8e5','','','N','Full','Y',004,'004',NULL,'1265@localhost','','','',NULL,'',NULL,0,'','','','','','','','','','','','','','','','','','','','','','','','','','','','','','','','','','',NULL,'','','','','','','','','','','',NULL,'',NULL,NULL,NULL,'','','','','','','Y','Y','Y',NULL,'','','',NULL,'','',NULL,NULL,'','','Y','a:0:{}'),
	(0000001275,'','Ellison','Bailey','Bailey','Ellison, Bailey','','M','1275','dcd57c0b2f61220eb93fa398ed746b99013d6c497a025073c6b1e937a2bcd8e5','','','N','Full','Y',003,'003',NULL,'1275@localhost','','','',NULL,'',NULL,0,'','','','','','','','','','','','','','','','','','','','','','','','','','','','','','','','','','',NULL,'','','','','','','','','','','',009,'',NULL,NULL,000,'','','','','','','Y','Y','Y',NULL,'','','',NULL,'','',NULL,NULL,'','','Y','a:0:{}'),
	(0000001276,'Miss','Moody','Francesca','Francesca','Moody, Francesca','','F','1276','dcd57c0b2f61220eb93fa398ed746b99013d6c497a025073c6b1e937a2bcd8e5','','','N','Full','Y',003,'003',NULL,'1276@localhost','','','',NULL,'',NULL,0,'','','','','','','','','','','','','','','','','','','','','','','','','','','','','','','','','','',NULL,'','','','','','','','','','','',009,'',NULL,NULL,000,'','','','','','','Y','Y','Y',NULL,'','','',NULL,'','',NULL,NULL,'','','Y','a:0:{}'),
	(0000001277,'Mrs.','Moody','London','London','Moody, London','','F','1277','dcd57c0b2f61220eb93fa398ed746b99013d6c497a025073c6b1e937a2bcd8e5','','','N','Full','Y',004,'004',NULL,'1277@localhost','','','',NULL,'',NULL,0,'','','','','','','','','','','','','','','','','','','','','','','','','','','','','','','','','','',NULL,'','','','','','','','','','','',NULL,'',NULL,NULL,NULL,'','','','','','','Y','Y','Y',NULL,'','','',NULL,'','',NULL,NULL,'','','Y','a:0:{}'),
	(0000001278,'Mr.','Moody','Donte','Donte','Moody, Donte','','M','1278','dcd57c0b2f61220eb93fa398ed746b99013d6c497a025073c6b1e937a2bcd8e5','','','N','Full','Y',004,'004',NULL,'1278@localhost','','','',NULL,'',NULL,0,'','','','','','','','','','','','','','','','','','','','','','','','','','','','','','','','','','',NULL,'','','','','','','','','','','',NULL,'',NULL,NULL,NULL,'','','','','','','Y','Y','Y',NULL,'','','',NULL,'','',NULL,NULL,'','','Y','a:0:{}'),
	(0000001288,'Mr.','Lang','Dante','Dante','Lang, Dante','','M','1288','dcd57c0b2f61220eb93fa398ed746b99013d6c497a025073c6b1e937a2bcd8e5','','','N','Full','Y',003,'003',NULL,'1288@localhost','','','',NULL,'',NULL,0,'','','','','','','','','','','','','','','','','','','','','','','','','','','','','','','','','','',NULL,'','','','','','','','','','','',010,'',NULL,NULL,000,'','','','','','','Y','Y','Y',NULL,'','','',NULL,'','',NULL,NULL,'','','Y','a:0:{}'),
	(0000001289,'Mr.','Lang','Alexis','Alexis','Lang, Alexis','','M','1289','dcd57c0b2f61220eb93fa398ed746b99013d6c497a025073c6b1e937a2bcd8e5','','','N','Full','Y',004,'004',NULL,'1289@localhost','','','',NULL,'',NULL,0,'','','','','','','','','','','','','','','','','','','','','','','','','','','','','','','','','','',NULL,'','','','','','','','','','','',NULL,'',NULL,NULL,NULL,'','','','','','','Y','Y','Y',NULL,'','','',NULL,'','',NULL,NULL,'','','Y','a:0:{}'),
	(0000001290,'Mrs.','Avery','Karsyn','Karsyn','Avery, Karsyn','','F','1290','dcd57c0b2f61220eb93fa398ed746b99013d6c497a025073c6b1e937a2bcd8e5','','','N','Full','Y',004,'004',NULL,'1290@localhost','','','',NULL,'',NULL,0,'','','','','','','','','','','','','','','','','','','','','','','','','','','','','','','','','','',NULL,'','','','','','','','','','','',NULL,'',NULL,NULL,NULL,'','','','','','','Y','Y','Y',NULL,'','','',NULL,'','',NULL,NULL,'','','Y','a:0:{}'),
	(0000001291,'','Ellison','Olivia','Olivia','Ellison, Olivia','','F','1291','dcd57c0b2f61220eb93fa398ed746b99013d6c497a025073c6b1e937a2bcd8e5','','','N','Full','Y',003,'003',NULL,'1291@localhost','','','',NULL,'',NULL,0,'','','','','','','','','','','','','','','','','','','','','','','','','','','','','','','','','','',NULL,'','','','','','','','','','','',009,'',NULL,NULL,000,'','','','','','','Y','Y','Y',NULL,'','','',NULL,'','',NULL,NULL,'','','Y','a:0:{}'),
	(0000001292,'Mrs.','Hurley','Olivia','Olivia','Hurley, Olivia','','F','1292','dcd57c0b2f61220eb93fa398ed746b99013d6c497a025073c6b1e937a2bcd8e5','','','N','Full','Y',004,'004',NULL,'1292@localhost','','','',NULL,'',NULL,0,'','','','','','','','','','','','','','','','','','','','','','','','','','','','','','','','','','',NULL,'','','','','','','','','','','',NULL,'',NULL,NULL,NULL,'','','','','','','Y','Y','Y',NULL,'','','',NULL,'','',NULL,NULL,'','','Y','a:0:{}'),
	(0000001293,'Mr.','Ellison','Heath','Heath','Ellison, Heath','','M','1293','dcd57c0b2f61220eb93fa398ed746b99013d6c497a025073c6b1e937a2bcd8e5','','','N','Full','Y',004,'004',NULL,'1293@localhost','','','',NULL,'',NULL,0,'','','','','','','','','','','','','','','','','','','','','','','','','','','','','','','','','','',NULL,'','','','','','','','','','','',NULL,'',NULL,NULL,NULL,'','','','','','','Y','Y','Y',NULL,'','','',NULL,'','',NULL,NULL,'','','Y','a:0:{}'),
	(0000001313,'','Jarvis','Rylee','Rylee','Jarvis, Rylee','','F','1313','dcd57c0b2f61220eb93fa398ed746b99013d6c497a025073c6b1e937a2bcd8e5','','','N','Full','Y',003,'003',NULL,'1313@localhost','','','',NULL,'',NULL,0,'','','','','','','','','','','','','','','','','','','','','','','','','','','','','','','','','','',NULL,'','','','','','','','','','','',009,'',NULL,NULL,000,'','','','','','','Y','Y','Y',NULL,'','','',NULL,'','',NULL,NULL,'','','Y','a:0:{}'),
	(0000001314,'Ms.','Stevenson','Kylie','Kylie','Stevenson, Kylie','','F','1314','dcd57c0b2f61220eb93fa398ed746b99013d6c497a025073c6b1e937a2bcd8e5','','','N','Full','Y',004,'004',NULL,'1314@localhost','','','',NULL,'',NULL,0,'','','','','','','','','','','','','','','','','','','','','','','','','','','','','','','','','','',NULL,'','','','','','','','','','','',NULL,'',NULL,NULL,NULL,'','','','','','','Y','Y','Y',NULL,'','','',NULL,'','',NULL,NULL,'','','Y','a:0:{}'),
	(0000001315,'Mr.','Jarvis','Jamarcus','Jamarcus','Jarvis, Jamarcus','','M','1315','dcd57c0b2f61220eb93fa398ed746b99013d6c497a025073c6b1e937a2bcd8e5','','','N','Full','Y',004,'004',NULL,'1315@localhost','','','',NULL,'',NULL,0,'','','','','','','','','','','','','','','','','','','','','','','','','','','','','','','','','','',NULL,'','','','','','','','','','','',NULL,'',NULL,NULL,NULL,'','','','','','','Y','Y','Y',NULL,'','','',NULL,'','',NULL,NULL,'','','Y','a:0:{}'),
	(0000001316,'Miss','Bryant','Mikayla','Mikayla','Bryant, Mikayla','','F','1316','dcd57c0b2f61220eb93fa398ed746b99013d6c497a025073c6b1e937a2bcd8e5','','','N','Full','Y',003,'003',NULL,'1316@localhost','','','',NULL,'',NULL,0,'','','','','','','','','','','','','','','','','','','','','','','','','','','','','','','','','','',NULL,'','','','','','','','','','','',010,'',NULL,NULL,000,'','','','','','','Y','Y','Y',NULL,'','','',NULL,'','',NULL,NULL,'','','Y','a:0:{}'),
	(0000001317,'Mrs.','Bryant','Emely','Emely','Bryant, Emely','','F','1317','dcd57c0b2f61220eb93fa398ed746b99013d6c497a025073c6b1e937a2bcd8e5','','','N','Full','Y',004,'004',NULL,'1317@localhost','','','',NULL,'',NULL,0,'','','','','','','','','','','','','','','','','','','','','','','','','','','','','','','','','','',NULL,'','','','','','','','','','','',NULL,'',NULL,NULL,NULL,'','','','','','','Y','Y','Y',NULL,'','','',NULL,'','',NULL,NULL,'','','Y','a:0:{}'),
	(0000001318,'Dr.','Bryant','Bryson','Bryson','Bryant, Bryson','','M','1318','dcd57c0b2f61220eb93fa398ed746b99013d6c497a025073c6b1e937a2bcd8e5','','','N','Full','Y',004,'004',NULL,'1318@localhost','','','',NULL,'',NULL,0,'','','','','','','','','','','','','','','','','','','','','','','','','','','','','','','','','','',NULL,'','','','','','','','','','','',NULL,'',NULL,NULL,NULL,'','','','','','','Y','Y','Y',NULL,'','','',NULL,'','',NULL,NULL,'','','Y','a:0:{}'),
	(0000001322,'','Simpson','Malachi','Malachi','Simpson, Malachi','','M','1322','dcd57c0b2f61220eb93fa398ed746b99013d6c497a025073c6b1e937a2bcd8e5','','','N','Full','Y',003,'003',NULL,'1322@localhost','','','',NULL,'',NULL,0,'','','','','','','','','','','','','','','','','','','','','','','','','','','','','','','','','','',NULL,'','','','','','','','','','','',010,'',NULL,NULL,000,'','','','','','','Y','Y','Y',NULL,'','','',NULL,'','',NULL,NULL,'','','Y','a:0:{}'),
	(0000001323,'Ms.','Gallagher','Jazlene','Jazlene','Gallagher, Jazlene','','F','1323','dcd57c0b2f61220eb93fa398ed746b99013d6c497a025073c6b1e937a2bcd8e5','','','N','Full','Y',004,'004',NULL,'1323@localhost','','','',NULL,'',NULL,0,'','','','','','','','','','','','','','','','','','','','','','','','','','','','','','','','','','',NULL,'','','','','','','','','','','',NULL,'',NULL,NULL,NULL,'','','','','','','Y','Y','Y',NULL,'','','',NULL,'','',NULL,NULL,'','','Y','a:0:{}'),
	(0000001324,'Mr.','Simpson','Alan','Alan','Simpson, Alan','','M','1324','dcd57c0b2f61220eb93fa398ed746b99013d6c497a025073c6b1e937a2bcd8e5','','','N','Full','Y',004,'004',NULL,'1324@localhost','','','',NULL,'',NULL,0,'','','','','','','','','','','','','','','','','','','','','','','','','','','','','','','','','','',NULL,'','','','','','','','','','','',NULL,'',NULL,NULL,NULL,'','','','','','','Y','Y','Y',NULL,'','','',NULL,'','',NULL,NULL,'','','Y','a:0:{}'),
	(0000001333,'Mr.','Wells','Annika','Annika','Wells, Annika','','M','1333','dcd57c0b2f61220eb93fa398ed746b99013d6c497a025073c6b1e937a2bcd8e5','','','N','Full','Y',004,'004',NULL,'1333@localhost','','','',NULL,'',NULL,0,'','','','','','','','','','','','','','','','','','','','','','','','','','','','','','','','','','',NULL,'','','','','','','','','','','',NULL,'',NULL,NULL,NULL,'','','','','','','Y','Y','Y',NULL,'','','',NULL,'','',NULL,NULL,'','','Y','a:0:{}'),
	(0000001334,'Ms.','Hall','Jamison','Jamison','Hall, Jamison','','M','1334','dcd57c0b2f61220eb93fa398ed746b99013d6c497a025073c6b1e937a2bcd8e5','','','N','Full','Y',004,'004',NULL,'1334@localhost','','','',NULL,'',NULL,0,'','','','','','','','','','','','','','','','','','','','','','','','','','','','','','','','','','',NULL,'','','','','','','','','','','',NULL,'',NULL,NULL,NULL,'','','','','','','Y','Y','Y',NULL,'','','',NULL,'','',NULL,NULL,'','','Y','a:0:{}'),
	(0000001336,'Mr.','Lewis','Laila','Laila','Lewis, Laila','','M','1336','dcd57c0b2f61220eb93fa398ed746b99013d6c497a025073c6b1e937a2bcd8e5','','','Y','Full','N',030,'030',NULL,'1336@localhost','','','',NULL,'',NULL,0,'','','','','','','','','','','','','','','','','','','','','','','','','','','','','','','','','','',NULL,'','','','','','','','','','','',NULL,'',NULL,NULL,NULL,'','','','','','','Y','Y','Y',NULL,'','','',NULL,'','',NULL,NULL,'','','Y','a:0:{}'),
	(0000001337,'Mr.','Hopkins','Alivia','Alivia','Hopkins, Alivia','','M','1337','dcd57c0b2f61220eb93fa398ed746b99013d6c497a025073c6b1e937a2bcd8e5','','','Y','Full','N',030,'030',NULL,'1337@localhost','','','',NULL,'',NULL,0,'','','','','','','','','','','','','','','','','','','','','','','','','','','','','','','','','','',NULL,'','','','','','','','','','','',NULL,'',NULL,NULL,NULL,'','','','','','','Y','Y','Y',NULL,'','','',NULL,'','',NULL,NULL,'','','Y','a:0:{}'),
	(0000001338,'','Barker','Todd','Todd','Barker, Todd','','M','1338','dcd57c0b2f61220eb93fa398ed746b99013d6c497a025073c6b1e937a2bcd8e5','','','Y','Full','N',030,'030',NULL,'1338@localhost','','','',NULL,'',NULL,0,'','','','','','','','','','','','','','','','','','','','','','','','','','','','','','','','','','',NULL,'','','','','','','','','','','',NULL,'',NULL,NULL,NULL,'','','','','','','Y','Y','Y',NULL,'','','',NULL,'','',NULL,NULL,'','','Y','a:0:{}'),
	(0000001339,'','Vargas','James','James','Vargas, James','','M','1339','dcd57c0b2f61220eb93fa398ed746b99013d6c497a025073c6b1e937a2bcd8e5','','','Y','Full','N',030,'030',NULL,'1339@localhost','','','',NULL,'',NULL,0,'','','','','','','','','','','','','','','','','','','','','','','','','','','','','','','','','','',NULL,'','','','','','','','','','','',NULL,'',NULL,NULL,NULL,'','','','','','','Y','Y','Y',NULL,'','','',NULL,'','',NULL,NULL,'','','Y','a:0:{}'),
	(0000001340,'','Payne','Sandra','Sandra','Payne, Sandra','','F','1340','dcd57c0b2f61220eb93fa398ed746b99013d6c497a025073c6b1e937a2bcd8e5','','','Y','Full','N',030,'030',NULL,'1340@localhost','','','',NULL,'',NULL,0,'','','','','','','','','','','','','','','','','','','','','','','','','','','','','','','','','','',NULL,'','','','','','','','','','','',NULL,'',NULL,NULL,NULL,'','','','','','','Y','Y','Y',NULL,'','','',NULL,'','',NULL,NULL,'','','Y','a:0:{}'),
	(0000001341,'','Wiley','Rhett','Rhett','Wiley, Rhett','','M','1341','dcd57c0b2f61220eb93fa398ed746b99013d6c497a025073c6b1e937a2bcd8e5','','','Y','Full','N',030,'030',NULL,'1341@localhost','','','',NULL,'',NULL,0,'','','','','','','','','','','','','','','','','','','','','','','','','','','','','','','','','','',NULL,'','','','','','','','','','','',NULL,'',NULL,NULL,NULL,'','','','','','','Y','Y','Y',NULL,'','','',NULL,'','',NULL,NULL,'','','Y','a:0:{}'),
	(0000001342,'','Hopkins','Molly','Molly','Hopkins, Molly','','F','1342','dcd57c0b2f61220eb93fa398ed746b99013d6c497a025073c6b1e937a2bcd8e5','','','Y','Full','N',030,'030',NULL,'1342@localhost','','','',NULL,'',NULL,0,'','','','','','','','','','','','','','','','','','','','','','','','','','','','','','','','','','',NULL,'','','','','','','','','','','',NULL,'',NULL,NULL,NULL,'','','','','','','Y','Y','Y',NULL,'','','',NULL,'','',NULL,NULL,'','','Y','a:0:{}'),
	(0000001343,'','Costa','Eugene','Eugene','Costa, Eugene','','M','1343','dcd57c0b2f61220eb93fa398ed746b99013d6c497a025073c6b1e937a2bcd8e5','','','Y','Full','N',030,'030',NULL,'1343@localhost','','','',NULL,'',NULL,0,'','','','','','','','','','','','','','','','','','','','','','','','','','','','','','','','','','',NULL,'','','','','','','','','','','',NULL,'',NULL,NULL,NULL,'','','','','','','Y','Y','Y',NULL,'','','',NULL,'','',NULL,NULL,'','','Y','a:0:{}'),
	(0000001344,'','Gallagher','Ashanti','Ashanti','Gallagher, Ashanti','','F','1344','dcd57c0b2f61220eb93fa398ed746b99013d6c497a025073c6b1e937a2bcd8e5','','','Y','Full','N',030,'030',NULL,'1344@localhost','','','',NULL,'',NULL,0,'','','','','','','','','','','','','','','','','','','','','','','','','','','','','','','','','','',NULL,'','','','','','','','','','','',NULL,'',NULL,NULL,NULL,'','','','','','','Y','Y','Y',NULL,'','','',NULL,'','',NULL,NULL,'','','Y','a:0:{}'),
	(0000001345,'','Watson','Triston','Triston','Watson, Triston','','M','1345','dcd57c0b2f61220eb93fa398ed746b99013d6c497a025073c6b1e937a2bcd8e5','','','N','Full','Y',003,'003',NULL,'1345@localhost','','','',NULL,'',NULL,0,'','','','','','','','','','','','','','','','','','','','','','','','','','','','','','','','','','',NULL,'','','','','','','','','','','',009,'',NULL,NULL,000,'','','','','','','Y','Y','Y',NULL,'','','',NULL,'','',NULL,NULL,'','','Y','a:0:{}'),
	(0000001346,'Mrs.','Ballard','Esther','Esther','Ballard, Esther','','F','1346','dcd57c0b2f61220eb93fa398ed746b99013d6c497a025073c6b1e937a2bcd8e5','','','N','Full','Y',004,'004',NULL,'1346@localhost','','','',NULL,'',NULL,0,'','','','','','','','','','','','','','','','','','','','','','','','','','','','','','','','','','',NULL,'','','','','','','','','','','',NULL,'',NULL,NULL,NULL,'','','','','','','Y','Y','Y',NULL,'','','',NULL,'','',NULL,NULL,'','','Y','a:0:{}'),
	(0000001347,'Mr.','Watson','Demetrius','Demetrius','Watson, Demetrius','','M','1347','dcd57c0b2f61220eb93fa398ed746b99013d6c497a025073c6b1e937a2bcd8e5','','','N','Full','Y',004,'004',NULL,'1347@localhost','','','',NULL,'',NULL,0,'','','','','','','','','','','','','','','','','','','','','','','','','','','','','','','','','','',NULL,'','','','','','','','','','','',NULL,'',NULL,NULL,NULL,'','','','','','','Y','Y','Y',NULL,'','','',NULL,'','',NULL,NULL,'','','Y','a:0:{}'),
	(0000001349,'Mrs.','Ballard','Esther','Esther','Ballard, Esther','','F','1349','dcd57c0b2f61220eb93fa398ed746b99013d6c497a025073c6b1e937a2bcd8e5','','','N','Full','Y',004,'004',NULL,'1349@localhost','','','',NULL,'',NULL,0,'','','','','','','','','','','','','','','','','','','','','','','','','','','','','','','','','','',NULL,'','','','','','','','','','','',NULL,'',NULL,NULL,NULL,'','','','','','','Y','Y','Y',NULL,'','','',NULL,'','',NULL,NULL,'','','Y','a:0:{}'),
	(0000001352,'Miss','Frye','Krista','Krista','Frye, Krista','','F','1352','dcd57c0b2f61220eb93fa398ed746b99013d6c497a025073c6b1e937a2bcd8e5','','','N','Full','Y',003,'003',NULL,'1352@localhost','','','',NULL,'',NULL,0,'','','','','','','','','','','','','','','','','','','','','','','','','','','','','','','','','','',NULL,'','','','','','','','','','','',011,'',NULL,NULL,000,'','','','','','','Y','Y','Y',NULL,'','','',NULL,'','',NULL,NULL,'','','Y','a:0:{}'),
	(0000001353,'Ms.','Ellison','Kylie','Kylie','Ellison, Kylie','','F','1353','dcd57c0b2f61220eb93fa398ed746b99013d6c497a025073c6b1e937a2bcd8e5','','','N','Full','Y',004,'004',NULL,'1353@localhost','','','',NULL,'',NULL,0,'','','','','','','','','','','','','','','','','','','','','','','','','','','','','','','','','','',NULL,'','','','','','','','','','','',NULL,'',NULL,NULL,NULL,'','','','','','','Y','Y','Y',NULL,'','','',NULL,'','',NULL,NULL,'','','Y','a:0:{}'),
	(0000001354,'Mr.','Frye','Camilla','Camilla','Frye, Camilla','','M','1354','dcd57c0b2f61220eb93fa398ed746b99013d6c497a025073c6b1e937a2bcd8e5','','','N','Full','Y',004,'004',NULL,'1354@localhost','','','',NULL,'',NULL,0,'','','','','','','','','','','','','','','','','','','','','','','','','','','','','','','','','','',NULL,'','','','','','','','','','','',NULL,'',NULL,NULL,NULL,'','','','','','','Y','Y','Y',NULL,'','','',NULL,'','',NULL,NULL,'','','Y','a:0:{}'),
	(0000001355,'Miss','Rice','Ashlee','Ashlee','Rice, Ashlee','','F','1355','dcd57c0b2f61220eb93fa398ed746b99013d6c497a025073c6b1e937a2bcd8e5','','','N','Full','Y',003,'003',NULL,'1355@localhost','','','',NULL,'',NULL,0,'','','','','','','','','','','','','','','','','','','','','','','','','','','','','','','','','','',NULL,'','','','','','','','','','','',011,'',NULL,NULL,000,'','','','','','','Y','Y','Y',NULL,'','','',NULL,'','',NULL,NULL,'','','Y','a:0:{}'),
	(0000001356,'Ms.','Gallagher','Frida','Frida','Gallagher, Frida','','F','1356','dcd57c0b2f61220eb93fa398ed746b99013d6c497a025073c6b1e937a2bcd8e5','','','N','Full','Y',004,'004',NULL,'1356@localhost','','','',NULL,'',NULL,0,'','','','','','','','','','','','','','','','','','','','','','','','','','','','','','','','','','',NULL,'','','','','','','','','','','',NULL,'',NULL,NULL,NULL,'','','','','','','Y','Y','Y',NULL,'','','',NULL,'','',NULL,NULL,'','','Y','a:0:{}'),
	(0000001357,'Mr.','Rice','Donte','Donte','Rice, Donte','','M','1357','dcd57c0b2f61220eb93fa398ed746b99013d6c497a025073c6b1e937a2bcd8e5','','','N','Full','Y',004,'004',NULL,'1357@localhost','','','',NULL,'',NULL,0,'','','','','','','','','','','','','','','','','','','','','','','','','','','','','','','','','','',NULL,'','','','','','','','','','','',NULL,'',NULL,NULL,NULL,'','','','','','','Y','Y','Y',NULL,'','','',NULL,'','',NULL,NULL,'','','Y','a:0:{}'),
	(0000001358,'','Ellison','Zane','Zane','Ellison, Zane','','M','1358','dcd57c0b2f61220eb93fa398ed746b99013d6c497a025073c6b1e937a2bcd8e5','','','N','Full','Y',003,'003',NULL,'1358@localhost','','','',NULL,'',NULL,0,'','','','','','','','','','','','','','','','','','','','','','','','','','','','','','','','','','',NULL,'','','','','','','','','','','',010,'',NULL,NULL,000,'','','','','','','Y','Y','Y',NULL,'','','',NULL,'','',NULL,NULL,'','','Y','a:0:{}'),
	(0000001359,'Ms.','Dougherty','Daisy','Daisy','Dougherty, Daisy','','F','1359','dcd57c0b2f61220eb93fa398ed746b99013d6c497a025073c6b1e937a2bcd8e5','','','N','Full','Y',004,'004',NULL,'1359@localhost','','','',NULL,'',NULL,0,'','','','','','','','','','','','','','','','','','','','','','','','','','','','','','','','','','',NULL,'','','','','','','','','','','',NULL,'',NULL,NULL,NULL,'','','','','','','Y','Y','Y',NULL,'','','',NULL,'','',NULL,NULL,'','','Y','a:0:{}'),
	(0000001360,'Mr.','Ellison','America','America','Ellison, America','','M','1360','dcd57c0b2f61220eb93fa398ed746b99013d6c497a025073c6b1e937a2bcd8e5','','','N','Full','Y',004,'004',NULL,'1360@localhost','','','',NULL,'',NULL,0,'','','','','','','','','','','','','','','','','','','','','','','','','','','','','','','','','','',NULL,'','','','','','','','','','','',NULL,'',NULL,NULL,NULL,'','','','','','','Y','Y','Y',NULL,'','','',NULL,'','',NULL,NULL,'','','Y','a:0:{}'),
	(0000001364,'Mr.','Hopkins','Kira','Kira','Hopkins, Kira','','M','1364','dcd57c0b2f61220eb93fa398ed746b99013d6c497a025073c6b1e937a2bcd8e5','','','N','Full','Y',003,'003',NULL,'1364@localhost','','','',NULL,'',NULL,0,'','','','','','','','','','','','','','','','','','','','','','','','','','','','','','','','','','',NULL,'','','','','','','','','','','',009,'',NULL,NULL,000,'','','','','','','Y','Y','Y',NULL,'','','',NULL,'','',NULL,NULL,'','','Y','a:0:{}'),
	(0000001365,'Mr.','Hopkins','Carter','Carter','Hopkins, Carter','','M','1365','dcd57c0b2f61220eb93fa398ed746b99013d6c497a025073c6b1e937a2bcd8e5','','','Y','Full','Y',004,'004',NULL,'1365@localhost','','','',NULL,'',NULL,0,'','','','','','','','','','','','','','','','','','','','','','','','','','','','','','','','','','',NULL,'','','','','','','','','','','',NULL,'',NULL,NULL,NULL,'','','','','','','Y','Y','Y',NULL,'','','',NULL,'','',NULL,NULL,'','','Y','a:0:{}'),
	(0000001366,'Ms.','Gallagher','Arabella','Arabella','Gallagher, Arabella','','F','1366','dcd57c0b2f61220eb93fa398ed746b99013d6c497a025073c6b1e937a2bcd8e5','','','N','Full','Y',004,'004',NULL,'1366@localhost','','','',NULL,'',NULL,0,'','','','','','','','','','','','','','','','','','','','','','','','','','','','','','','','','','',NULL,'','','','','','','','','','','',NULL,'',NULL,NULL,NULL,'','','','','','','Y','Y','Y',NULL,'','','',NULL,'','',NULL,NULL,'','','Y','a:0:{}'),
	(0000001367,'Mr.','Braun','Kaleigh','Kaleigh','Braun, Kaleigh','','M','1367','dcd57c0b2f61220eb93fa398ed746b99013d6c497a025073c6b1e937a2bcd8e5','','','N','Full','Y',003,'003',NULL,'1367@localhost','','','',NULL,'',NULL,0,'','','','','','','','','','','','','','','','','','','','','','','','','','','','','','','','','','',NULL,'','','','','','','','','','','',011,'',NULL,NULL,000,'','','','','','','Y','Y','Y',NULL,'','','',NULL,'','',NULL,NULL,'','','Y','a:0:{}'),
	(0000001368,'Mrs.','Braun','Sanaa','Sanaa','Braun, Sanaa','','F','1368','dcd57c0b2f61220eb93fa398ed746b99013d6c497a025073c6b1e937a2bcd8e5','','','N','Full','Y',004,'004',NULL,'1368@localhost','','','',NULL,'',NULL,0,'','','','','','','','','','','','','','','','','','','','','','','','','','','','','','','','','','',NULL,'','','','','','','','','','','',NULL,'',NULL,NULL,NULL,'','','','','','','Y','Y','Y',NULL,'','','',NULL,'','',NULL,NULL,'','','Y','a:0:{}'),
	(0000001369,'Mr.','Braun','Orlando','Orlando','Braun, Orlando','','M','1369','dcd57c0b2f61220eb93fa398ed746b99013d6c497a025073c6b1e937a2bcd8e5','','','N','Full','Y',004,'004',NULL,'1369@localhost','','','',NULL,'',NULL,0,'','','','','','','','','','','','','','','','','','','','','','','','','','','','','','','','','','',NULL,'','','','','','','','','','','',NULL,'',NULL,NULL,NULL,'','','','','','','Y','Y','Y',NULL,'','','',NULL,'','',NULL,NULL,'','','Y','a:0:{}'),
	(0000001374,'','Dougherty','Elsie','Elsie','Dougherty, Elsie','','F','1374','dcd57c0b2f61220eb93fa398ed746b99013d6c497a025073c6b1e937a2bcd8e5','','','N','Full','Y',003,'003',NULL,'1374@localhost','','','',NULL,'',NULL,0,'','','','','','','','','','','','','','','','','','','','','','','','','','','','','','','','','','',NULL,'','','','','','','','','','','',009,'',NULL,NULL,000,'','','','','','','Y','Y','Y',NULL,'','','',NULL,'','',NULL,NULL,'','','Y','a:0:{}'),
	(0000001375,'Mr.','Dougherty','Colby','Colby','Dougherty, Colby','','M','1375','dcd57c0b2f61220eb93fa398ed746b99013d6c497a025073c6b1e937a2bcd8e5','','','N','Full','Y',004,'004',NULL,'1375@localhost','','','',NULL,'',NULL,0,'','','','','','','','','','','','','','','','','','','','','','','','','','','','','','','','','','',NULL,'','','','','','','','','','','',NULL,'',NULL,NULL,NULL,'','','','','','','Y','Y','Y',NULL,'','','',NULL,'','',NULL,NULL,'','','Y','a:0:{}'),
	(0000001376,'Mrs.','Garcia','Britney','Britney','Garcia, Britney','','F','1376','dcd57c0b2f61220eb93fa398ed746b99013d6c497a025073c6b1e937a2bcd8e5','','','N','Full','Y',004,'004',NULL,'1376@localhost','','','',NULL,'',NULL,0,'','','','','','','','','','','','','','','','','','','','','','','','','','','','','','','','','','',NULL,'','','','','','','','','','','',NULL,'',NULL,NULL,NULL,'','','','','','','Y','Y','Y',NULL,'','','',NULL,'','',NULL,NULL,'','','Y','a:0:{}'),
	(0000001377,'Miss','Valentine','Kaitlynn','Kaitlynn','Valentine, Kaitlynn','','F','1377','dcd57c0b2f61220eb93fa398ed746b99013d6c497a025073c6b1e937a2bcd8e5','','','N','Full','Y',003,'003',NULL,'1377@localhost','','','',NULL,'',NULL,0,'','','','','','','','','','','','','','','','','','','','','','','','','','','','','','','','','','',NULL,'','','','','','','','','','','',009,'',NULL,NULL,000,'','','','','','','Y','Y','Y',NULL,'','','',NULL,'','',NULL,NULL,'','','Y','a:0:{}'),
	(0000001378,'','Ramirez','Aaliyah','Aaliyah','Ramirez, Aaliyah','','F','1378','dcd57c0b2f61220eb93fa398ed746b99013d6c497a025073c6b1e937a2bcd8e5','','','N','Full','Y',003,'003',NULL,'1378@localhost','','','',NULL,'',NULL,0,'','','','','','','','','','','','','','','','','','','','','','','','','','','','','','','','','','',NULL,'','','','','','','','','','','',010,'',NULL,NULL,000,'','','','','','','Y','Y','Y',NULL,'','','',NULL,'','',NULL,NULL,'','','Y','a:0:{}'),
	(0000001382,'','Nguyen','Isiah','Isiah','Nguyen, Isiah','','M','1382','dcd57c0b2f61220eb93fa398ed746b99013d6c497a025073c6b1e937a2bcd8e5','','','N','Full','Y',003,'003',NULL,'1382@localhost','','','',NULL,'',NULL,0,'','','','','','','','','','','','','','','','','','','','','','','','','','','','','','','','','','',NULL,'','','','','','','','','','','',011,'',NULL,NULL,000,'','','','','','','Y','Y','Y',NULL,'','','',NULL,'','',NULL,NULL,'','','Y','a:0:{}'),
	(0000001383,'Mrs.','Nguyen','Zara','Zara','Nguyen, Zara','','F','1383','dcd57c0b2f61220eb93fa398ed746b99013d6c497a025073c6b1e937a2bcd8e5','','','N','Full','Y',004,'004',NULL,'1383@localhost','','','',NULL,'',NULL,0,'','','','','','','','','','','','','','','','','','','','','','','','','','','','','','','','','','',NULL,'','','','','','','','','','','',NULL,'',NULL,NULL,NULL,'','','','','','','Y','Y','Y',NULL,'','','',NULL,'','',NULL,NULL,'','','Y','a:0:{}'),
	(0000001384,'Mr.','Nguyen','Oliver','Oliver','Nguyen, Oliver','','M','1384','dcd57c0b2f61220eb93fa398ed746b99013d6c497a025073c6b1e937a2bcd8e5','','','N','Full','Y',004,'004',NULL,'1384@localhost','','','',NULL,'',NULL,0,'','','','','','','','','','','','','','','','','','','','','','','','','','','','','','','','','','',NULL,'','','','','','','','','','','',NULL,'',NULL,NULL,NULL,'','','','','','','Y','Y','Y',NULL,'','','',NULL,'','',NULL,NULL,'','','Y','a:0:{}'),
	(0000001388,'Mr.','Holder','Lukas','Lukas','Holder, Lukas','','M','1388','dcd57c0b2f61220eb93fa398ed746b99013d6c497a025073c6b1e937a2bcd8e5','','','N','Full','Y',003,'003',NULL,'1388@localhost','','','',NULL,'',NULL,0,'','','','','','','','','','','','','','','','','','','','','','','','','','','','','','','','','','',NULL,'','','','','','','','','','','',011,'',NULL,NULL,000,'','','','','','','Y','Y','Y',NULL,'','','',NULL,'','',NULL,NULL,'','','Y','a:0:{}'),
	(0000001389,'Mr.','Beck','Sergio','Sergio','Beck, Sergio','','M','1389','dcd57c0b2f61220eb93fa398ed746b99013d6c497a025073c6b1e937a2bcd8e5','','','N','Full','Y',004,'004',NULL,'1389@localhost','','','',NULL,'',NULL,0,'','','','','','','','','','','','','','','','','','','','','','','','','','','','','','','','','','',NULL,'','','','','','','','','','','',NULL,'',NULL,NULL,NULL,'','','','','','','Y','Y','Y',NULL,'','','',NULL,'','',NULL,NULL,'','','Y','a:0:{}'),
	(0000001390,'Ms.','Holder','Raven','Raven','Holder, Raven','','F','1390','dcd57c0b2f61220eb93fa398ed746b99013d6c497a025073c6b1e937a2bcd8e5','','','N','Full','Y',004,'004',NULL,'1390@localhost','','','',NULL,'',NULL,0,'','','','','','','','','','','','','','','','','','','','','','','','','','','','','','','','','','',NULL,'','','','','','','','','','','',NULL,'',NULL,NULL,NULL,'','','','','','','Y','Y','Y',NULL,'','','',NULL,'','',NULL,NULL,'','','Y','a:0:{}'),
	(0000001391,'Ms.','Cameron','Raven','Raven','Cameron, Raven','','F','1391','dcd57c0b2f61220eb93fa398ed746b99013d6c497a025073c6b1e937a2bcd8e5','','','N','Full','Y',003,'003',NULL,'1391@localhost','','','',NULL,'',NULL,0,'','','','','','','','','','','','','','','','','','','','','','','','','','','','','','','','','','',NULL,'','','','','','','','','','','',010,'',NULL,NULL,000,'','','','','','','Y','Y','Y',NULL,'','','',NULL,'','',NULL,NULL,'','','Y','a:0:{}'),
	(0000001392,'Mr.','Cameron','Harry','Harry','Cameron, Harry','','M','1392','dcd57c0b2f61220eb93fa398ed746b99013d6c497a025073c6b1e937a2bcd8e5','','','N','Full','Y',004,'004',NULL,'1392@localhost','','','',NULL,'',NULL,0,'','','','','','','','','','','','','','','','','','','','','','','','','','','','','','','','','','',NULL,'','','','','','','','','','','',NULL,'',NULL,NULL,NULL,'','','','','','','Y','Y','Y',NULL,'','','',NULL,'','',NULL,NULL,'','','Y','a:0:{}'),
	(0000001393,'Ms.','Hayes','Monique','Monique','Hayes, Monique','','F','1393','dcd57c0b2f61220eb93fa398ed746b99013d6c497a025073c6b1e937a2bcd8e5','','','N','Full','Y',003,'003',NULL,'1393@localhost','','','',NULL,'',NULL,0,'','','','','','','','','','','','','','','','','','','','','','','','','','','','','','','','','','',NULL,'','','','','','','','','','','',009,'',NULL,NULL,000,'','','','','','','Y','Y','Y',NULL,'','','',NULL,'','',NULL,NULL,'','','Y','a:0:{}'),
	(0000001394,'Mr.','Hayes','Daniel','Daniel','Hayes, Daniel','','M','1394','dcd57c0b2f61220eb93fa398ed746b99013d6c497a025073c6b1e937a2bcd8e5','','','N','Full','Y',004,'004',NULL,'1394@localhost','','','',NULL,'',NULL,0,'','','','','','','','','','','','','','','','','','','','','','','','','','','','','','','','','','',NULL,'','','','','','','','','','','',NULL,'',NULL,NULL,NULL,'','','','','','','Y','Y','Y',NULL,'','','',NULL,'','',NULL,NULL,'','','Y','a:0:{}'),
	(0000001395,'Ms.','Moyer','Olive','Olive','Moyer, Olive','','F','1395','dcd57c0b2f61220eb93fa398ed746b99013d6c497a025073c6b1e937a2bcd8e5','','','N','Full','Y',004,'004',NULL,'1395@localhost','','','',NULL,'',NULL,0,'','','','','','','','','','','','','','','','','','','','','','','','','','','','','','','','','','',NULL,'','','','','','','','','','','',NULL,'',NULL,NULL,NULL,'','','','','','','Y','Y','Y',NULL,'','','',NULL,'','',NULL,NULL,'','','Y','a:0:{}'),
	(0000001396,'Mr.','Faulkner','Isai','Isai','Faulkner, Isai','','M','1396','dcd57c0b2f61220eb93fa398ed746b99013d6c497a025073c6b1e937a2bcd8e5','','','N','Full','Y',003,'003',NULL,'1396@localhost','','','',NULL,'',NULL,0,'','','','','','','','','','','','','','','','','','','','','','','','','','','','','','','','','','',NULL,'','','','','','','','','','','',010,'',NULL,NULL,000,'','','','','','','Y','Y','Y',NULL,'','','',NULL,'','',NULL,NULL,'','','Y','a:0:{}'),
	(0000001397,'Mr.','Faulkner','Laila','Laila','Faulkner, Laila','','M','1397','dcd57c0b2f61220eb93fa398ed746b99013d6c497a025073c6b1e937a2bcd8e5','','','N','Full','Y',004,'004',NULL,'1397@localhost','','','',NULL,'',NULL,0,'','','','','','','','','','','','','','','','','','','','','','','','','','','','','','','','','','',NULL,'','','','','','','','','','','',NULL,'',NULL,NULL,NULL,'','','','','','','Y','Y','Y',NULL,'','','',NULL,'','',NULL,NULL,'','','Y','a:0:{}'),
	(0000001398,'Mrs.','Faulkner','Jillian','Jillian','Faulkner, Jillian','','F','1398','dcd57c0b2f61220eb93fa398ed746b99013d6c497a025073c6b1e937a2bcd8e5','','','N','Full','Y',004,'004',NULL,'1398@localhost','','','',NULL,'',NULL,0,'','','','','','','','','','','','','','','','','','','','','','','','','','','','','','','','','','',NULL,'','','','','','','','','','','',NULL,'',NULL,NULL,NULL,'','','','','','','Y','Y','Y',NULL,'','','',NULL,'','',NULL,NULL,'','','Y','a:0:{}'),
	(0000001399,'Mr.','Gibson','Ricardo','Ricardo','Gibson, Ricardo','','M','1399','dcd57c0b2f61220eb93fa398ed746b99013d6c497a025073c6b1e937a2bcd8e5','','','N','Full','Y',003,'003',NULL,'1399@localhost','','','',NULL,'',NULL,0,'','','','','','','','','','','','','','','','','','','','','','','','','','','','','','','','','','',NULL,'','','','','','','','','','','',009,'',NULL,NULL,000,'','','','','','','Y','Y','Y',NULL,'','','',NULL,'','',NULL,NULL,'','','Y','a:0:{}'),
	(0000001400,'','Pollard','Joselyn','Joselyn','Pollard, Joselyn','','F','1400','dcd57c0b2f61220eb93fa398ed746b99013d6c497a025073c6b1e937a2bcd8e5','','','N','Full','Y',003,'003',NULL,'1400@localhost','','','',NULL,'',NULL,0,'','','','','','','','','','','','','','','','','','','','','','','','','','','','','','','','','','',NULL,'','','','','','','','','','','',009,'',NULL,NULL,000,'','','','','','','Y','Y','Y',NULL,'','','',NULL,'','',NULL,NULL,'','','Y','a:0:{}'),
	(0000001401,'Mrs.','Bright','Cora','Cora','Bright, Cora','','F','1401','dcd57c0b2f61220eb93fa398ed746b99013d6c497a025073c6b1e937a2bcd8e5','','','N','Full','Y',004,'004',NULL,'1401@localhost','','','',NULL,'',NULL,0,'','','','','','','','','','','','','','','','','','','','','','','','','','','','','','','','','','',NULL,'','','','','','','','','','','',NULL,'',NULL,NULL,NULL,'','','','','','','Y','Y','Y',NULL,'','','',NULL,'','',NULL,NULL,'','','Y','a:0:{}'),
	(0000001402,'Mr.','Pollard','Moshe','Moshe','Pollard, Moshe','','M','1402','dcd57c0b2f61220eb93fa398ed746b99013d6c497a025073c6b1e937a2bcd8e5','','','N','Full','Y',004,'004',NULL,'1402@localhost','','','',NULL,'',NULL,0,'','','','','','','','','','','','','','','','','','','','','','','','','','','','','','','','','','',NULL,'','','','','','','','','','','',NULL,'',NULL,NULL,NULL,'','','','','','','Y','Y','Y',NULL,'','','',NULL,'','',NULL,NULL,'','','Y','a:0:{}'),
	(0000001403,'','Moyer','Marin','Marin','Moyer, Marin','','F','1403','dcd57c0b2f61220eb93fa398ed746b99013d6c497a025073c6b1e937a2bcd8e5','','','N','Full','Y',003,'003',NULL,'1403@localhost','','','',NULL,'',NULL,0,'','','','','','','','','','','','','','','','','','','','','','','','','','','','','','','','','','',NULL,'','','','','','','','','','','',010,'',NULL,NULL,000,'','','','','','','Y','Y','Y',NULL,'','','',NULL,'','',NULL,NULL,'','','Y','a:0:{}'),
	(0000001404,'Ms.','Valentine','Lyla','Lyla','Valentine, Lyla','','F','1404','dcd57c0b2f61220eb93fa398ed746b99013d6c497a025073c6b1e937a2bcd8e5','','','N','Full','Y',004,'004',NULL,'1404@localhost','','','',NULL,'',NULL,0,'','','','','','','','','','','','','','','','','','','','','','','','','','','','','','','','','','',NULL,'','','','','','','','','','','',NULL,'',NULL,NULL,NULL,'','','','','','','Y','Y','Y',NULL,'','','',NULL,'','',NULL,NULL,'','','Y','a:0:{}'),
	(0000001405,'Mr.','Moyer','Harry','Harry','Moyer, Harry','','M','1405','dcd57c0b2f61220eb93fa398ed746b99013d6c497a025073c6b1e937a2bcd8e5','','','N','Full','Y',004,'004',NULL,'1405@localhost','','','',NULL,'',NULL,0,'','','','','','','','','','','','','','','','','','','','','','','','','','','','','','','','','','',NULL,'','','','','','','','','','','',NULL,'',NULL,NULL,NULL,'','','','','','','Y','Y','Y',NULL,'','','',NULL,'','',NULL,NULL,'','','Y','a:0:{}'),
	(0000001410,'Miss','Bryant','Allyson','Allyson','Bryant, Allyson','','F','1410','dcd57c0b2f61220eb93fa398ed746b99013d6c497a025073c6b1e937a2bcd8e5','','','N','Full','Y',003,'003',NULL,'1410@localhost','','','',NULL,'',NULL,0,'','','','','','','','','','','','','','','','','','','','','','','','','','','','','','','','','','',NULL,'','','','','','','','','','','',011,'',NULL,NULL,000,'','','','','','','Y','Y','Y',NULL,'','','',NULL,'','',NULL,NULL,'','','Y','a:0:{}'),
	(0000001416,'Ms.','Hopkins','Lacey','Lacey','Hopkins, Lacey','','F','1416','dcd57c0b2f61220eb93fa398ed746b99013d6c497a025073c6b1e937a2bcd8e5','','','N','Full','Y',003,'003',NULL,'1416@localhost','','','',NULL,'',NULL,0,'','','','','','','','','','','','','','','','','','','','','','','','','','','','','','','','','','',NULL,'','','','','','','','','','','',010,'',NULL,NULL,000,'','','','','','','Y','Y','Y',NULL,'','','',NULL,'','',NULL,NULL,'','','Y','a:0:{}'),
	(0000001417,'Mrs.','Friedman','Allie','Allie','Friedman, Allie','','F','1417','dcd57c0b2f61220eb93fa398ed746b99013d6c497a025073c6b1e937a2bcd8e5','','','N','Full','Y',004,'004',NULL,'1417@localhost','','','',NULL,'',NULL,0,'','','','','','','','','','','','','','','','','','','','','','','','','','','','','','','','','','',NULL,'','','','','','','','','','','',NULL,'',NULL,NULL,NULL,'','','','','','','Y','Y','Y',NULL,'','','',NULL,'','',NULL,NULL,'','','Y','a:0:{}'),
	(0000001418,'Mr.','Hopkins','Nia','Nia','Hopkins, Nia','','M','1418','dcd57c0b2f61220eb93fa398ed746b99013d6c497a025073c6b1e937a2bcd8e5','','','N','Full','Y',004,'004',NULL,'1418@localhost','','','',NULL,'',NULL,0,'','','','','','','','','','','','','','','','','','','','','','','','','','','','','','','','','','',NULL,'','','','','','','','','','','',NULL,'',NULL,NULL,NULL,'','','','','','','Y','Y','Y',NULL,'','','',NULL,'','',NULL,NULL,'','','Y','a:0:{}'),
	(0000001424,'Mr.','Castillo','Melvin','Melvin','Castillo, Melvin','','M','1424','dcd57c0b2f61220eb93fa398ed746b99013d6c497a025073c6b1e937a2bcd8e5','','','N','Full','Y',003,'003',NULL,'1424@localhost','','','',NULL,'',NULL,0,'','','','','','','','','','','','','','','','','','','','','','','','','','','','','','','','','','',NULL,'','','','','','','','','','','',011,'',NULL,NULL,000,'','','','','','','Y','Y','Y',NULL,'','','',NULL,'','',NULL,NULL,'','','Y','a:0:{}'),
	(0000001425,'Mrs.','Farrell','Clara','Clara','Farrell, Clara','','F','1425','dcd57c0b2f61220eb93fa398ed746b99013d6c497a025073c6b1e937a2bcd8e5','','','N','Full','Y',004,'004',NULL,'1425@localhost','','','',NULL,'',NULL,0,'','','','','','','','','','','','','','','','','','','','','','','','','','','','','','','','','','',NULL,'','','','','','','','','','','',NULL,'',NULL,NULL,NULL,'','','','','','','Y','Y','Y',NULL,'','','',NULL,'','',NULL,NULL,'','','Y','a:0:{}'),
	(0000001426,'Mr.','Castillo','Chace','Chace','Castillo, Chace','','M','1426','dcd57c0b2f61220eb93fa398ed746b99013d6c497a025073c6b1e937a2bcd8e5','','','Y','Full','Y',004,'004',NULL,'1426@localhost','','','',NULL,'',NULL,0,'','','','','','','','','','','','','','','','','','','','','','','','','','','','','','','','','','',NULL,'','','','','','','','','','','',NULL,'',NULL,NULL,NULL,'','','','','','','Y','Y','Y',NULL,'','','',NULL,'','',NULL,NULL,'','','Y','a:0:{}'),
	(0000001427,'Mr.','Snyder','Asher','Asher','Snyder, Asher','','M','1427','dcd57c0b2f61220eb93fa398ed746b99013d6c497a025073c6b1e937a2bcd8e5','','','N','Full','Y',003,'003',NULL,'1427@localhost','','','',NULL,'',NULL,0,'','','','','','','','','','','','','','','','','','','','','','','','','','','','','','','','','','',NULL,'','','','','','','','','','','',009,'',NULL,NULL,000,'','','','','','','Y','Y','Y',NULL,'','','',NULL,'','',NULL,NULL,'','','Y','a:0:{}'),
	(0000001428,'Dr.','Ellison','Jadyn','Jadyn','Ellison, Jadyn','','F','1428','dcd57c0b2f61220eb93fa398ed746b99013d6c497a025073c6b1e937a2bcd8e5','','','N','Full','Y',004,'004',NULL,'1428@localhost','','','',NULL,'',NULL,0,'','','','','','','','','','','','','','','','','','','','','','','','','','','','','','','','','','',NULL,'','','','','','','','','','','',NULL,'',NULL,NULL,NULL,'','','','','','','Y','Y','Y',NULL,'','','',NULL,'','',NULL,NULL,'','','Y','a:0:{}'),
	(0000001429,'Mr.','Snyder','Jorden','Jorden','Snyder, Jorden','','M','1429','dcd57c0b2f61220eb93fa398ed746b99013d6c497a025073c6b1e937a2bcd8e5','','','N','Full','Y',004,'004',NULL,'1429@localhost','','','',NULL,'',NULL,0,'','','','','','','','','','','','','','','','','','','','','','','','','','','','','','','','','','',NULL,'','','','','','','','','','','',NULL,'',NULL,NULL,NULL,'','','','','','','Y','Y','Y',NULL,'','','',NULL,'','',NULL,NULL,'','','Y','a:0:{}'),
	(0000001430,'Miss','George','Karsyn','Karsyn','George, Karsyn','','F','1430','dcd57c0b2f61220eb93fa398ed746b99013d6c497a025073c6b1e937a2bcd8e5','','','N','Full','Y',003,'003',NULL,'1430@localhost','','','',NULL,'',NULL,0,'','','','','','','','','','','','','','','','','','','','','','','','','','','','','','','','','','',NULL,'','','','','','','','','','','',010,'',NULL,NULL,000,'','','','','','','Y','Y','Y',NULL,'','','',NULL,'','',NULL,NULL,'','','Y','a:0:{}'),
	(0000001431,'Mrs.','George','Mila','Mila','George, Mila','','F','1431','dcd57c0b2f61220eb93fa398ed746b99013d6c497a025073c6b1e937a2bcd8e5','','','N','Full','Y',004,'004',NULL,'1431@localhost','','','',NULL,'',NULL,0,'','','','','','','','','','','','','','','','','','','','','','','','','','','','','','','','','','',NULL,'','','','','','','','','','','',NULL,'',NULL,NULL,NULL,'','','','','','','Y','Y','Y',NULL,'','','',NULL,'','',NULL,NULL,'','','Y','a:0:{}'),
	(0000001432,'Mr.','George','Oliver','Oliver','George, Oliver','','M','1432','dcd57c0b2f61220eb93fa398ed746b99013d6c497a025073c6b1e937a2bcd8e5','','','N','Full','Y',004,'004',NULL,'1432@localhost','','','',NULL,'',NULL,0,'','','','','','','','','','','','','','','','','','','','','','','','','','','','','','','','','','',NULL,'','','','','','','','','','','',NULL,'',NULL,NULL,NULL,'','','','','','','Y','Y','Y',NULL,'','','',NULL,'','',NULL,NULL,'','','Y','a:0:{}'),
	(0000001440,'','Barnes','Duncan','Duncan','Barnes, Duncan','','M','1440','dcd57c0b2f61220eb93fa398ed746b99013d6c497a025073c6b1e937a2bcd8e5','','','N','Full','Y',003,'003',NULL,'1440@localhost','','','',NULL,'',NULL,0,'','','','','','','','','','','','','','','','','','','','','','','','','','','','','','','','','','',NULL,'','','','','','','','','','','',010,'',NULL,NULL,000,'','','','','','','Y','Y','Y',NULL,'','','',NULL,'','',NULL,NULL,'','','Y','a:0:{}'),
	(0000001445,'','Garrison','Jaylyn','Jaylyn','Garrison, Jaylyn','','F','1445','dcd57c0b2f61220eb93fa398ed746b99013d6c497a025073c6b1e937a2bcd8e5','','','N','Full','Y',003,'003',NULL,'1445@localhost','','','',NULL,'',NULL,0,'','','','','','','','','','','','','','','','','','','','','','','','','','','','','','','','','','',NULL,'','','','','','','','','','','',011,'',NULL,NULL,000,'','','','','','','Y','Y','Y',NULL,'','','',NULL,'','',NULL,NULL,'','','Y','a:0:{}'),
	(0000001446,'Ms.','Spencer','Alice','Alice','Spencer, Alice','','F','1446','dcd57c0b2f61220eb93fa398ed746b99013d6c497a025073c6b1e937a2bcd8e5','','','N','Full','Y',004,'004',NULL,'1446@localhost','','','',NULL,'',NULL,0,'','','','','','','','','','','','','','','','','','','','','','','','','','','','','','','','','','',NULL,'','','','','','','','','','','',NULL,'',NULL,NULL,NULL,'','','','','','','Y','Y','Y',NULL,'','','',NULL,'','',NULL,NULL,'','','Y','a:0:{}'),
	(0000001447,'Dr.','Garrison','Landon','Landon','Garrison, Landon','','M','1447','dcd57c0b2f61220eb93fa398ed746b99013d6c497a025073c6b1e937a2bcd8e5','','','N','Full','Y',004,'004',NULL,'1447@localhost','','','',NULL,'',NULL,0,'','','','','','','','','','','','','','','','','','','','','','','','','','','','','','','','','','',NULL,'','','','','','','','','','','',NULL,'',NULL,NULL,NULL,'','','','','','','Y','Y','Y',NULL,'','','',NULL,'','',NULL,NULL,'','','Y','a:0:{}'),
	(0000001465,'','Yates','Kash','Kash','Yates, Kash','','M','1465','dcd57c0b2f61220eb93fa398ed746b99013d6c497a025073c6b1e937a2bcd8e5','','','N','Full','Y',003,'003',NULL,'1465@localhost','','','',NULL,'',NULL,0,'','','','','','','','','','','','','','','','','','','','','','','','','','','','','','','','','','',NULL,'','','','','','','','','','','',010,'',NULL,NULL,000,'','','','','','','Y','Y','Y',NULL,'','','',NULL,'','',NULL,NULL,'','','Y','a:0:{}'),
	(0000001466,'Mrs.','Valdez','America','America','Valdez, America','','F','1466','dcd57c0b2f61220eb93fa398ed746b99013d6c497a025073c6b1e937a2bcd8e5','','','N','Full','Y',004,'004',NULL,'1466@localhost','','','',NULL,'',NULL,0,'','','','','','','','','','','','','','','','','','','','','','','','','','','','','','','','','','',NULL,'','','','','','','','','','','',NULL,'',NULL,NULL,NULL,'','','','','','','Y','Y','Y',NULL,'','','',NULL,'','',NULL,NULL,'','','Y','a:0:{}'),
	(0000001467,'Mr.','Adams','Micheal','Micheal','Adams, Micheal','','M','1467','dcd57c0b2f61220eb93fa398ed746b99013d6c497a025073c6b1e937a2bcd8e5','','','N','Full','Y',004,'004',NULL,'1467@localhost','','','',NULL,'',NULL,0,'','','','','','','','','','','','','','','','','','','','','','','','','','','','','','','','','','',NULL,'','','','','','','','','','','',NULL,'',NULL,NULL,NULL,'','','','','','','Y','Y','Y',NULL,'','','',NULL,'','',NULL,NULL,'','','Y','a:0:{}'),
	(0000001471,'','Young','Kianna','Kianna','Young, Kianna','','F','1471','dcd57c0b2f61220eb93fa398ed746b99013d6c497a025073c6b1e937a2bcd8e5','','','N','Full','Y',003,'003',NULL,'1471@localhost','','','',NULL,'',NULL,0,'','','','','','','','','','','','','','','','','','','','','','','','','','','','','','','','','','',NULL,'','','','','','','','','','','',011,'',NULL,NULL,000,'','','','','','','Y','Y','Y',NULL,'','','',NULL,'','',NULL,NULL,'','','Y','a:0:{}'),
	(0000001472,'Mrs.','Wagner','Jessie','Jessie','Wagner, Jessie','','F','1472','dcd57c0b2f61220eb93fa398ed746b99013d6c497a025073c6b1e937a2bcd8e5','','','N','Full','Y',004,'004',NULL,'1472@localhost','','','',NULL,'',NULL,0,'','','','','','','','','','','','','','','','','','','','','','','','','','','','','','','','','','',NULL,'','','','','','','','','','','',NULL,'',NULL,NULL,NULL,'','','','','','','Y','Y','Y',NULL,'','','',NULL,'','',NULL,NULL,'','','Y','a:0:{}'),
	(0000001473,'Mr.','Young','Elliot','Elliot','Young, Elliot','','M','1473','dcd57c0b2f61220eb93fa398ed746b99013d6c497a025073c6b1e937a2bcd8e5','','','N','Full','Y',004,'004',NULL,'1473@localhost','','','',NULL,'',NULL,0,'','','','','','','','','','','','','','','','','','','','','','','','','','','','','','','','','','',NULL,'','','','','','','','','','','',NULL,'',NULL,NULL,NULL,'','','','','','','Y','Y','Y',NULL,'','','',NULL,'','',NULL,NULL,'','','Y','a:0:{}'),
	(0000001474,'','Jarvis','Adam','Adam','Jarvis, Adam','','M','1474','dcd57c0b2f61220eb93fa398ed746b99013d6c497a025073c6b1e937a2bcd8e5','','','N','Full','Y',003,'003',NULL,'1474@localhost','','','',NULL,'',NULL,0,'','','','','','','','','','','','','','','','','','','','','','','','','','','','','','','','','','',NULL,'','','','','','','','','','','',011,'',NULL,NULL,000,'','','','','','','Y','Y','Y',NULL,'','','',NULL,'','',NULL,NULL,'','','Y','a:0:{}'),
	(0000001475,'Ms.','Hopkins','Macey','Macey','Hopkins, Macey','','F','1475','dcd57c0b2f61220eb93fa398ed746b99013d6c497a025073c6b1e937a2bcd8e5','','','N','Full','Y',004,'004',NULL,'1475@localhost','','','',NULL,'',NULL,0,'','','','','','','','','','','','','','','','','','','','','','','','','','','','','','','','','','',NULL,'','','','','','','','','','','',NULL,'',NULL,NULL,NULL,'','','','','','','Y','Y','Y',NULL,'','','',NULL,'','',NULL,NULL,'','','Y','a:0:{}'),
	(0000001476,'Mr.','Jarvis','Brady','Brady','Jarvis, Brady','','M','1476','dcd57c0b2f61220eb93fa398ed746b99013d6c497a025073c6b1e937a2bcd8e5','','','N','Full','Y',004,'004',NULL,'1476@localhost','','','',NULL,'',NULL,0,'','','','','','','','','','','','','','','','','','','','','','','','','','','','','','','','','','',NULL,'','','','','','','','','','','',NULL,'',NULL,NULL,NULL,'','','','','','','Y','Y','Y',NULL,'','','',NULL,'','',NULL,NULL,'','','Y','a:0:{}'),
	(0000001477,'Miss','Blanchard','Cassie','Cassie','Blanchard, Cassie','','F','1477','dcd57c0b2f61220eb93fa398ed746b99013d6c497a025073c6b1e937a2bcd8e5','','','N','Full','Y',003,'003',NULL,'1477@localhost','','','',NULL,'',NULL,0,'','','','','','','','','','','','','','','','','','','','','','','','','','','','','','','','','','',NULL,'','','','','','','','','','','',010,'',NULL,NULL,000,'','','','','','','Y','Y','Y',NULL,'','','',NULL,'','',NULL,NULL,'','','Y','a:0:{}'),
	(0000001478,'Ms.','Hernandez','Alondra','Alondra','Hernandez, Alondra','','F','1478','dcd57c0b2f61220eb93fa398ed746b99013d6c497a025073c6b1e937a2bcd8e5','','','N','Full','Y',004,'004',NULL,'1478@localhost','','','',NULL,'',NULL,0,'','','','','','','','','','','','','','','','','','','','','','','','','','','','','','','','','','',NULL,'','','','','','','','','','','',NULL,'',NULL,NULL,NULL,'','','','','','','Y','Y','Y',NULL,'','','',NULL,'','',NULL,NULL,'','','Y','a:0:{}'),
	(0000001479,'Mr.','Blanchard','Oliver','Oliver','Blanchard, Oliver','','M','1479','dcd57c0b2f61220eb93fa398ed746b99013d6c497a025073c6b1e937a2bcd8e5','','','N','Full','Y',004,'004',NULL,'1479@localhost','','','',NULL,'',NULL,0,'','','','','','','','','','','','','','','','','','','','','','','','','','','','','','','','','','',NULL,'','','','','','','','','','','',NULL,'',NULL,NULL,NULL,'','','','','','','Y','Y','Y',NULL,'','','',NULL,'','',NULL,NULL,'','','Y','a:0:{}'),
	(0000001483,'','Espinoza','Malachi','Malachi','Espinoza, Malachi','','M','1483','dcd57c0b2f61220eb93fa398ed746b99013d6c497a025073c6b1e937a2bcd8e5','','','N','Full','Y',003,'003',NULL,'1483@localhost','','','',NULL,'',NULL,0,'','','','','','','','','','','','','','','','','','','','','','','','','','','','','','','','','','',NULL,'','','','','','','','','','','',009,'',NULL,NULL,000,'','','','','','','Y','Y','Y',NULL,'','','',NULL,'','',NULL,NULL,'','','Y','a:0:{}'),
	(0000001484,'Ms.','Donaldson','Francesca','Francesca','Donaldson, Francesca','','F','1484','dcd57c0b2f61220eb93fa398ed746b99013d6c497a025073c6b1e937a2bcd8e5','','','N','Full','Y',004,'004',NULL,'1484@localhost','','','',NULL,'',NULL,0,'','','','','','','','','','','','','','','','','','','','','','','','','','','','','','','','','','',NULL,'','','','','','','','','','','',NULL,'',NULL,NULL,NULL,'','','','','','','Y','Y','Y',NULL,'','','',NULL,'','',NULL,NULL,'','','Y','a:0:{}'),
	(0000001486,'Miss','Aguilar','Clara','Clara','Aguilar, Clara','','F','1486','dcd57c0b2f61220eb93fa398ed746b99013d6c497a025073c6b1e937a2bcd8e5','','','N','Full','Y',003,'003',NULL,'1486@localhost','','','',NULL,'',NULL,0,'','','','','','','','','','','','','','','','','','','','','','','','','','','','','','','','','','',NULL,'','','','','','','','','','','',009,'',NULL,NULL,000,'','','','','','','Y','Y','Y',NULL,'','','',NULL,'','',NULL,NULL,'','','Y','a:0:{}'),
	(0000001487,'Ms.','Conner','Rubi','Rubi','Conner, Rubi','','F','1487','dcd57c0b2f61220eb93fa398ed746b99013d6c497a025073c6b1e937a2bcd8e5','','','N','Full','Y',004,'004',NULL,'1487@localhost','','','',NULL,'',NULL,0,'','','','','','','','','','','','','','','','','','','','','','','','','','','','','','','','','','',NULL,'','','','','','','','','','','',NULL,'',NULL,NULL,NULL,'','','','','','','Y','Y','Y',NULL,'','','',NULL,'','',NULL,NULL,'','','Y','a:0:{}'),
	(0000001488,'Dr.','Aguilar','Kaleigh','Kaleigh','Aguilar, Kaleigh','','M','1488','dcd57c0b2f61220eb93fa398ed746b99013d6c497a025073c6b1e937a2bcd8e5','','','N','Full','Y',004,'004',NULL,'1488@localhost','','','',NULL,'',NULL,0,'','','','','','','','','','','','','','','','','','','','','','','','','','','','','','','','','','',NULL,'','','','','','','','','','','',NULL,'',NULL,NULL,NULL,'','','','','','','Y','Y','Y',NULL,'','','',NULL,'','',NULL,NULL,'','','Y','a:0:{}'),
	(0000001492,'Mr.','Barron','Brayan','Brayan','Barron, Brayan','','M','1492','dcd57c0b2f61220eb93fa398ed746b99013d6c497a025073c6b1e937a2bcd8e5','','','N','Full','Y',003,'003',NULL,'1492@localhost','','','',NULL,'',NULL,0,'','','','','','','','','','','','','','','','','','','','','','','','','','','','','','','','','','',NULL,'','','','','','','','','','','',009,'',NULL,NULL,000,'','','','','','','Y','Y','Y',NULL,'','','',NULL,'','',NULL,NULL,'','','Y','a:0:{}'),
	(0000001493,'Mrs.','Barron','Mallory','Mallory','Barron, Mallory','','F','1493','dcd57c0b2f61220eb93fa398ed746b99013d6c497a025073c6b1e937a2bcd8e5','','','N','Full','Y',004,'004',NULL,'1493@localhost','','','',NULL,'',NULL,0,'','','','','','','','','','','','','','','','','','','','','','','','','','','','','','','','','','',NULL,'','','','','','','','','','','',NULL,'',NULL,NULL,NULL,'','','','','','','Y','Y','Y',NULL,'','','',NULL,'','',NULL,NULL,'','','Y','a:0:{}'),
	(0000001494,'Mr.','Barron','Jessie','Jessie','Barron, Jessie','','F','1494','dcd57c0b2f61220eb93fa398ed746b99013d6c497a025073c6b1e937a2bcd8e5','','','N','Full','Y',004,'004',NULL,'1494@localhost','','','',NULL,'',NULL,0,'','','','','','','','','','','','','','','','','','','','','','','','','','','','','','','','','','',NULL,'','','','','','','','','','','',NULL,'',NULL,NULL,NULL,'','','','','','','Y','Y','Y',NULL,'','','',NULL,'','',NULL,NULL,'','','Y','a:0:{}'),
	(0000001502,'Ms.','Zuniga','Izabella','Izabella','Zuniga, Izabella','','F','1502','dcd57c0b2f61220eb93fa398ed746b99013d6c497a025073c6b1e937a2bcd8e5','','','N','Full','Y',041,'041',NULL,'1502@localhost','','','',NULL,'',NULL,0,'','','','','','','','','','','','','','','','','','','','','','','','','','','','','','','','','','',NULL,'','','','','','','','','','','',009,'',NULL,NULL,NULL,'','','','','','','Y','Y','Y',NULL,'','','',NULL,'','',NULL,NULL,'','','Y','a:0:{}'),
	(0000001506,'Ms.','Dodson','Giovanna','Giovanna','Dodson, Giovanna','','F','1506','dcd57c0b2f61220eb93fa398ed746b99013d6c497a025073c6b1e937a2bcd8e5','','','N','Full','Y',002,'002',NULL,'1506@localhost','','','',NULL,'',NULL,0,'','','','','','','','','','','','','','','','','','','','','','','','','','','','','','','','','','',NULL,'','','','','','','','','','','',009,'',NULL,NULL,NULL,'','','','','','','Y','Y','Y',NULL,'','','',NULL,'','',NULL,NULL,'','','Y','a:0:{}'),
	(0000001507,'','Cordova','Malachi','Malachi','Cordova, Malachi','','M','1507','dcd57c0b2f61220eb93fa398ed746b99013d6c497a025073c6b1e937a2bcd8e5','','','N','Full','Y',003,'003',NULL,'1507@localhost','','','',NULL,'',NULL,0,'','','','','','','','','','','','','','','','','','','','','','','','','','','','','','','','','','',NULL,'','','','','','','','','','','',009,'',NULL,NULL,000,'','','','','','','Y','Y','Y',NULL,'','','',NULL,'','',NULL,NULL,'','','Y','a:0:{}'),
	(0000001508,'Mrs.','Cordova','Kamila','Kamila','Cordova, Kamila','','F','1508','dcd57c0b2f61220eb93fa398ed746b99013d6c497a025073c6b1e937a2bcd8e5','','','N','Full','Y',004,'004',NULL,'1508@localhost','','','',NULL,'',NULL,0,'','','','','','','','','','','','','','','','','','','','','','','','','','','','','','','','','','',NULL,'','','','','','','','','','','',NULL,'',NULL,NULL,NULL,'','','','','','','Y','Y','Y',NULL,'','','',NULL,'','',NULL,NULL,'','','Y','a:0:{}'),
	(0000001509,'Mr.','Cordova','Emmalee','Emmalee','Cordova, Emmalee','','M','1509','dcd57c0b2f61220eb93fa398ed746b99013d6c497a025073c6b1e937a2bcd8e5','','','N','Full','Y',004,'004',NULL,'1509@localhost','','','',NULL,'',NULL,0,'','','','','','','','','','','','','','','','','','','','','','','','','','','','','','','','','','',NULL,'','','','','','','','','','','',NULL,'',NULL,NULL,NULL,'','','','','','','Y','Y','Y',NULL,'','','',NULL,'','',NULL,NULL,'','','Y','a:0:{}'),
	(0000001514,'','Buchanan','Averi','Averi','Buchanan, Averi','','F','1514','dcd57c0b2f61220eb93fa398ed746b99013d6c497a025073c6b1e937a2bcd8e5','','','N','Full','Y',003,'003',NULL,'1514@localhost','','','',NULL,'',NULL,0,'','','','','','','','','','','','','','','','','','','','','','','','','','','','','','','','','','',NULL,'','','','','','','','','','','',010,'',NULL,NULL,000,'','','','','','','Y','Y','Y',NULL,'','','',NULL,'','',NULL,NULL,'','','Y','a:0:{}'),
	(0000001515,'Mrs.','Buchanan','Kaylen','Kaylen','Buchanan, Kaylen','','F','1515','dcd57c0b2f61220eb93fa398ed746b99013d6c497a025073c6b1e937a2bcd8e5','','','N','Full','Y',004,'004',NULL,'1515@localhost','','','',NULL,'',NULL,0,'','','','','','','','','','','','','','','','','','','','','','','','','','','','','','','','','','',NULL,'','','','','','','','','','','',NULL,'',NULL,NULL,NULL,'','','','','','','Y','Y','Y',NULL,'','','',NULL,'','',NULL,NULL,'','','Y','a:0:{}'),
	(0000001516,'Mr.','Buchanan','Harry','Harry','Buchanan, Harry','','M','1516','dcd57c0b2f61220eb93fa398ed746b99013d6c497a025073c6b1e937a2bcd8e5','','','N','Full','Y',004,'004',NULL,'1516@localhost','','','',NULL,'',NULL,0,'','','','','','','','','','','','','','','','','','','','','','','','','','','','','','','','','','',NULL,'','','','','','','','','','','',NULL,'',NULL,NULL,NULL,'','','','','','','Y','Y','Y',NULL,'','','',NULL,'','',NULL,NULL,'','','Y','a:0:{}'),
	(0000001517,'Ms.','Valenzuela','Bailee','Bailee','Valenzuela, Bailee','','F','1517','dcd57c0b2f61220eb93fa398ed746b99013d6c497a025073c6b1e937a2bcd8e5','','','N','Full','Y',001,'001',NULL,'1517@localhost','','','',NULL,'',NULL,0,'','','','','','','','','','','','','','','','','','','','','','','','','','','','','','','','','','',NULL,'','','','','','','','','','','',011,'',NULL,NULL,NULL,'','','','','','','Y','Y','Y',NULL,'','','',NULL,'','',NULL,NULL,'','','Y','a:0:{}'),
	(0000001518,'Mr.','Valentine','Kasey','Kasey','Valentine, Kasey','','M','1518','dcd57c0b2f61220eb93fa398ed746b99013d6c497a025073c6b1e937a2bcd8e5','','','N','Full','Y',002,'002',NULL,'1518@localhost','','','',NULL,'',NULL,0,'','','','','','','','','','','','','','','','','','','','','','','','','','','','','','','','','','',NULL,'','','','','','','','','','','',009,'',NULL,NULL,NULL,'','','','','','','Y','Y','Y',NULL,'','','',NULL,'','',NULL,NULL,'','','Y','a:0:{}'),
	(0000001520,'Miss','Lucero','Amelie','Amelie','Lucero, Amelie','','F','1520','dcd57c0b2f61220eb93fa398ed746b99013d6c497a025073c6b1e937a2bcd8e5','','','N','Full','Y',003,'003',NULL,'1520@localhost','','','',NULL,'',NULL,0,'','','','','','','','','','','','','','','','','','','','','','','','','','','','','','','','','','',NULL,'','','','','','','','','','','',011,'',NULL,NULL,000,'','','','','','','Y','Y','Y',NULL,'','','',NULL,'','',NULL,NULL,'','','Y','a:0:{}'),
	(0000001528,'Miss','Garner','Aniyah','Aniyah','Garner, Aniyah','','F','1528','dcd57c0b2f61220eb93fa398ed746b99013d6c497a025073c6b1e937a2bcd8e5','','','N','Full','Y',003,'003',NULL,'1528@localhost','','','',NULL,'',NULL,0,'','','','','','','','','','','','','','','','','','','','','','','','','','','','','','','','','','',NULL,'','','','','','','','','','','',010,'',NULL,NULL,000,'','','','','','','Y','Y','Y',NULL,'','','',NULL,'','',NULL,NULL,'','','Y','a:0:{}'),
	(0000001529,'Mr.','Garner','Waylon','Waylon','Garner, Waylon','','M','1529','dcd57c0b2f61220eb93fa398ed746b99013d6c497a025073c6b1e937a2bcd8e5','','','N','Full','Y',004,'004',NULL,'1529@localhost','','','',NULL,'',NULL,0,'','','','','','','','','','','','','','','','','','','','','','','','','','','','','','','','','','',NULL,'','','','','','','','','','','',NULL,'',NULL,NULL,NULL,'','','','','','','Y','Y','Y',NULL,'','','',NULL,'','',NULL,NULL,'','','Y','a:0:{}'),
	(0000001530,'Mrs.','Garner','Briley','Briley','Garner, Briley','','F','1530','dcd57c0b2f61220eb93fa398ed746b99013d6c497a025073c6b1e937a2bcd8e5','','','N','Full','Y',004,'004',NULL,'1530@localhost','','','',NULL,'',NULL,0,'','','','','','','','','','','','','','','','','','','','','','','','','','','','','','','','','','',NULL,'','','','','','','','','','','',NULL,'',NULL,NULL,NULL,'','','','','','','Y','Y','Y',NULL,'','','',NULL,'','',NULL,NULL,'','','Y','a:0:{}'),
	(0000001532,'Mr.','Clements','Rohan','Rohan','Clements, Rohan','','M','1532','dcd57c0b2f61220eb93fa398ed746b99013d6c497a025073c6b1e937a2bcd8e5','','','N','Full','Y',003,'003',NULL,'1532@localhost','','','',NULL,'',NULL,0,'','','','','','','','','','','','','','','','','','','','','','','','','','','','','','','','','','',NULL,'','','','','','','','','','','',011,'',NULL,NULL,000,'','','','','','','Y','Y','Y',NULL,'','','',NULL,'','',NULL,NULL,'','','Y','a:0:{}'),
	(0000001533,'Mr.','Clements','Camilla','Camilla','Clements, Camilla','','M','1533','dcd57c0b2f61220eb93fa398ed746b99013d6c497a025073c6b1e937a2bcd8e5','','','N','Full','Y',004,'004',NULL,'1533@localhost','','','',NULL,'',NULL,0,'','','','','','','','','','','','','','','','','','','','','','','','','','','','','','','','','','',NULL,'','','','','','','','','','','',NULL,'',NULL,NULL,NULL,'','','','','','','Y','Y','Y',NULL,'','','',NULL,'','',NULL,NULL,'','','Y','a:0:{}'),
	(0000001534,'Mrs.','Clements','Maryjane','Maryjane','Clements, Maryjane','','F','1534','dcd57c0b2f61220eb93fa398ed746b99013d6c497a025073c6b1e937a2bcd8e5','','','N','Full','Y',004,'004',NULL,'1534@localhost','','','',NULL,'',NULL,0,'','','','','','','','','','','','','','','','','','','','','','','','','','','','','','','','','','',NULL,'','','','','','','','','','','',NULL,'',NULL,NULL,NULL,'','','','','','','Y','Y','Y',NULL,'','','',NULL,'','',NULL,NULL,'','','Y','a:0:{}'),
	(0000001535,'Miss','Clements','Yamilet','Yamilet','Clements, Yamilet','','F','1535','dcd57c0b2f61220eb93fa398ed746b99013d6c497a025073c6b1e937a2bcd8e5','','','N','Full','Y',003,'003',NULL,'1535@localhost','','','',NULL,'',NULL,0,'','','','','','','','','','','','','','','','','','','','','','','','','','','','','','','','','','',NULL,'','','','','','','','','','','',011,'',NULL,NULL,000,'','','','','','','Y','Y','Y',NULL,'','','',NULL,'','',NULL,NULL,'','','Y','a:0:{}'),
	(0000001538,'','Atkinson','Tate','Tate','Atkinson, Tate','','M','1538','dcd57c0b2f61220eb93fa398ed746b99013d6c497a025073c6b1e937a2bcd8e5','','','N','Full','Y',003,'003',NULL,'1538@localhost','','','',NULL,'',NULL,0,'','','','','','','','','','','','','','','','','','','','','','','','','','','','','','','','','','',NULL,'','','','','','','','','','','',010,'',NULL,NULL,000,'','','','','','','Y','Y','Y',NULL,'','','',NULL,'','',NULL,NULL,'','','Y','a:0:{}'),
	(0000001539,'Mr.','Atkinson','Deven','Deven','Atkinson, Deven','','M','1539','dcd57c0b2f61220eb93fa398ed746b99013d6c497a025073c6b1e937a2bcd8e5','','','N','Full','Y',004,'004',NULL,'1539@localhost','','','',NULL,'',NULL,0,'','','','','','','','','','','','','','','','','','','','','','','','','','','','','','','','','','',NULL,'','','','','','','','','','','',NULL,'',NULL,NULL,NULL,'','','','','','','Y','Y','Y',NULL,'','','',NULL,'','',NULL,NULL,'','','Y','a:0:{}'),
	(0000001540,'Mrs.','Atkinson','Mariela','Mariela','Atkinson, Mariela','','F','1540','dcd57c0b2f61220eb93fa398ed746b99013d6c497a025073c6b1e937a2bcd8e5','','','N','Full','Y',004,'004',NULL,'1540@localhost','','','',NULL,'',NULL,0,'','','','','','','','','','','','','','','','','','','','','','','','','','','','','','','','','','',NULL,'','','','','','','','','','','',NULL,'',NULL,NULL,NULL,'','','','','','','Y','Y','Y',NULL,'','','',NULL,'','',NULL,NULL,'','','Y','a:0:{}'),
	(0000001548,'Mr.','Gallagher','Alivia','Alivia','Gallagher, Alivia','','M','1548','dcd57c0b2f61220eb93fa398ed746b99013d6c497a025073c6b1e937a2bcd8e5','','','N','Full','Y',003,'003',NULL,'1548@localhost','','','',NULL,'',NULL,0,'','','','','','','','','','','','','','','','','','','','','','','','','','','','','','','','','','',NULL,'','','','','','','','','','','',010,'',NULL,NULL,000,'','','','','','','Y','Y','Y',NULL,'','','',NULL,'','',NULL,NULL,'','','Y','a:0:{}'),
	(0000001549,'Ms.','Hopkins','Kaylen','Kaylen','Hopkins, Kaylen','','F','1549','dcd57c0b2f61220eb93fa398ed746b99013d6c497a025073c6b1e937a2bcd8e5','','','N','Full','Y',004,'004',NULL,'1549@localhost','','','',NULL,'',NULL,0,'','','','','','','','','','','','','','','','','','','','','','','','','','','','','','','','','','',NULL,'','','','','','','','','','','',NULL,'',NULL,NULL,NULL,'','','','','','','Y','Y','Y',NULL,'','','',NULL,'','',NULL,NULL,'','','Y','a:0:{}'),
	(0000001550,'Mr.','Gallagher','Maxim','Maxim','Gallagher, Maxim','','M','1550','dcd57c0b2f61220eb93fa398ed746b99013d6c497a025073c6b1e937a2bcd8e5','','','N','Full','Y',004,'004',NULL,'1550@localhost','','','',NULL,'',NULL,0,'','','','','','','','','','','','','','','','','','','','','','','','','','','','','','','','','','',NULL,'','','','','','','','','','','',NULL,'',NULL,NULL,NULL,'','','','','','','Y','Y','Y',NULL,'','','',NULL,'','',NULL,NULL,'','','Y','a:0:{}'),
	(0000001571,'Miss','Ellison','Tamia','Tamia','Ellison, Tamia','','F','1571','dcd57c0b2f61220eb93fa398ed746b99013d6c497a025073c6b1e937a2bcd8e5','','','N','Full','Y',003,'003',NULL,'1571@localhost','','','',NULL,'',NULL,0,'','','','','','','','','','','','','','','','','','','','','','','','','','','','','','','','','','',NULL,'','','','','','','','','','','',010,'',NULL,NULL,000,'','','','','','','Y','Y','Y',NULL,'','','',NULL,'','',NULL,NULL,'','','Y','a:0:{}'),
	(0000001572,'Ms.','Friedman','Kinley','Kinley','Friedman, Kinley','','F','1572','dcd57c0b2f61220eb93fa398ed746b99013d6c497a025073c6b1e937a2bcd8e5','','','N','Full','Y',004,'004',NULL,'1572@localhost','','','',NULL,'',NULL,0,'','','','','','','','','','','','','','','','','','','','','','','','','','','','','','','','','','',NULL,'','','','','','','','','','','',NULL,'',NULL,NULL,NULL,'','','','','','','Y','Y','Y',NULL,'','','',NULL,'','',NULL,NULL,'','','Y','a:0:{}'),
	(0000001573,'Mr.','Ellison','Alivia','Alivia','Ellison, Alivia','','M','1573','dcd57c0b2f61220eb93fa398ed746b99013d6c497a025073c6b1e937a2bcd8e5','','','N','Full','Y',004,'004',NULL,'1573@localhost','','','',NULL,'',NULL,0,'','','','','','','','','','','','','','','','','','','','','','','','','','','','','','','','','','',NULL,'','','','','','','','','','','',NULL,'',NULL,NULL,NULL,'','','','','','','Y','Y','Y',NULL,'','','',NULL,'','',NULL,NULL,'','','Y','a:0:{}'),
	(0000001574,'Ms.','Ellison','Cara','Cara','Ellison, Cara','','F','1574','dcd57c0b2f61220eb93fa398ed746b99013d6c497a025073c6b1e937a2bcd8e5','','','N','Full','Y',004,'004',NULL,'1574@localhost','','','',NULL,'',NULL,0,'','','','','','','','','','','','','','','','','','','','','','','','','','','','','','','','','','',NULL,'','','','','','','','','','','',NULL,'',NULL,NULL,NULL,'','','','','','','Y','Y','Y',NULL,'','','',NULL,'','',NULL,NULL,'','','Y','a:0:{}'),
	(0000001585,'','Valentine','Urijah','Urijah','Valentine, Urijah','','M','1585','dcd57c0b2f61220eb93fa398ed746b99013d6c497a025073c6b1e937a2bcd8e5','','','N','Full','Y',003,'003',NULL,'1585@localhost','','','',NULL,'',NULL,0,'','','','','','','','','','','','','','','','','','','','','','','','','','','','','','','','','','',NULL,'','','','','','','','','','','',011,'',NULL,NULL,000,'','','','','','','Y','Y','Y',NULL,'','','',NULL,'','',NULL,NULL,'','','Y','a:0:{}'),
	(0000001586,'Mr.','Valentine','Audrey','Audrey','Valentine, Audrey','','M','1586','dcd57c0b2f61220eb93fa398ed746b99013d6c497a025073c6b1e937a2bcd8e5','','','N','Full','Y',004,'004',NULL,'1586@localhost','','','',NULL,'',NULL,0,'','','','','','','','','','','','','','','','','','','','','','','','','','','','','','','','','','',NULL,'','','','','','','','','','','',NULL,'',NULL,NULL,NULL,'','','','','','','Y','Y','Y',NULL,'','','',NULL,'','',NULL,NULL,'','','Y','a:0:{}'),
	(0000001587,'Mrs.','Gallagher','Diya','Diya','Gallagher, Diya','','M','1587','dcd57c0b2f61220eb93fa398ed746b99013d6c497a025073c6b1e937a2bcd8e5','','','N','Full','Y',004,'004',NULL,'1587@localhost','','','',NULL,'',NULL,0,'','','','','','','','','','','','','','','','','','','','','','','','','','','','','','','','','','',NULL,'','','','','','','','','','','',NULL,'',NULL,NULL,NULL,'','','','','','','Y','Y','Y',NULL,'','','',NULL,'','',NULL,NULL,'','','Y','a:0:{}'),
	(0000001589,'Mr.','Patterson','Gerardo','Gerardo','Patterson, Gerardo','','M','1589','dcd57c0b2f61220eb93fa398ed746b99013d6c497a025073c6b1e937a2bcd8e5','','','N','Full','Y',004,'004',NULL,'1589@localhost','','','',NULL,'',NULL,0,'','','','','','','','','','','','','','','','','','','','','','','','','','','','','','','','','','',NULL,'','','','','','','','','','','',NULL,'',NULL,NULL,NULL,'','','','','','','Y','Y','Y',NULL,'','','',NULL,'','',NULL,NULL,'','','Y','a:0:{}'),
	(0000001590,'Mrs.','Hebert','India','India','Hebert, India','','F','1590','dcd57c0b2f61220eb93fa398ed746b99013d6c497a025073c6b1e937a2bcd8e5','','','N','Full','Y',004,'004',NULL,'1590@localhost','','','',NULL,'',NULL,0,'','','','','','','','','','','','','','','','','','','','','','','','','','','','','','','','','','',NULL,'','','','','','','','','','','',NULL,'',NULL,NULL,NULL,'','','','','','','Y','Y','Y',NULL,'','','',NULL,'','',NULL,NULL,'','','Y','a:0:{}'),
	(0000001591,'Mr.','Blevins','Gunner','Gunner','Blevins, Gunner','','M','1591','dcd57c0b2f61220eb93fa398ed746b99013d6c497a025073c6b1e937a2bcd8e5','','','N','Full','Y',003,'003',NULL,'1591@localhost','','','',NULL,'',NULL,0,'','','','','','','','','','','','','','','','','','','','','','','','','','','','','','','','','','',NULL,'','','','','','','','','','','',009,'',NULL,NULL,000,'','','','','','','Y','Y','Y',NULL,'','','',NULL,'','',NULL,NULL,'','','Y','a:0:{}'),
	(0000001593,'Miss','Moody','Jocelynn','Jocelynn','Moody, Jocelynn','','F','1593','dcd57c0b2f61220eb93fa398ed746b99013d6c497a025073c6b1e937a2bcd8e5','','','N','Full','Y',003,'003',NULL,'1593@localhost','','','',NULL,'',NULL,0,'','','','','','','','','','','','','','','','','','','','','','','','','','','','','','','','','','',NULL,'','','','','','','','','','','',009,'',NULL,NULL,000,'','','','','','','Y','Y','Y',NULL,'','','',NULL,'','',NULL,NULL,'','','Y','a:0:{}'),
	(0000001594,'Miss','Hopkins','Chana','Chana','Hopkins, Chana','','F','1594','dcd57c0b2f61220eb93fa398ed746b99013d6c497a025073c6b1e937a2bcd8e5','','','N','Full','Y',003,'003',NULL,'1594@localhost','','','',NULL,'',NULL,0,'','','','','','','','','','','','','','','','','','','','','','','','','','','','','','','','','','',NULL,'','','','','','','','','','','',011,'',NULL,NULL,000,'','','','','','','Y','Y','Y',NULL,'','','',NULL,'','',NULL,NULL,'','','Y','a:0:{}'),
	(0000001595,'Mr.','Hopkins','Alfredo','Alfredo','Hopkins, Alfredo','','M','1595','dcd57c0b2f61220eb93fa398ed746b99013d6c497a025073c6b1e937a2bcd8e5','','','N','Full','Y',004,'004',NULL,'1595@localhost','','','',NULL,'',NULL,0,'','','','','','','','','','','','','','','','','','','','','','','','','','','','','','','','','','',NULL,'','','','','','','','','','','',NULL,'',NULL,NULL,NULL,'','','','','','','Y','Y','Y',NULL,'','','',NULL,'','',NULL,NULL,'','','Y','a:0:{}'),
	(0000001596,'Ms.','Crosby','Maryjane','Maryjane','Crosby, Maryjane','','F','1596','dcd57c0b2f61220eb93fa398ed746b99013d6c497a025073c6b1e937a2bcd8e5','','','Y','Full','Y',004,'004',NULL,'1596@localhost','','','',NULL,'',NULL,0,'','','','','','','','','','','','','','','','','','','','','','','','','','','','','','','','','','',NULL,'','','','','','','','','','','',NULL,'',NULL,NULL,NULL,'','','','','','','Y','Y','Y',NULL,'','','',NULL,'','',NULL,NULL,'','','Y','a:0:{}'),
	(0000001597,'','Golden','Austin','Austin','Golden, Austin','','M','1597','dcd57c0b2f61220eb93fa398ed746b99013d6c497a025073c6b1e937a2bcd8e5','','','N','Full','Y',003,'003',NULL,'1597@localhost','','','',NULL,'',NULL,0,'','','','','','','','','','','','','','','','','','','','','','','','','','','','','','','','','','',NULL,'','','','','','','','','','','',009,'',NULL,NULL,000,'','','','','','','Y','Y','Y',NULL,'','','',NULL,'','',NULL,NULL,'','','Y','a:0:{}'),
	(0000001598,'Mr.','Golden','Cory','Cory','Golden, Cory','','M','1598','dcd57c0b2f61220eb93fa398ed746b99013d6c497a025073c6b1e937a2bcd8e5','','','N','Full','Y',004,'004',NULL,'1598@localhost','','','',NULL,'',NULL,0,'','','','','','','','','','','','','','','','','','','','','','','','','','','','','','','','','','',NULL,'','','','','','','','','','','',NULL,'',NULL,NULL,NULL,'','','','','','','Y','Y','Y',NULL,'','','',NULL,'','',NULL,NULL,'','','Y','a:0:{}'),
	(0000001599,'Mrs.','Valentine','Ayana','Ayana','Valentine, Ayana','','F','1599','dcd57c0b2f61220eb93fa398ed746b99013d6c497a025073c6b1e937a2bcd8e5','','','N','Full','Y',004,'004',NULL,'1599@localhost','','','',NULL,'',NULL,0,'','','','','','','','','','','','','','','','','','','','','','','','','','','','','','','','','','',NULL,'','','','','','','','','','','',NULL,'',NULL,NULL,NULL,'','','','','','','Y','Y','Y',NULL,'','','',NULL,'','',NULL,NULL,'','','Y','a:0:{}'),
	(0000001600,'','Boone','Lucian','Lucian','Boone, Lucian','','M','1600','dcd57c0b2f61220eb93fa398ed746b99013d6c497a025073c6b1e937a2bcd8e5','','','N','Full','Y',003,'003',NULL,'1600@localhost','','','',NULL,'',NULL,0,'','','','','','','','','','','','','','','','','','','','','','','','','','','','','','','','','','',NULL,'','','','','','','','','','','',009,'',NULL,NULL,000,'','','','','','','Y','Y','Y',NULL,'','','',NULL,'','',NULL,NULL,'','','Y','a:0:{}'),
	(0000001601,'Mrs.','Boone','Jazlynn','Jazlynn','Boone, Jazlynn','','F','1601','dcd57c0b2f61220eb93fa398ed746b99013d6c497a025073c6b1e937a2bcd8e5','','','N','Full','Y',004,'004',NULL,'1601@localhost','','','',NULL,'',NULL,0,'','','','','','','','','','','','','','','','','','','','','','','','','','','','','','','','','','',NULL,'','','','','','','','','','','',NULL,'',NULL,NULL,NULL,'','','','','','','Y','Y','Y',NULL,'','','',NULL,'','',NULL,NULL,'','','Y','a:0:{}'),
	(0000001602,'Mr.','Boone','Bennett','Bennett','Boone, Bennett','','M','1602','dcd57c0b2f61220eb93fa398ed746b99013d6c497a025073c6b1e937a2bcd8e5','','','N','Full','Y',004,'004',NULL,'1602@localhost','','','',NULL,'',NULL,0,'','','','','','','','','','','','','','','','','','','','','','','','','','','','','','','','','','',NULL,'','','','','','','','','','','',NULL,'',NULL,NULL,NULL,'','','','','','','Y','Y','Y',NULL,'','','',NULL,'','',NULL,NULL,'','','Y','a:0:{}'),
	(0000001603,'Mr.','Hopkins','Clarence','Clarence','Hopkins, Clarence','','M','1603','dcd57c0b2f61220eb93fa398ed746b99013d6c497a025073c6b1e937a2bcd8e5','','','N','Full','Y',003,'003',NULL,'1603@localhost','','','',NULL,'',NULL,0,'','','','','','','','','','','','','','','','','','','','','','','','','','','','','','','','','','',NULL,'','','','','','','','','','','',011,'',NULL,NULL,000,'','','','','','','Y','Y','Y',NULL,'','','',NULL,'','',NULL,NULL,'','','Y','a:0:{}'),
	(0000001604,'Mr.','Hopkins','Kyan','Kyan','Hopkins, Kyan','','M','1604','dcd57c0b2f61220eb93fa398ed746b99013d6c497a025073c6b1e937a2bcd8e5','','','N','Full','Y',004,'004',NULL,'1604@localhost','','','',NULL,'',NULL,0,'','','','','','','','','','','','','','','','','','','','','','','','','','','','','','','','','','',NULL,'','','','','','','','','','','',NULL,'',NULL,NULL,NULL,'','','','','','','Y','Y','Y',NULL,'','','',NULL,'','',NULL,NULL,'','','Y','a:0:{}'),
	(0000001605,'Ms.','Arroyo','Cara','Cara','Arroyo, Cara','','F','1605','dcd57c0b2f61220eb93fa398ed746b99013d6c497a025073c6b1e937a2bcd8e5','','','N','Full','Y',004,'004',NULL,'1605@localhost','','','',NULL,'',NULL,0,'','','','','','','','','','','','','','','','','','','','','','','','','','','','','','','','','','',NULL,'','','','','','','','','','','',NULL,'',NULL,NULL,NULL,'','','','','','','Y','Y','Y',NULL,'','','',NULL,'','',NULL,NULL,'','','Y','a:0:{}'),
	(0000001609,'','Shah','Annika','Annika','Shah, Annika','','F','1609','dcd57c0b2f61220eb93fa398ed746b99013d6c497a025073c6b1e937a2bcd8e5','','','N','Full','Y',003,'003',NULL,'1609@localhost','','','',NULL,'',NULL,0,'','','','','','','','','','','','','','','','','','','','','','','','','','','','','','','','','','',NULL,'','','','','','','','','','','',011,'',NULL,NULL,000,'','','','','','','Y','Y','Y',NULL,'','','',NULL,'','',NULL,NULL,'','','Y','a:0:{}'),
	(0000001610,'Mr.','Shah','Kendall','Kendall','Shah, Kendall','','M','1610','dcd57c0b2f61220eb93fa398ed746b99013d6c497a025073c6b1e937a2bcd8e5','','','N','Full','Y',004,'004',NULL,'1610@localhost','','','',NULL,'',NULL,0,'','','','','','','','','','','','','','','','','','','','','','','','','','','','','','','','','','',NULL,'','','','','','','','','','','',NULL,'',NULL,NULL,NULL,'','','','','','','Y','Y','Y',NULL,'','','',NULL,'','',NULL,NULL,'','','Y','a:0:{}'),
	(0000001611,'Ms.','Shah','Adelyn','Adelyn','Shah, Adelyn','','F','1611','dcd57c0b2f61220eb93fa398ed746b99013d6c497a025073c6b1e937a2bcd8e5','','','N','Full','Y',004,'004',NULL,'1611@localhost','','','',NULL,'',NULL,0,'','','','','','','','','','','','','','','','','','','','','','','','','','','','','','','','','','',NULL,'','','','','','','','','','','',NULL,'',NULL,NULL,NULL,'','','','','','','Y','Y','Y',NULL,'','','',NULL,'','',NULL,NULL,'','','Y','a:0:{}'),
	(0000001612,'Miss','Higgins','Gina','Gina','Higgins, Gina','','F','1612','dcd57c0b2f61220eb93fa398ed746b99013d6c497a025073c6b1e937a2bcd8e5','','','N','Full','Y',003,'003',NULL,'1612@localhost','','','',NULL,'',NULL,0,'','','','','','','','','','','','','','','','','','','','','','','','','','','','','','','','','','',NULL,'','','','','','','','','','','',010,'',NULL,NULL,000,'','','','','','','Y','Y','Y',NULL,'','','',NULL,'','',NULL,NULL,'','','Y','a:0:{}'),
	(0000001613,'Mr.','Higgins','Pierre','Pierre','Higgins, Pierre','','M','1613','dcd57c0b2f61220eb93fa398ed746b99013d6c497a025073c6b1e937a2bcd8e5','','','N','Full','Y',004,'004',NULL,'1613@localhost','','','',NULL,'',NULL,0,'','','','','','','','','','','','','','','','','','','','','','','','','','','','','','','','','','',NULL,'','','','','','','','','','','',NULL,'',NULL,NULL,NULL,'','','','','','','Y','Y','Y',NULL,'','','',NULL,'','',NULL,NULL,'','','Y','a:0:{}'),
	(0000001614,'Mrs.','Hopkins','Braelyn','Braelyn','Hopkins, Braelyn','','F','1614','dcd57c0b2f61220eb93fa398ed746b99013d6c497a025073c6b1e937a2bcd8e5','','','N','Full','Y',004,'004',NULL,'1614@localhost','','','',NULL,'',NULL,0,'','','','','','','','','','','','','','','','','','','','','','','','','','','','','','','','','','',NULL,'','','','','','','','','','','',NULL,'',NULL,NULL,NULL,'','','','','','','Y','Y','Y',NULL,'','','',NULL,'','',NULL,NULL,'','','Y','a:0:{}'),
	(0000001615,'Mr.','Murphy','Tate','Tate','Murphy, Tate','','M','1615','dcd57c0b2f61220eb93fa398ed746b99013d6c497a025073c6b1e937a2bcd8e5','','','N','Full','Y',003,'003',NULL,'1615@localhost','','','',NULL,'',NULL,0,'','','','','','','','','','','','','','','','','','','','','','','','','','','','','','','','','','',NULL,'','','','','','','','','','','',010,'',NULL,NULL,000,'','','','','','','Y','Y','Y',NULL,'','','',NULL,'','',NULL,NULL,'','','Y','a:0:{}'),
	(0000001616,'','Moss','Charlie','Charlie','Moss, Charlie','','M','1616','dcd57c0b2f61220eb93fa398ed746b99013d6c497a025073c6b1e937a2bcd8e5','','','N','Full','Y',003,'003',NULL,'1616@localhost','','','',NULL,'',NULL,0,'','','','','','','','','','','','','','','','','','','','','','','','','','','','','','','','','','',NULL,'','','','','','','','','','','',011,'',NULL,NULL,000,'','','','','','','Y','Y','Y',NULL,'','','',NULL,'','',NULL,NULL,'','','Y','a:0:{}'),
	(0000001617,'Miss','Valentine','Krystal','Krystal','Valentine, Krystal','','F','1617','dcd57c0b2f61220eb93fa398ed746b99013d6c497a025073c6b1e937a2bcd8e5','','','N','Full','Y',003,'003',NULL,'1617@localhost','','','',NULL,'',NULL,0,'','','','','','','','','','','','','','','','','','','','','','','','','','','','','','','','','','',NULL,'','','','','','','','','','','',010,'',NULL,NULL,000,'','','','','','','Y','Y','Y',NULL,'','','',NULL,'','',NULL,NULL,'','','Y','a:0:{}'),
	(0000001621,'Miss','Ramirez','Simone','Simone','Ramirez, Simone','','F','1621','dcd57c0b2f61220eb93fa398ed746b99013d6c497a025073c6b1e937a2bcd8e5','','','N','Full','Y',003,'003',NULL,'1621@localhost','','','',NULL,'',NULL,0,'','','','','','','','','','','','','','','','','','','','','','','','','','','','','','','','','','',NULL,'','','','','','','','','','','',011,'',NULL,NULL,000,'','','','','','','Y','Y','Y',NULL,'','','',NULL,'','',NULL,NULL,'','','Y','a:0:{}'),
	(0000001622,'Mr.','Ramirez','Leonard','Leonard','Ramirez, Leonard','','M','1622','dcd57c0b2f61220eb93fa398ed746b99013d6c497a025073c6b1e937a2bcd8e5','','','N','Full','Y',004,'004',NULL,'1622@localhost','','','',NULL,'',NULL,0,'','','','','','','','','','','','','','','','','','','','','','','','','','','','','','','','','','',NULL,'','','','','','','','','','','',NULL,'',NULL,NULL,NULL,'','','','','','','Y','Y','Y',NULL,'','','',NULL,'','',NULL,NULL,'','','Y','a:0:{}'),
	(0000001623,'Ms.','Ellison','Emmalee','Emmalee','Ellison, Emmalee','','F','1623','dcd57c0b2f61220eb93fa398ed746b99013d6c497a025073c6b1e937a2bcd8e5','','','N','Full','Y',004,'004',NULL,'1623@localhost','','','',NULL,'',NULL,0,'','','','','','','','','','','','','','','','','','','','','','','','','','','','','','','','','','',NULL,'','','','','','','','','','','',NULL,'',NULL,NULL,NULL,'','','','','','','Y','Y','Y',NULL,'','','',NULL,'','',NULL,NULL,'','','Y','a:0:{}'),
	(0000001627,'Ms.','Santiago','Madison','Madison','Santiago, Madison','','F','1627','dcd57c0b2f61220eb93fa398ed746b99013d6c497a025073c6b1e937a2bcd8e5','','','N','Full','Y',003,'003',NULL,'1627@localhost','','','',NULL,'',NULL,0,'','','','','','','','','','','','','','','','','','','','','','','','','','','','','','','','','','',NULL,'','','','','','','','','','','',010,'',NULL,NULL,000,'','','','','','','Y','Y','Y',NULL,'','','',NULL,'','',NULL,NULL,'','','Y','a:0:{}'),
	(0000001628,'Miss','Ramirez','Skye','Skye','Ramirez, Skye','','F','1628','dcd57c0b2f61220eb93fa398ed746b99013d6c497a025073c6b1e937a2bcd8e5','','','N','Full','Y',003,'003',NULL,'1628@localhost','','','',NULL,'',NULL,0,'','','','','','','','','','','','','','','','','','','','','','','','','','','','','','','','','','',NULL,'','','','','','','','','','','',011,'',NULL,NULL,000,'','','','','','','Y','Y','Y',NULL,'','','',NULL,'','',NULL,NULL,'','','Y','a:0:{}'),
	(0000001629,'Mrs.','Ramirez','Ashtyn','Ashtyn','Ramirez, Ashtyn','','F','1629','dcd57c0b2f61220eb93fa398ed746b99013d6c497a025073c6b1e937a2bcd8e5','','','N','Full','Y',004,'004',NULL,'1629@localhost','','','',NULL,'',NULL,0,'','','','','','','','','','','','','','','','','','','','','','','','','','','','','','','','','','',NULL,'','','','','','','','','','','',NULL,'',NULL,NULL,NULL,'','','','','','','Y','Y','Y',NULL,'','','',NULL,'','',NULL,NULL,'','','Y','a:0:{}'),
	(0000001630,'Mr.','Ramirez','Rafael','Rafael','Ramirez, Rafael','','M','1630','dcd57c0b2f61220eb93fa398ed746b99013d6c497a025073c6b1e937a2bcd8e5','','','N','Full','Y',004,'004',NULL,'1630@localhost','','','',NULL,'',NULL,0,'','','','','','','','','','','','','','','','','','','','','','','','','','','','','','','','','','',NULL,'','','','','','','','','','','',NULL,'',NULL,NULL,NULL,'','','','','','','Y','Y','Y',NULL,'','','',NULL,'','',NULL,NULL,'','','Y','a:0:{}'),
	(0000001631,'Miss','Potter','Clara','Clara','Potter, Clara','','F','1631','dcd57c0b2f61220eb93fa398ed746b99013d6c497a025073c6b1e937a2bcd8e5','','','N','Full','Y',003,'003',NULL,'1631@localhost','','','',NULL,'',NULL,0,'','','','','','','','','','','','','','','','','','','','','','','','','','','','','','','','','','',NULL,'','','','','','','','','','','',009,'',NULL,NULL,000,'','','','','','','Y','Y','Y',NULL,'','','',NULL,'','',NULL,NULL,'','','Y','a:0:{}'),
	(0000001632,'Mr.','Potter','Lucille','Lucille','Potter, Lucille','','M','1632','dcd57c0b2f61220eb93fa398ed746b99013d6c497a025073c6b1e937a2bcd8e5','','','N','Full','Y',004,'004',NULL,'1632@localhost','','','',NULL,'',NULL,0,'','','','','','','','','','','','','','','','','','','','','','','','','','','','','','','','','','',NULL,'','','','','','','','','','','',NULL,'',NULL,NULL,NULL,'','','','','','','Y','Y','Y',NULL,'','','',NULL,'','',NULL,NULL,'','','Y','a:0:{}'),
	(0000001639,'Miss','Ellison','Raven','Raven','Ellison, Raven','','F','1639','dcd57c0b2f61220eb93fa398ed746b99013d6c497a025073c6b1e937a2bcd8e5','','','N','Full','Y',003,'003',NULL,'1639@localhost','','','',NULL,'',NULL,0,'','','','','','','','','','','','','','','','','','','','','','','','','','','','','','','','','','',NULL,'','','','','','','','','','','',009,'',NULL,NULL,000,'','','','','','','Y','Y','Y',NULL,'','','',NULL,'','',NULL,NULL,'','','Y','a:0:{}'),
	(0000001640,'Ms.','Norton','Alejandra','Alejandra','Norton, Alejandra','','F','1640','dcd57c0b2f61220eb93fa398ed746b99013d6c497a025073c6b1e937a2bcd8e5','','','N','Full','Y',004,'004',NULL,'1640@localhost','','','',NULL,'',NULL,0,'','','','','','','','','','','','','','','','','','','','','','','','','','','','','','','','','','',NULL,'','','','','','','','','','','',NULL,'',NULL,NULL,NULL,'','','','','','','Y','Y','Y',NULL,'','','',NULL,'','',NULL,NULL,'','','Y','a:0:{}'),
	(0000001641,'Mr.','Ellison','Roselyn','Roselyn','Ellison, Roselyn','','M','1641','dcd57c0b2f61220eb93fa398ed746b99013d6c497a025073c6b1e937a2bcd8e5','','','N','Full','Y',004,'004',NULL,'1641@localhost','','','',NULL,'',NULL,0,'','','','','','','','','','','','','','','','','','','','','','','','','','','','','','','','','','',NULL,'','','','','','','','','','','',NULL,'',NULL,NULL,NULL,'','','','','','','Y','Y','Y',NULL,'','','',NULL,'','',NULL,NULL,'','','Y','a:0:{}'),
	(0000001642,'Miss','Ellison','Kara','Kara','Ellison, Kara','','F','1642','dcd57c0b2f61220eb93fa398ed746b99013d6c497a025073c6b1e937a2bcd8e5','','','N','Full','Y',003,'003',NULL,'1642@localhost','','','',NULL,'',NULL,0,'','','','','','','','','','','','','','','','','','','','','','','','','','','','','','','','','','',NULL,'','','','','','','','','','','',009,'',NULL,NULL,000,'','','','','','','Y','Y','Y',NULL,'','','',NULL,'','',NULL,NULL,'','','Y','a:0:{}'),
	(0000001643,'Mrs.','Hickman','Hope','Hope','Hickman, Hope','','F','1643','dcd57c0b2f61220eb93fa398ed746b99013d6c497a025073c6b1e937a2bcd8e5','','','N','Full','Y',004,'004',NULL,'1643@localhost','','','',NULL,'',NULL,0,'','','','','','','','','','','','','','','','','','','','','','','','','','','','','','','','','','',NULL,'','','','','','','','','','','',NULL,'',NULL,NULL,NULL,'','','','','','','Y','Y','Y',NULL,'','','',NULL,'','',NULL,NULL,'','','Y','a:0:{}'),
	(0000001644,'Mr.','Ellison','Mohammed','Mohammed','Ellison, Mohammed','','M','1644','dcd57c0b2f61220eb93fa398ed746b99013d6c497a025073c6b1e937a2bcd8e5','','','N','Full','Y',004,'004',NULL,'1644@localhost','','','',NULL,'',NULL,0,'','','','','','','','','','','','','','','','','','','','','','','','','','','','','','','','','','',NULL,'','','','','','','','','','','',NULL,'',NULL,NULL,NULL,'','','','','','','Y','Y','Y',NULL,'','','',NULL,'','',NULL,NULL,'','','Y','a:0:{}'),
	(0000001645,'Miss','Ellison','India','India','Ellison, India','','F','1645','dcd57c0b2f61220eb93fa398ed746b99013d6c497a025073c6b1e937a2bcd8e5','','','N','Full','Y',003,'003',NULL,'1645@localhost','','','',NULL,'',NULL,0,'','','','','','','','','','','','','','','','','','','','','','','','','','','','','','','','','','',NULL,'','','','','','','','','','','',009,'',NULL,NULL,000,'','','','','','','Y','Y','Y',NULL,'','','',NULL,'','',NULL,NULL,'','','Y','a:0:{}'),
	(0000001648,'Miss','Cox','Clara','Clara','Cox, Clara','','F','1648','dcd57c0b2f61220eb93fa398ed746b99013d6c497a025073c6b1e937a2bcd8e5','','','N','Full','Y',003,'003',NULL,'1648@localhost','','','',NULL,'',NULL,0,'','','','','','','','','','','','','','','','','','','','','','','','','','','','','','','','','','',NULL,'','','','','','','','','','','',011,'',NULL,NULL,000,'','','','','','','Y','Y','Y',NULL,'','','',NULL,'','',NULL,NULL,'','','Y','a:0:{}'),
	(0000001649,'Ms.','Bradford','Jocelynn','Jocelynn','Bradford, Jocelynn','','F','1649','dcd57c0b2f61220eb93fa398ed746b99013d6c497a025073c6b1e937a2bcd8e5','','','N','Full','Y',004,'004',NULL,'1649@localhost','','','',NULL,'',NULL,0,'','','','','','','','','','','','','','','','','','','','','','','','','','','','','','','','','','',NULL,'','','','','','','','','','','',NULL,'',NULL,NULL,NULL,'','','','','','','Y','Y','Y',NULL,'','','',NULL,'','',NULL,NULL,'','','Y','a:0:{}'),
	(0000001650,'Mr.','Cox','Mohammed','Mohammed','Cox, Mohammed','','M','1650','dcd57c0b2f61220eb93fa398ed746b99013d6c497a025073c6b1e937a2bcd8e5','','','N','Full','Y',004,'004',NULL,'1650@localhost','','','',NULL,'',NULL,0,'','','','','','','','','','','','','','','','','','','','','','','','','','','','','','','','','','',NULL,'','','','','','','','','','','',NULL,'',NULL,NULL,NULL,'','','','','','','Y','Y','Y',NULL,'','','',NULL,'','',NULL,NULL,'','','Y','a:0:{}'),
	(0000001654,'','Hebert','Aaron','Aaron','Hebert, Aaron','','M','1654','dcd57c0b2f61220eb93fa398ed746b99013d6c497a025073c6b1e937a2bcd8e5','','','N','Full','Y',003,'003',NULL,'1654@localhost','','','',NULL,'',NULL,0,'','','','','','','','','','','','','','','','','','','','','','','','','','','','','','','','','','',NULL,'','','','','','','','','','','',011,'',NULL,NULL,000,'','','','','','','Y','Y','Y',NULL,'','','',NULL,'','',NULL,NULL,'','','Y','a:0:{}'),
	(0000001655,'Ms.','Wilson','Cara','Cara','Wilson, Cara','','F','1655','dcd57c0b2f61220eb93fa398ed746b99013d6c497a025073c6b1e937a2bcd8e5','','','N','Full','Y',004,'004',NULL,'1655@localhost','','','',NULL,'',NULL,0,'','','','','','','','','','','','','','','','','','','','','','','','','','','','','','','','','','',NULL,'','','','','','','','','','','',NULL,'',NULL,NULL,NULL,'','','','','','','Y','Y','Y',NULL,'','','',NULL,'','',NULL,NULL,'','','Y','a:0:{}'),
	(0000001656,'Mr.','Hebert','Bryant','Bryant','Hebert, Bryant','','M','1656','dcd57c0b2f61220eb93fa398ed746b99013d6c497a025073c6b1e937a2bcd8e5','','','N','Full','Y',004,'004',NULL,'1656@localhost','','','',NULL,'',NULL,0,'','','','','','','','','','','','','','','','','','','','','','','','','','','','','','','','','','',NULL,'','','','','','','','','','','',NULL,'',NULL,NULL,NULL,'','','','','','','Y','Y','Y',NULL,'','','',NULL,'','',NULL,NULL,'','','Y','a:0:{}'),
	(0000001657,'','Cox','Annalise','Annalise','Cox, Annalise','','F','1657','dcd57c0b2f61220eb93fa398ed746b99013d6c497a025073c6b1e937a2bcd8e5','','','N','Full','Y',003,'003',NULL,'1657@localhost','','','',NULL,'',NULL,0,'','','','','','','','','','','','','','','','','','','','','','','','','','','','','','','','','','',NULL,'','','','','','','','','','','',011,'',NULL,NULL,000,'','','','','','','Y','Y','Y',NULL,'','','',NULL,'','',NULL,NULL,'','','Y','a:0:{}'),
	(0000001664,'','Everett','Bruce','Bruce','Everett, Bruce','','M','1664','dcd57c0b2f61220eb93fa398ed746b99013d6c497a025073c6b1e937a2bcd8e5','','','N','Full','Y',003,'003',NULL,'1664@localhost','','','',NULL,'',NULL,0,'','','','','','','','','','','','','','','','','','','','','','','','','','','','','','','','','','',NULL,'','','','','','','','','','','',009,'',NULL,NULL,000,'','','','','','','Y','Y','Y',NULL,'','','',NULL,'','',NULL,NULL,'','','Y','a:0:{}'),
	(0000001665,'Ms.','Mcdaniel','Emilia','Emilia','Mcdaniel, Emilia','','F','1665','dcd57c0b2f61220eb93fa398ed746b99013d6c497a025073c6b1e937a2bcd8e5','','','N','Full','Y',004,'004',NULL,'1665@localhost','','','',NULL,'',NULL,0,'','','','','','','','','','','','','','','','','','','','','','','','','','','','','','','','','','',NULL,'','','','','','','','','','','',NULL,'',NULL,NULL,NULL,'','','','','','','Y','Y','Y',NULL,'','','',NULL,'','',NULL,NULL,'','','Y','a:0:{}'),
	(0000001666,'Mr.','Mueller','Derick','Derick','Mueller, Derick','','M','1666','dcd57c0b2f61220eb93fa398ed746b99013d6c497a025073c6b1e937a2bcd8e5','','','N','Full','Y',004,'004',NULL,'1666@localhost','','','',NULL,'',NULL,0,'','','','','','','','','','','','','','','','','','','','','','','','','','','','','','','','','','',NULL,'','','','','','','','','','','',NULL,'',NULL,NULL,NULL,'','','','','','','Y','Y','Y',NULL,'','','',NULL,'','',NULL,NULL,'','','Y','a:0:{}'),
	(0000001667,'Mr.','Esparza','Kylan','Kylan','Esparza, Kylan','','M','1667','dcd57c0b2f61220eb93fa398ed746b99013d6c497a025073c6b1e937a2bcd8e5','','','N','Full','Y',003,'003',NULL,'1667@localhost','','','',NULL,'',NULL,0,'','','','','','','','','','','','','','','','','','','','','','','','','','','','','','','','','','',NULL,'','','','','','','','','','','',011,'',NULL,NULL,000,'','','','','','','Y','Y','Y',NULL,'','','',NULL,'','',NULL,NULL,'','','Y','a:0:{}'),
	(0000001668,'Ms.','Bishop','Angie','Angie','Bishop, Angie','','F','1668','dcd57c0b2f61220eb93fa398ed746b99013d6c497a025073c6b1e937a2bcd8e5','','','N','Full','Y',004,'004',NULL,'1668@localhost','','','',NULL,'',NULL,0,'','','','','','','','','','','','','','','','','','','','','','','','','','','','','','','','','','',NULL,'','','','','','','','','','','',NULL,'',NULL,NULL,NULL,'','','','','','','Y','Y','Y',NULL,'','','',NULL,'','',NULL,NULL,'','','Y','a:0:{}'),
	(0000001669,'Mr.','Esparza','Trent','Trent','Esparza, Trent','','M','1669','dcd57c0b2f61220eb93fa398ed746b99013d6c497a025073c6b1e937a2bcd8e5','','','N','Full','Y',004,'004',NULL,'1669@localhost','','','',NULL,'',NULL,0,'','','','','','','','','','','','','','','','','','','','','','','','','','','','','','','','','','',NULL,'','','','','','','','','','','',NULL,'',NULL,NULL,NULL,'','','','','','','Y','Y','Y',NULL,'','','',NULL,'','',NULL,NULL,'','','Y','a:0:{}'),
	(0000001671,'Mrs.','Ballard','Asia','Asia','Ballard, Asia','','F','1671','dcd57c0b2f61220eb93fa398ed746b99013d6c497a025073c6b1e937a2bcd8e5','','','N','Full','Y',004,'004',NULL,'1671@localhost','','','',NULL,'',NULL,0,'','','','','','','','','','','','','','','','','','','','','','','','','','','','','','','','','','',NULL,'','','','','','','','','','','',NULL,'',NULL,NULL,NULL,'','','','','','','Y','Y','Y',NULL,'','','',NULL,'','',NULL,NULL,'','','Y','a:0:{}'),
	(0000001677,'Mr.','Pierce','Amare','Amare','Pierce, Amare','','M','1677','dcd57c0b2f61220eb93fa398ed746b99013d6c497a025073c6b1e937a2bcd8e5','','','N','Full','Y',003,'003',NULL,'1677@localhost','','','',NULL,'',NULL,0,'','','','','','','','','','','','','','','','','','','','','','','','','','','','','','','','','','',NULL,'','','','','','','','','','','',010,'',NULL,NULL,000,'','','','','','','Y','Y','Y',NULL,'','','',NULL,'','',NULL,NULL,'','','Y','a:0:{}'),
	(0000001678,'Mr.','Pierce','Laila','Laila','Pierce, Laila','','M','1678','dcd57c0b2f61220eb93fa398ed746b99013d6c497a025073c6b1e937a2bcd8e5','','','N','Full','Y',004,'004',NULL,'1678@localhost','','','',NULL,'',NULL,0,'','','','','','','','','','','','','','','','','','','','','','','','','','','','','','','','','','',NULL,'','','','','','','','','','','',NULL,'',NULL,NULL,NULL,'','','','','','','Y','Y','Y',NULL,'','','',NULL,'','',NULL,NULL,'','','Y','a:0:{}'),
	(0000001679,'Ms.','Simpson','Aria','Aria','Simpson, Aria','','F','1679','dcd57c0b2f61220eb93fa398ed746b99013d6c497a025073c6b1e937a2bcd8e5','','','N','Full','Y',004,'004',NULL,'1679@localhost','','','',NULL,'',NULL,0,'','','','','','','','','','','','','','','','','','','','','','','','','','','','','','','','','','',NULL,'','','','','','','','','','','',NULL,'',NULL,NULL,NULL,'','','','','','','Y','Y','Y',NULL,'','','',NULL,'','',NULL,NULL,'','','Y','a:0:{}'),
	(0000001680,'Mr.','Dodson','Donte','Donte','Dodson, Donte','','M','1680','dcd57c0b2f61220eb93fa398ed746b99013d6c497a025073c6b1e937a2bcd8e5','','','N','Full','Y',003,'003',NULL,'1680@localhost','','','',NULL,'',NULL,0,'','','','','','','','','','','','','','','','','','','','','','','','','','','','','','','','','','',NULL,'','','','','','','','','','','',010,'',NULL,NULL,000,'','','','','','','Y','Y','Y',NULL,'','','',NULL,'','',NULL,NULL,'','','Y','a:0:{}'),
	(0000001681,'Mrs.','Dodson','Tessa','Tessa','Dodson, Tessa','','F','1681','dcd57c0b2f61220eb93fa398ed746b99013d6c497a025073c6b1e937a2bcd8e5','','','N','Full','Y',004,'004',NULL,'1681@localhost','','','',NULL,'',NULL,0,'','','','','','','','','','','','','','','','','','','','','','','','','','','','','','','','','','',NULL,'','','','','','','','','','','',NULL,'',NULL,NULL,NULL,'','','','','','','Y','Y','Y',NULL,'','','',NULL,'','',NULL,NULL,'','','Y','a:0:{}'),
	(0000001682,'Mr.','Dodson','Micah','Micah','Dodson, Micah','','M','1682','dcd57c0b2f61220eb93fa398ed746b99013d6c497a025073c6b1e937a2bcd8e5','','','N','Full','Y',004,'004',NULL,'1682@localhost','','','',NULL,'',NULL,0,'','','','','','','','','','','','','','','','','','','','','','','','','','','','','','','','','','',NULL,'','','','','','','','','','','',NULL,'',NULL,NULL,NULL,'','','','','','','Y','Y','Y',NULL,'','','',NULL,'','',NULL,NULL,'','','Y','a:0:{}'),
	(0000001683,'Mr.','Dodson','Darwin','Darwin','Dodson, Darwin','','M','1683','dcd57c0b2f61220eb93fa398ed746b99013d6c497a025073c6b1e937a2bcd8e5','','','N','Full','Y',003,'003',NULL,'1683@localhost','','','',NULL,'',NULL,0,'','','','','','','','','','','','','','','','','','','','','','','','','','','','','','','','','','',NULL,'','','','','','','','','','','',010,'',NULL,NULL,000,'','','','','','','Y','Y','Y',NULL,'','','',NULL,'','',NULL,NULL,'','','Y','a:0:{}'),
	(0000001686,'Miss','Dodson','Ashanti','Ashanti','Dodson, Ashanti','','F','1686','dcd57c0b2f61220eb93fa398ed746b99013d6c497a025073c6b1e937a2bcd8e5','','','N','Full','Y',003,'003',NULL,'1686@localhost','','','',NULL,'',NULL,0,'','','','','','','','','','','','','','','','','','','','','','','','','','','','','','','','','','',NULL,'','','','','','','','','','','',009,'',NULL,NULL,000,'','','','','','','Y','Y','Y',NULL,'','','',NULL,'','',NULL,NULL,'','','Y','a:0:{}'),
	(0000001692,'','Garcia','Simone','Simone','Garcia, Simone','','F','1692','dcd57c0b2f61220eb93fa398ed746b99013d6c497a025073c6b1e937a2bcd8e5','','','N','Full','Y',003,'003',NULL,'1692@localhost','','','',NULL,'',NULL,0,'','','','','','','','','','','','','','','','','','','','','','','','','','','','','','','','','','',NULL,'','','','','','','','','','','',011,'',NULL,NULL,000,'','','','','','','Y','Y','Y',NULL,'','','',NULL,'','',NULL,NULL,'','','Y','a:0:{}'),
	(0000001693,'Mr.','Garcia','Kyan','Kyan','Garcia, Kyan','','M','1693','dcd57c0b2f61220eb93fa398ed746b99013d6c497a025073c6b1e937a2bcd8e5','','','N','Full','Y',004,'004',NULL,'1693@localhost','','','',NULL,'',NULL,0,'','','','','','','','','','','','','','','','','','','','','','','','','','','','','','','','','','',NULL,'','','','','','','','','','','',NULL,'',NULL,NULL,NULL,'','','','','','','Y','Y','Y',NULL,'','','',NULL,'','',NULL,NULL,'','','Y','a:0:{}'),
	(0000001694,'Ms.','Bullock','Shaniya','Shaniya','Bullock, Shaniya','','F','1694','dcd57c0b2f61220eb93fa398ed746b99013d6c497a025073c6b1e937a2bcd8e5','','','N','Full','Y',004,'004',NULL,'1694@localhost','','','',NULL,'',NULL,0,'','','','','','','','','','','','','','','','','','','','','','','','','','','','','','','','','','',NULL,'','','','','','','','','','','',NULL,'',NULL,NULL,NULL,'','','','','','','Y','Y','Y',NULL,'','','',NULL,'','',NULL,NULL,'','','Y','a:0:{}'),
	(0000001700,'Miss','Oliver','Elisa','Elisa','Oliver, Elisa','','F','1700','dcd57c0b2f61220eb93fa398ed746b99013d6c497a025073c6b1e937a2bcd8e5','','','N','Full','Y',003,'003',NULL,'1700@localhost','','','',NULL,'',NULL,0,'','','','','','','','','','','','','','','','','','','','','','','','','','','','','','','','','','',NULL,'','','','','','','','','','','',010,'',NULL,NULL,000,'','','','','','','Y','Y','Y',NULL,'','','',NULL,'','',NULL,NULL,'','','Y','a:0:{}'),
	(0000001701,'Ms.','York','Yazmin','Yazmin','York, Yazmin','','F','1701','dcd57c0b2f61220eb93fa398ed746b99013d6c497a025073c6b1e937a2bcd8e5','','','N','Full','Y',004,'004',NULL,'1701@localhost','','','',NULL,'',NULL,0,'','','','','','','','','','','','','','','','','','','','','','','','','','','','','','','','','','',NULL,'','','','','','','','','','','',NULL,'',NULL,NULL,NULL,'','','','','','','Y','Y','Y',NULL,'','','',NULL,'','',NULL,NULL,'','','Y','a:0:{}'),
	(0000001702,'Mr.','Oliver','Dashawn','Dashawn','Oliver, Dashawn','','M','1702','dcd57c0b2f61220eb93fa398ed746b99013d6c497a025073c6b1e937a2bcd8e5','','','N','Full','Y',004,'004',NULL,'1702@localhost','','','',NULL,'',NULL,0,'','','','','','','','','','','','','','','','','','','','','','','','','','','','','','','','','','',NULL,'','','','','','','','','','','',NULL,'',NULL,NULL,NULL,'','','','','','','Y','Y','Y',NULL,'','','',NULL,'','',NULL,NULL,'','','Y','a:0:{}'),
	(0000001706,'Mr.','Oneal','Marley','Marley','Oneal, Marley','','M','1706','dcd57c0b2f61220eb93fa398ed746b99013d6c497a025073c6b1e937a2bcd8e5','','','N','Full','Y',003,'003',NULL,'1706@localhost','','','',NULL,'',NULL,0,'','','','','','','','','','','','','','','','','','','','','','','','','','','','','','','','','','',NULL,'','','','','','','','','','','',010,'',NULL,NULL,000,'','','','','','','Y','Y','Y',NULL,'','','',NULL,'','',NULL,NULL,'','','Y','a:0:{}'),
	(0000001710,'Ms.','Beck','Jadyn','Jadyn','Beck, Jadyn','','F','1710','dcd57c0b2f61220eb93fa398ed746b99013d6c497a025073c6b1e937a2bcd8e5','','','N','Full','Y',003,'003',NULL,'1710@localhost','','','',NULL,'',NULL,0,'','','','','','','','','','','','','','','','','','','','','','','','','','','','','','','','','','',NULL,'','','','','','','','','','','',010,'',NULL,NULL,000,'','','','','','','Y','Y','Y',NULL,'','','',NULL,'','',NULL,NULL,'','','Y','a:0:{}'),
	(0000001713,'','Hernandez','Jovan','Jovan','Hernandez, Jovan','','M','1713','dcd57c0b2f61220eb93fa398ed746b99013d6c497a025073c6b1e937a2bcd8e5','','','N','Full','Y',003,'003',NULL,'1713@localhost','','','',NULL,'',NULL,0,'','','','','','','','','','','','','','','','','','','','','','','','','','','','','','','','','','',NULL,'','','','','','','','','','','',011,'',NULL,NULL,000,'','','','','','','Y','Y','Y',NULL,'','','',NULL,'','',NULL,NULL,'','','Y','a:0:{}'),
	(0000001716,'Mr.','Moyer','Eugene','Eugene','Moyer, Eugene','','M','1716','dcd57c0b2f61220eb93fa398ed746b99013d6c497a025073c6b1e937a2bcd8e5','','','N','Full','Y',003,'003',NULL,'1716@localhost','','','',NULL,'',NULL,0,'','','','','','','','','','','','','','','','','','','','','','','','','','','','','','','','','','',NULL,'','','','','','','','','','','',011,'',NULL,NULL,000,'','','','','','','Y','Y','Y',NULL,'','','',NULL,'','',NULL,NULL,'','','Y','a:0:{}'),
	(0000001717,'Ms.','Jarvis','Zoie','Zoie','Jarvis, Zoie','','F','1717','dcd57c0b2f61220eb93fa398ed746b99013d6c497a025073c6b1e937a2bcd8e5','','','N','Full','Y',004,'004',NULL,'1717@localhost','','','',NULL,'',NULL,0,'','','','','','','','','','','','','','','','','','','','','','','','','','','','','','','','','','',NULL,'','','','','','','','','','','',NULL,'',NULL,NULL,NULL,'','','','','','','Y','Y','Y',NULL,'','','',NULL,'','',NULL,NULL,'','','Y','a:0:{}'),
	(0000001721,'Mr.','Ray','Valentin','Valentin','Ray, Valentin','','M','1721','dcd57c0b2f61220eb93fa398ed746b99013d6c497a025073c6b1e937a2bcd8e5','','','N','Full','Y',003,'003',NULL,'1721@localhost','','','',NULL,'',NULL,0,'','','','','','','','','','','','','','','','','','','','','','','','','','','','','','','','','','',NULL,'','','','','','','','','','','',009,'',NULL,NULL,000,'','','','','','','Y','Y','Y',NULL,'','','',NULL,'','',NULL,NULL,'','','Y','a:0:{}'),
	(0000001722,'Mr.','Ray','Jaidyn','Jaidyn','Ray, Jaidyn','','M','1722','dcd57c0b2f61220eb93fa398ed746b99013d6c497a025073c6b1e937a2bcd8e5','','','N','Full','Y',004,'004',NULL,'1722@localhost','','','',NULL,'',NULL,0,'','','','','','','','','','','','','','','','','','','','','','','','','','','','','','','','','','',NULL,'','','','','','','','','','','',NULL,'',NULL,NULL,NULL,'','','','','','','Y','Y','Y',NULL,'','','',NULL,'','',NULL,NULL,'','','Y','a:0:{}'),
	(0000001723,'Ms.','Hopkins','Alondra','Alondra','Hopkins, Alondra','','F','1723','dcd57c0b2f61220eb93fa398ed746b99013d6c497a025073c6b1e937a2bcd8e5','','','N','Full','Y',004,'004',NULL,'1723@localhost','','','',NULL,'',NULL,0,'','','','','','','','','','','','','','','','','','','','','','','','','','','','','','','','','','',NULL,'','','','','','','','','','','',NULL,'',NULL,NULL,NULL,'','','','','','','Y','Y','Y',NULL,'','','',NULL,'','',NULL,NULL,'','','Y','a:0:{}'),
	(0000001728,'Ms.','Watson','Aliya','Aliya','Watson, Aliya','','F','1728','dcd57c0b2f61220eb93fa398ed746b99013d6c497a025073c6b1e937a2bcd8e5','','','N','Full','Y',002,'002',NULL,'1728@localhost','','','',NULL,'',NULL,0,'','','','','','','','','','','','','','','','','','','','','','','','','','','','','','','','','','',NULL,'','','','','','','','','','','',NULL,'',NULL,NULL,NULL,'','','','','','','Y','Y','Y',NULL,'','','',NULL,'','',NULL,NULL,'','','Y','a:0:{}'),
	(0000001730,'Miss','Mccormick','Karsyn','Karsyn','Mccormick, Karsyn','','F','1730','dcd57c0b2f61220eb93fa398ed746b99013d6c497a025073c6b1e937a2bcd8e5','','','N','Full','Y',003,'003',NULL,'1730@localhost','','','',NULL,'',NULL,0,'','','','','','','','','','','','','','','','','','','','','','','','','','','','','','','','','','',NULL,'','','','','','','','','','','',009,'',NULL,NULL,000,'','','','','','','Y','Y','Y',NULL,'','','',NULL,'','',NULL,NULL,'','','Y','a:0:{}'),
	(0000001731,'Ms.','Mccormick','Alondra','Alondra','Mccormick, Alondra','','F','1731','dcd57c0b2f61220eb93fa398ed746b99013d6c497a025073c6b1e937a2bcd8e5','','','N','Full','Y',004,'004',NULL,'1731@localhost','','','',NULL,'',NULL,0,'','','','','','','','','','','','','','','','','','','','','','','','','','','','','','','','','','',NULL,'','','','','','','','','','','',NULL,'',NULL,NULL,NULL,'','','','','','','Y','Y','Y',NULL,'','','',NULL,'','',NULL,NULL,'','','Y','a:0:{}'),
	(0000001735,'Miss','Ballard','Braelyn','Braelyn','Ballard, Braelyn','','F','1735','dcd57c0b2f61220eb93fa398ed746b99013d6c497a025073c6b1e937a2bcd8e5','','','N','Full','Y',003,'003',NULL,'1735@localhost','','','',NULL,'',NULL,0,'','','','','','','','','','','','','','','','','','','','','','','','','','','','','','','','','','',NULL,'','','','','','','','','','','',010,'',NULL,NULL,000,'','','','','','','Y','Y','Y',NULL,'','','',NULL,'','',NULL,NULL,'','','Y','a:0:{}'),
	(0000001736,'Mr.','Ballard','Donovan','Donovan','Ballard, Donovan','','M','1736','dcd57c0b2f61220eb93fa398ed746b99013d6c497a025073c6b1e937a2bcd8e5','','','N','Full','Y',004,'004',NULL,'1736@localhost','','','',NULL,'',NULL,0,'','','','','','','','','','','','','','','','','','','','','','','','','','','','','','','','','','',NULL,'','','','','','','','','','','',NULL,'',NULL,NULL,NULL,'','','','','','','Y','Y','Y',NULL,'','','',NULL,'','',NULL,NULL,'','','Y','a:0:{}'),
	(0000001737,'Ms.','Blanchard','Anabella','Anabella','Blanchard, Anabella','','F','1737','dcd57c0b2f61220eb93fa398ed746b99013d6c497a025073c6b1e937a2bcd8e5','','','N','Full','Y',004,'004',NULL,'1737@localhost','','','',NULL,'',NULL,0,'','','','','','','','','','','','','','','','','','','','','','','','','','','','','','','','','','',NULL,'','','','','','','','','','','',NULL,'',NULL,NULL,NULL,'','','','','','','Y','Y','Y',NULL,'','','',NULL,'','',NULL,NULL,'','','Y','a:0:{}'),
	(0000001739,'Mr.','Hatfield','Asher','Asher','Hatfield, Asher','','M','1739','dcd57c0b2f61220eb93fa398ed746b99013d6c497a025073c6b1e937a2bcd8e5','','','N','Full','Y',003,'003',NULL,'1739@localhost','','','',NULL,'',NULL,0,'','','','','','','','','','','','','','','','','','','','','','','','','','','','','','','','','','',NULL,'','','','','','','','','','','',010,'',NULL,NULL,000,'','','','','','','Y','Y','Y',NULL,'','','',NULL,'','',NULL,NULL,'','','Y','a:0:{}'),
	(0000001740,'Mrs.','Hopkins','Izabella','Izabella','Hopkins, Izabella','','F','1740','dcd57c0b2f61220eb93fa398ed746b99013d6c497a025073c6b1e937a2bcd8e5','','','N','Full','Y',004,'004',NULL,'1740@localhost','','','',NULL,'',NULL,0,'','','','','','','','','','','','','','','','','','','','','','','','','','','','','','','','','','',NULL,'','','','','','','','','','','',NULL,'',NULL,NULL,NULL,'','','','','','','Y','Y','Y',NULL,'','','',NULL,'','',NULL,NULL,'','','Y','a:0:{}'),
	(0000001741,'Mr.','Hatfield','Chace','Chace','Hatfield, Chace','','M','1741','dcd57c0b2f61220eb93fa398ed746b99013d6c497a025073c6b1e937a2bcd8e5','','','N','Full','Y',004,'004',NULL,'1741@localhost','','','',NULL,'',NULL,0,'','','','','','','','','','','','','','','','','','','','','','','','','','','','','','','','','','',NULL,'','','','','','','','','','','',NULL,'',NULL,NULL,NULL,'','','','','','','Y','Y','Y',NULL,'','','',NULL,'','',NULL,NULL,'','','Y','a:0:{}'),
	(0000001744,'Ms.','Simpson','Angeline','Angeline','Simpson, Angeline','','F','1744','dcd57c0b2f61220eb93fa398ed746b99013d6c497a025073c6b1e937a2bcd8e5','','','N','Full','Y',003,'003',NULL,'1744@localhost','','','',NULL,'',NULL,0,'','','','','','','','','','','','','','','','','','','','','','','','','','','','','','','','','','',NULL,'','','','','','','','','','','',009,'',NULL,NULL,000,'','','','','','','Y','Y','Y',NULL,'','','',NULL,'','',NULL,NULL,'','','Y','a:0:{}'),
	(0000001745,'Mrs.','Ellison','Jayla','Jayla','Ellison, Jayla','','F','1745','dcd57c0b2f61220eb93fa398ed746b99013d6c497a025073c6b1e937a2bcd8e5','','','N','Full','Y',004,'004',NULL,'1745@localhost','','','',NULL,'',NULL,0,'','','','','','','','','','','','','','','','','','','','','','','','','','','','','','','','','','',NULL,'','','','','','','','','','','',NULL,'',NULL,NULL,NULL,'','','','','','','Y','Y','Y',NULL,'','','',NULL,'','',NULL,NULL,'','','Y','a:0:{}'),
	(0000001746,'Mr.','Simpson','Laila','Laila','Simpson, Laila','','M','1746','dcd57c0b2f61220eb93fa398ed746b99013d6c497a025073c6b1e937a2bcd8e5','','','N','Full','Y',004,'004',NULL,'1746@localhost','','','',NULL,'',NULL,0,'','','','','','','','','','','','','','','','','','','','','','','','','','','','','','','','','','',NULL,'','','','','','','','','','','',NULL,'',NULL,NULL,NULL,'','','','','','','Y','Y','Y',NULL,'','','',NULL,'','',NULL,NULL,'','','Y','a:0:{}'),
	(0000001753,'','Cross','Annika','Annika','Cross, Annika','','M','1753','dcd57c0b2f61220eb93fa398ed746b99013d6c497a025073c6b1e937a2bcd8e5','','','N','Full','Y',003,'003',NULL,'1753@localhost','','','',NULL,'',NULL,0,'','','','','','','','','','','','','','','','','','','','','','','','','','','','','','','','','','',NULL,'','','','','','','','','','','',011,'',NULL,NULL,000,'','','','','','','Y','Y','Y',NULL,'','','',NULL,'','',NULL,NULL,'','','Y','a:0:{}'),
	(0000001754,'Mrs.','Cross','Janae','Janae','Cross, Janae','','F','1754','dcd57c0b2f61220eb93fa398ed746b99013d6c497a025073c6b1e937a2bcd8e5','','','N','Full','Y',004,'004',NULL,'1754@localhost','','','',NULL,'',NULL,0,'','','','','','','','','','','','','','','','','','','','','','','','','','','','','','','','','','',NULL,'','','','','','','','','','','',NULL,'',NULL,NULL,NULL,'','','','','','','Y','Y','Y',NULL,'','','',NULL,'','',NULL,NULL,'','','Y','a:0:{}'),
	(0000001755,'Mr.','Cross','Fletcher','Fletcher','Cross, Fletcher','','M','1755','dcd57c0b2f61220eb93fa398ed746b99013d6c497a025073c6b1e937a2bcd8e5','','','N','Full','Y',004,'004',NULL,'1755@localhost','','','',NULL,'',NULL,0,'','','','','','','','','','','','','','','','','','','','','','','','','','','','','','','','','','',NULL,'','','','','','','','','','','',NULL,'',NULL,NULL,NULL,'','','','','','','Y','Y','Y',NULL,'','','',NULL,'','',NULL,NULL,'','','Y','a:0:{}'),
	(0000001761,'Mr.','Garrison','Tyrone','Tyrone','Garrison, Tyrone','','M','1761','dcd57c0b2f61220eb93fa398ed746b99013d6c497a025073c6b1e937a2bcd8e5','','','N','Full','Y',003,'003',NULL,'1761@localhost','','','',NULL,'',NULL,0,'','','','','','','','','','','','','','','','','','','','','','','','','','','','','','','','','','',NULL,'','','','','','','','','','','',009,'',NULL,NULL,000,'','','','','','','Y','Y','Y',NULL,'','','',NULL,'','',NULL,NULL,'','','Y','a:0:{}'),
	(0000001762,'Mr.','Garrison','Aron','Aron','Garrison, Aron','','M','1762','dcd57c0b2f61220eb93fa398ed746b99013d6c497a025073c6b1e937a2bcd8e5','','','N','Full','Y',004,'004',NULL,'1762@localhost','','','',NULL,'',NULL,0,'','','','','','','','','','','','','','','','','','','','','','','','','','','','','','','','','','',NULL,'','','','','','','','','','','',NULL,'',NULL,NULL,NULL,'','','','','','','Y','Y','Y',NULL,'','','',NULL,'','',NULL,NULL,'','','Y','a:0:{}'),
	(0000001763,'Mrs.','Garrison','Aliyah','Aliyah','Garrison, Aliyah','','F','1763','dcd57c0b2f61220eb93fa398ed746b99013d6c497a025073c6b1e937a2bcd8e5','','','N','Full','Y',004,'004',NULL,'1763@localhost','','','',NULL,'',NULL,0,'','','','','','','','','','','','','','','','','','','','','','','','','','','','','','','','','','',NULL,'','','','','','','','','','','',NULL,'',NULL,NULL,NULL,'','','','','','','Y','Y','Y',NULL,'','','',NULL,'','',NULL,NULL,'','','Y','a:0:{}'),
	(0000001773,'','Lin','Kyan','Kyan','Lin, Kyan','','M','1773','dcd57c0b2f61220eb93fa398ed746b99013d6c497a025073c6b1e937a2bcd8e5','','','N','Full','Y',003,'003',NULL,'1773@localhost','','','',NULL,'',NULL,0,'','','','','','','','','','','','','','','','','','','','','','','','','','','','','','','','','','',NULL,'','','','','','','','','','','',010,'',NULL,NULL,000,'','','','','','','Y','Y','Y',NULL,'','','',NULL,'','',NULL,NULL,'','','Y','a:0:{}'),
	(0000001774,'Ms.','Gallagher','Alannah','Alannah','Gallagher, Alannah','','F','1774','dcd57c0b2f61220eb93fa398ed746b99013d6c497a025073c6b1e937a2bcd8e5','','','N','Full','Y',004,'004',NULL,'1774@localhost','','','',NULL,'',NULL,0,'','','','','','','','','','','','','','','','','','','','','','','','','','','','','','','','','','',NULL,'','','','','','','','','','','',NULL,'',NULL,NULL,NULL,'','','','','','','Y','Y','Y',NULL,'','','',NULL,'','',NULL,NULL,'','','Y','a:0:{}'),
	(0000001775,'Mr.','Lin','Colten','Colten','Lin, Colten','','M','1775','dcd57c0b2f61220eb93fa398ed746b99013d6c497a025073c6b1e937a2bcd8e5','','','N','Full','Y',004,'004',NULL,'1775@localhost','','','',NULL,'',NULL,0,'','','','','','','','','','','','','','','','','','','','','','','','','','','','','','','','','','',NULL,'','','','','','','','','','','',NULL,'',NULL,NULL,NULL,'','','','','','','Y','Y','Y',NULL,'','','',NULL,'','',NULL,NULL,'','','Y','a:0:{}'),
	(0000001776,'Mr.','Mcpherson','Moshe','Moshe','Mcpherson, Moshe','','M','1776','dcd57c0b2f61220eb93fa398ed746b99013d6c497a025073c6b1e937a2bcd8e5','','','N','Full','Y',002,'002',NULL,'1776@localhost','','','',NULL,'',NULL,0,'','','','','','','','','','','','','','','','','','','','','','','','','','','','','','','','','','',NULL,'','','','','','','','','','','',009,'',NULL,NULL,NULL,'','','','','','','Y','Y','Y',NULL,'','','',NULL,'','',NULL,NULL,'','','Y','a:0:{}'),
	(0000001777,'Mr.','Jones','Devin','Devin','Jones, Devin','','M','1777','dcd57c0b2f61220eb93fa398ed746b99013d6c497a025073c6b1e937a2bcd8e5','','','N','Full','Y',002,'002',NULL,'1777@localhost','','','',NULL,'',NULL,0,'','','','','','','','','','','','','','','','','','','','','','','','','','','','','','','','','','',NULL,'','','','','','','','','','','',010,'',NULL,NULL,NULL,'','','','','','','Y','Y','Y',NULL,'','','',NULL,'','',NULL,NULL,'','','Y','a:0:{}'),
	(0000001778,'Mr.','Roberson','Joel','Joel','Roberson, Joel','','M','1778','dcd57c0b2f61220eb93fa398ed746b99013d6c497a025073c6b1e937a2bcd8e5','','','N','Full','Y',002,'002',NULL,'1778@localhost','','','',NULL,'',NULL,0,'','','','','','','','','','','','','','','','','','','','','','','','','','','','','','','','','','',NULL,'','','','','','','','','','','',011,'',NULL,NULL,NULL,'','','','','','','Y','Y','Y',NULL,'','','',NULL,'','',NULL,NULL,'','','Y','a:0:{}'),
	(0000001779,'','Harris','Luka','Luka','Harris, Luka','','M','1779','dcd57c0b2f61220eb93fa398ed746b99013d6c497a025073c6b1e937a2bcd8e5','','','N','Full','Y',003,'003',NULL,'1779@localhost','','','',NULL,'',NULL,0,'','','','','','','','','','','','','','','','','','','','','','','','','','','','','','','','','','',NULL,'','','','','','','','','','','',009,'',NULL,NULL,000,'','','','','','','Y','Y','Y',NULL,'','','',NULL,'','',NULL,NULL,'','','Y','a:0:{}'),
	(0000001780,'Miss','Ellison','Jaelynn','Jaelynn','Ellison, Jaelynn','','F','1780','dcd57c0b2f61220eb93fa398ed746b99013d6c497a025073c6b1e937a2bcd8e5','','','N','Full','Y',004,'004',NULL,'1780@localhost','','','',NULL,'',NULL,0,'','','','','','','','','','','','','','','','','','','','','','','','','','','','','','','','','','',NULL,'','','','','','','','','','','',NULL,'',NULL,NULL,NULL,'','','','','','','Y','Y','Y',NULL,'','','',NULL,'','',NULL,NULL,'','','Y','a:0:{}'),
	(0000001781,'Mr.','Harris','Dario','Dario','Harris, Dario','','M','1781','dcd57c0b2f61220eb93fa398ed746b99013d6c497a025073c6b1e937a2bcd8e5','','','N','Full','Y',004,'004',NULL,'1781@localhost','','','',NULL,'',NULL,0,'','','','','','','','','','','','','','','','','','','','','','','','','','','','','','','','','','',NULL,'','','','','','','','','','','',NULL,'',NULL,NULL,NULL,'','','','','','','Y','Y','Y',NULL,'','','',NULL,'','',NULL,NULL,'','','Y','a:0:{}'),
	(0000001783,'Mr.','Frank','Davis','Davis','Frank, Davis','','M','1783','dcd57c0b2f61220eb93fa398ed746b99013d6c497a025073c6b1e937a2bcd8e5','','','N','Full','Y',003,'003',NULL,'1783@localhost','','','',NULL,'',NULL,0,'','','','','','','','','','','','','','','','','','','','','','','','','','','','','','','','','','',NULL,'','','','','','','','','','','',010,'',NULL,NULL,000,'','','','','','','Y','Y','Y',NULL,'','','',NULL,'','',NULL,NULL,'','','Y','a:0:{}'),
	(0000001784,'Mr.','Frank','Jovan','Jovan','Frank, Jovan','','M','1784','dcd57c0b2f61220eb93fa398ed746b99013d6c497a025073c6b1e937a2bcd8e5','','','N','Full','Y',004,'004',NULL,'1784@localhost','','','',NULL,'',NULL,0,'','','','','','','','','','','','','','','','','','','','','','','','','','','','','','','','','','',NULL,'','','','','','','','','','','',NULL,'',NULL,NULL,NULL,'','','','','','','Y','Y','Y',NULL,'','','',NULL,'','',NULL,NULL,'','','Y','a:0:{}'),
	(0000001785,'Mrs.','Krause','Bryanna','Bryanna','Krause, Bryanna','','F','1785','dcd57c0b2f61220eb93fa398ed746b99013d6c497a025073c6b1e937a2bcd8e5','','','N','Full','Y',004,'004',NULL,'1785@localhost','','','',NULL,'',NULL,0,'','','','','','','','','','','','','','','','','','','','','','','','','','','','','','','','','','',NULL,'','','','','','','','','','','',NULL,'',NULL,NULL,NULL,'','','','','','','Y','Y','Y',NULL,'','','',NULL,'','',NULL,NULL,'','','Y','a:0:{}'),
	(0000001786,'','Blackburn','Isabella','Isabella','Blackburn, Isabella','','F','1786','dcd57c0b2f61220eb93fa398ed746b99013d6c497a025073c6b1e937a2bcd8e5','','','N','Full','Y',003,'003',NULL,'1786@localhost','','','',NULL,'',NULL,0,'','','','','','','','','','','','','','','','','','','','','','','','','','','','','','','','','','',NULL,'','','','','','','','','','','',009,'',NULL,NULL,000,'','','','','','','Y','Y','Y',NULL,'','','',NULL,'','',NULL,NULL,'','','Y','a:0:{}'),
	(0000001787,'Mr.','Harrison','Giovanni','Giovanni','Harrison, Giovanni','','M','1787','dcd57c0b2f61220eb93fa398ed746b99013d6c497a025073c6b1e937a2bcd8e5','','','N','Full','Y',004,'004',NULL,'1787@localhost','','','',NULL,'',NULL,0,'','','','','','','','','','','','','','','','','','','','','','','','','','','','','','','','','','',NULL,'','','','','','','','','','','',NULL,'',NULL,NULL,NULL,'','','','','','','Y','Y','Y',NULL,'','','',NULL,'','',NULL,NULL,'','','Y','a:0:{}'),
	(0000001791,'Mr.','Valenzuela','Leonidas','Leonidas','Valenzuela, Leonidas','','M','1791','dcd57c0b2f61220eb93fa398ed746b99013d6c497a025073c6b1e937a2bcd8e5','','','N','Full','Y',003,'003',NULL,'1791@localhost','','','',NULL,'',NULL,0,'','','','','','','','','','','','','','','','','','','','','','','','','','','','','','','','','','',NULL,'','','','','','','','','','','',009,'',NULL,NULL,000,'','','','','','','Y','Y','Y',NULL,'','','',NULL,'','',NULL,NULL,'','','Y','a:0:{}'),
	(0000001792,'Mr.','Valenzuela','Kayleigh','Kayleigh','Valenzuela, Kayleigh','','M','1792','dcd57c0b2f61220eb93fa398ed746b99013d6c497a025073c6b1e937a2bcd8e5','','','N','Full','Y',004,'004',NULL,'1792@localhost','','','',NULL,'',NULL,0,'','','','','','','','','','','','','','','','','','','','','','','','','','','','','','','','','','',NULL,'','','','','','','','','','','',NULL,'',NULL,NULL,NULL,'','','','','','','Y','Y','Y',NULL,'','','',NULL,'','',NULL,NULL,'','','Y','a:0:{}'),
	(0000001793,'Mrs.','Mills','Alayna','Alayna','Mills, Alayna','','F','1793','dcd57c0b2f61220eb93fa398ed746b99013d6c497a025073c6b1e937a2bcd8e5','','','N','Full','Y',004,'004',NULL,'1793@localhost','','','',NULL,'',NULL,0,'','','','','','','','','','','','','','','','','','','','','','','','','','','','','','','','','','',NULL,'','','','','','','','','','','',NULL,'',NULL,NULL,NULL,'','','','','','','Y','Y','Y',NULL,'','','',NULL,'','',NULL,NULL,'','','Y','a:0:{}'),
	(0000001794,'','Gallagher','Victor','Victor','Gallagher, Victor','','M','1794','dcd57c0b2f61220eb93fa398ed746b99013d6c497a025073c6b1e937a2bcd8e5','','','N','Full','Y',003,'003',NULL,'1794@localhost','','','',NULL,'',NULL,0,'','','','','','','','','','','','','','','','','','','','','','','','','','','','','','','','','','',NULL,'','','','','','','','','','','',009,'',NULL,NULL,000,'','','','','','','Y','Y','Y',NULL,'','','',NULL,'','',NULL,NULL,'','','Y','a:0:{}'),
	(0000001795,'Mr.','Gallagher','Emmalee','Emmalee','Gallagher, Emmalee','','M','1795','dcd57c0b2f61220eb93fa398ed746b99013d6c497a025073c6b1e937a2bcd8e5','','','N','Full','Y',004,'004',NULL,'1795@localhost','','','',NULL,'',NULL,0,'','','','','','','','','','','','','','','','','','','','','','','','','','','','','','','','','','',NULL,'','','','','','','','','','','',NULL,'',NULL,NULL,NULL,'','','','','','','Y','Y','Y',NULL,'','','',NULL,'','',NULL,NULL,'','','Y','a:0:{}'),
	(0000001796,'','Clark','Harold','Harold','Clark, Harold','','M','1796','dcd57c0b2f61220eb93fa398ed746b99013d6c497a025073c6b1e937a2bcd8e5','','','N','Full','Y',003,'003',NULL,'1796@localhost','','','',NULL,'',NULL,0,'','','','','','','','','','','','','','','','','','','','','','','','','','','','','','','','','','',NULL,'','','','','','','','','','','',011,'',NULL,NULL,000,'','','','','','','Y','Y','Y',NULL,'','','',NULL,'','',NULL,NULL,'','','Y','a:0:{}'),
	(0000001797,'Mr.','Clark','Kareem','Kareem','Clark, Kareem','','M','1797','dcd57c0b2f61220eb93fa398ed746b99013d6c497a025073c6b1e937a2bcd8e5','','','N','Full','Y',004,'004',NULL,'1797@localhost','','','',NULL,'',NULL,0,'','','','','','','','','','','','','','','','','','','','','','','','','','','','','','','','','','',NULL,'','','','','','','','','','','',NULL,'',NULL,NULL,NULL,'','','','','','','Y','Y','Y',NULL,'','','',NULL,'','',NULL,NULL,'','','Y','a:0:{}'),
	(0000001798,'Mrs.','Clark','Kasey','Kasey','Clark, Kasey','','F','1798','dcd57c0b2f61220eb93fa398ed746b99013d6c497a025073c6b1e937a2bcd8e5','','','N','Full','Y',004,'004',NULL,'1798@localhost','','','',NULL,'',NULL,0,'','','','','','','','','','','','','','','','','','','','','','','','','','','','','','','','','','',NULL,'','','','','','','','','','','',NULL,'',NULL,NULL,NULL,'','','','','','','Y','Y','Y',NULL,'','','',NULL,'','',NULL,NULL,'','','Y','a:0:{}'),
	(0000001799,'Miss','Ramsey','Kaleigh','Kaleigh','Ramsey, Kaleigh','','F','1799','dcd57c0b2f61220eb93fa398ed746b99013d6c497a025073c6b1e937a2bcd8e5','','','N','Full','Y',002,'002',NULL,'1799@localhost','','','',NULL,'',NULL,0,'','','','','','','','','','','','','','','','','','','','','','','','','','','','','','','','','','',NULL,'','','','','','','','','','','',NULL,'',NULL,NULL,NULL,'','','','','','','Y','Y','Y',NULL,'','','',NULL,'','',NULL,NULL,'','','Y','a:0:{}'),
	(0000001800,'Mrs.','Mayo','Angie','Angie','Mayo, Angie','','F','1800','dcd57c0b2f61220eb93fa398ed746b99013d6c497a025073c6b1e937a2bcd8e5','','','N','Full','Y',004,'004',NULL,'1800@localhost','','','',NULL,'',NULL,0,'','','','','','','','','','','','','','','','','','','','','','','','','','','','','','','','','','',NULL,'','','','','','','','','','','',NULL,'',NULL,NULL,NULL,'','','','','','','Y','Y','Y',NULL,'','','',NULL,'','',NULL,NULL,'','','Y','a:0:{}'),
	(0000001801,'','Cox','Moshe','Moshe','Cox, Moshe','','M','1801','dcd57c0b2f61220eb93fa398ed746b99013d6c497a025073c6b1e937a2bcd8e5','','','N','Full','Y',003,'003',NULL,'1801@localhost','','','',NULL,'',NULL,0,'','','','','','','','','','','','','','','','','','','','','','','','','','','','','','','','','','',NULL,'','','','','','','','','','','',009,'',NULL,NULL,000,'','','','','','','Y','Y','Y',NULL,'','','',NULL,'','',NULL,NULL,'','','Y','a:0:{}'),
	(0000001802,'Mr.','Cox','Giovanni','Giovanni','Cox, Giovanni','','M','1802','dcd57c0b2f61220eb93fa398ed746b99013d6c497a025073c6b1e937a2bcd8e5','','','N','Full','Y',004,'004',NULL,'1802@localhost','','','',NULL,'',NULL,0,'','','','','','','','','','','','','','','','','','','','','','','','','','','','','','','','','','',NULL,'','','','','','','','','','','',NULL,'',NULL,NULL,NULL,'','','','','','','Y','Y','Y',NULL,'','','',NULL,'','',NULL,NULL,'','','Y','a:0:{}');

INSERT INTO `gibbonPerson` (`gibbonPersonID`, `title`, `surname`, `firstName`, `preferredName`, `officialName`, `nameInCharacters`, `gender`, `username`, `password`, `passwordStrong`, `passwordStrongSalt`, `passwordForceReset`, `status`, `canLogin`, `gibbonRoleIDPrimary`, `gibbonRoleIDAll`, `dob`, `email`, `emailAlternate`, `image_240`, `lastIPAddress`, `lastTimestamp`, `lastFailIPAddress`, `lastFailTimestamp`, `failCount`, `address1`, `address1District`, `address1Country`, `address2`, `address2District`, `address2Country`, `phone1Type`, `phone1CountryCode`, `phone1`, `phone3Type`, `phone3CountryCode`, `phone3`, `phone2Type`, `phone2CountryCode`, `phone2`, `phone4Type`, `phone4CountryCode`, `phone4`, `website`, `languageFirst`, `languageSecond`, `languageThird`, `countryOfBirth`, `birthCertificateScan`, `ethnicity`, `citizenship1`, `citizenship1Passport`, `citizenship1PassportScan`, `citizenship2`, `citizenship2Passport`, `religion`, `nationalIDCardNumber`, `nationalIDCardScan`, `residencyStatus`, `visaExpiryDate`, `profession`, `employer`, `jobTitle`, `emergency1Name`, `emergency1Number1`, `emergency1Number2`, `emergency1Relationship`, `emergency2Name`, `emergency2Number1`, `emergency2Number2`, `emergency2Relationship`, `gibbonHouseID`, `studentID`, `dateStart`, `dateEnd`, `gibbonSchoolYearIDClassOf`, `lastSchool`, `nextSchool`, `departureReason`, `transport`, `transportNotes`, `calendarFeedPersonal`, `viewCalendarSchool`, `viewCalendarPersonal`, `viewCalendarSpaceBooking`, `gibbonApplicationFormID`, `lockerNumber`, `vehicleRegistration`, `personalBackground`, `messengerLastBubble`, `privacy`, `dayType`, `gibbonThemeIDPersonal`, `gibboni18nIDPersonal`, `studentAgreements`, `googleAPIRefreshToken`, `receiveNotificationEmails`, `fields`)
VALUES
	(0000001803,'Ms.','Conner','Elsa','Elsa','Conner, Elsa','','F','1803','dcd57c0b2f61220eb93fa398ed746b99013d6c497a025073c6b1e937a2bcd8e5','','','N','Full','Y',004,'004',NULL,'1803@localhost','','','',NULL,'',NULL,0,'','','','','','','','','','','','','','','','','','','','','','','','','','','','','','','','','','',NULL,'','','','','','','','','','','',NULL,'',NULL,NULL,NULL,'','','','','','','Y','Y','Y',NULL,'','','',NULL,'','',NULL,NULL,'','','Y','a:0:{}'),
	(0000001810,'Ms.','York','Daphne','Daphne','York, Daphne','','F','1810','dcd57c0b2f61220eb93fa398ed746b99013d6c497a025073c6b1e937a2bcd8e5','','','N','Full','Y',026,'026',NULL,'1810@localhost','','','',NULL,'',NULL,0,'','','','','','','','','','','','','','','','','','','','','','','','','','','','','','','','','','',NULL,'','','','','','','','','','','',NULL,'',NULL,NULL,NULL,'','','','','','','Y','Y','Y',NULL,'','','',NULL,'','',NULL,NULL,'','','Y','a:0:{}'),
	(0000001811,'','Hebert','Madison','Madison','Hebert, Madison','','F','1811','dcd57c0b2f61220eb93fa398ed746b99013d6c497a025073c6b1e937a2bcd8e5','','','N','Full','Y',003,'003',NULL,'1811@localhost','','','',NULL,'',NULL,0,'','','','','','','','','','','','','','','','','','','','','','','','','','','','','','','','','','',NULL,'','','','','','','','','','','',009,'',NULL,NULL,000,'','','','','','','Y','Y','Y',NULL,'','','',NULL,'','',NULL,NULL,'','','Y','a:0:{}'),
	(0000001814,'','Avila','Norah','Norah','Avila, Norah','','F','1814','dcd57c0b2f61220eb93fa398ed746b99013d6c497a025073c6b1e937a2bcd8e5','','','N','Full','Y',003,'003',NULL,'1814@localhost','','','',NULL,'',NULL,0,'','','','','','','','','','','','','','','','','','','','','','','','','','','','','','','','','','',NULL,'','','','','','','','','','','',010,'',NULL,NULL,000,'','','','','','','Y','Y','Y',NULL,'','','',NULL,'','',NULL,NULL,'','','Y','a:0:{}'),
	(0000001815,'Miss','Aguilar','Wendy','Wendy','Aguilar, Wendy','','F','1815','dcd57c0b2f61220eb93fa398ed746b99013d6c497a025073c6b1e937a2bcd8e5','','','N','Full','Y',004,'004',NULL,'1815@localhost','','','',NULL,'',NULL,0,'','','','','','','','','','','','','','','','','','','','','','','','','','','','','','','','','','',NULL,'','','','','','','','','','','',NULL,'',NULL,NULL,NULL,'','','','','','','Y','Y','Y',NULL,'','','',NULL,'','',NULL,NULL,'','','Y','a:0:{}'),
	(0000001816,'Mr.','Avila','Frank','Frank','Avila, Frank','','M','1816','dcd57c0b2f61220eb93fa398ed746b99013d6c497a025073c6b1e937a2bcd8e5','','','N','Full','Y',004,'004',NULL,'1816@localhost','','','',NULL,'',NULL,0,'','','','','','','','','','','','','','','','','','','','','','','','','','','','','','','','','','',NULL,'','','','','','','','','','','',NULL,'',NULL,NULL,NULL,'','','','','','','Y','Y','Y',NULL,'','','',NULL,'','',NULL,NULL,'','','Y','a:0:{}'),
	(0000001817,'Miss','Buchanan','Kianna','Kianna','Buchanan, Kianna','','F','1817','dcd57c0b2f61220eb93fa398ed746b99013d6c497a025073c6b1e937a2bcd8e5','','','N','Full','Y',003,'003',NULL,'1817@localhost','','','',NULL,'',NULL,0,'','','','','','','','','','','','','','','','','','','','','','','','','','','','','','','','','','',NULL,'','','','','','','','','','','',011,'',NULL,NULL,000,'','','','','','','Y','Y','Y',NULL,'','','',NULL,'','',NULL,NULL,'','','Y','a:0:{}'),
	(0000001819,'','Aguilar','Allyson','Allyson','Aguilar, Allyson','','F','1819','dcd57c0b2f61220eb93fa398ed746b99013d6c497a025073c6b1e937a2bcd8e5','','','N','Full','Y',003,'003',NULL,'1819@localhost','','','',NULL,'',NULL,0,'','','','','','','','','','','','','','','','','','','','','','','','','','','','','','','','','','',NULL,'','','','','','','','','','','',010,'',NULL,NULL,000,'','','','','','','Y','Y','Y',NULL,'','','',NULL,'','',NULL,NULL,'','','Y','a:0:{}'),
	(0000001820,'Ms.','Ellison','Lindsay','Lindsay','Ellison, Lindsay','','F','1820','dcd57c0b2f61220eb93fa398ed746b99013d6c497a025073c6b1e937a2bcd8e5','','','N','Full','Y',004,'004',NULL,'1820@localhost','','','',NULL,'',NULL,0,'','','','','','','','','','','','','','','','','','','','','','','','','','','','','','','','','','',NULL,'','','','','','','','','','','',NULL,'',NULL,NULL,NULL,'','','','','','','Y','Y','Y',NULL,'','','',NULL,'','',NULL,NULL,'','','Y','a:0:{}'),
	(0000001821,'Mr.','Aguilar','Drake','Drake','Aguilar, Drake','','M','1821','dcd57c0b2f61220eb93fa398ed746b99013d6c497a025073c6b1e937a2bcd8e5','','','N','Full','Y',004,'004',NULL,'1821@localhost','','','',NULL,'',NULL,0,'','','','','','','','','','','','','','','','','','','','','','','','','','','','','','','','','','',NULL,'','','','','','','','','','','',NULL,'',NULL,NULL,NULL,'','','','','','','Y','Y','Y',NULL,'','','',NULL,'','',NULL,NULL,'','','Y','a:0:{}'),
	(0000001822,'','Rojas','Leland','Leland','Rojas, Leland','','M','1822','dcd57c0b2f61220eb93fa398ed746b99013d6c497a025073c6b1e937a2bcd8e5','','','N','Full','Y',003,'003',NULL,'1822@localhost','','','',NULL,'',NULL,0,'','','','','','','','','','','','','','','','','','','','','','','','','','','','','','','','','','',NULL,'','','','','','','','','','','',010,'',NULL,NULL,000,'','','','','','','Y','Y','Y',NULL,'','','',NULL,'','',NULL,NULL,'','','Y','a:0:{}'),
	(0000001823,'Ms.','Valentine','Chloe','Chloe','Valentine, Chloe','','F','1823','dcd57c0b2f61220eb93fa398ed746b99013d6c497a025073c6b1e937a2bcd8e5','','','N','Full','Y',004,'004',NULL,'1823@localhost','','','',NULL,'',NULL,0,'','','','','','','','','','','','','','','','','','','','','','','','','','','','','','','','','','',NULL,'','','','','','','','','','','',NULL,'',NULL,NULL,NULL,'','','','','','','Y','Y','Y',NULL,'','','',NULL,'','',NULL,NULL,'','','Y','a:0:{}'),
	(0000001824,'Mr.','Rojas','Amare','Amare','Rojas, Amare','','M','1824','dcd57c0b2f61220eb93fa398ed746b99013d6c497a025073c6b1e937a2bcd8e5','','','N','Full','Y',004,'004',NULL,'1824@localhost','','','',NULL,'',NULL,0,'','','','','','','','','','','','','','','','','','','','','','','','','','','','','','','','','','',NULL,'','','','','','','','','','','',NULL,'',NULL,NULL,NULL,'','','','','','','Y','Y','Y',NULL,'','','',NULL,'','',NULL,NULL,'','','Y','a:0:{}'),
	(0000001828,'Ms.','Beck','Cara','Cara','Beck, Cara','','F','1828','dcd57c0b2f61220eb93fa398ed746b99013d6c497a025073c6b1e937a2bcd8e5','','','N','Full','Y',003,'003',NULL,'1828@localhost','','','',NULL,'',NULL,0,'','','','','','','','','','','','','','','','','','','','','','','','','','','','','','','','','','',NULL,'','','','','','','','','','','',010,'',NULL,NULL,000,'','','','','','','Y','Y','Y',NULL,'','','',NULL,'','',NULL,NULL,'','','Y','a:0:{}'),
	(0000001829,'Mrs.','Ellison','Avery','Avery','Ellison, Avery','','F','1829','dcd57c0b2f61220eb93fa398ed746b99013d6c497a025073c6b1e937a2bcd8e5','','','N','Full','Y',004,'004',NULL,'1829@localhost','','','',NULL,'',NULL,0,'','','','','','','','','','','','','','','','','','','','','','','','','','','','','','','','','','',NULL,'','','','','','','','','','','',NULL,'',NULL,NULL,NULL,'','','','','','','Y','Y','Y',NULL,'','','',NULL,'','',NULL,NULL,'','','Y','a:0:{}'),
	(0000001830,'Mr.','Beck','Maximillian','Maximillian','Beck, Maximillian','','M','1830','dcd57c0b2f61220eb93fa398ed746b99013d6c497a025073c6b1e937a2bcd8e5','','','N','Full','Y',004,'004',NULL,'1830@localhost','','','',NULL,'',NULL,0,'','','','','','','','','','','','','','','','','','','','','','','','','','','','','','','','','','',NULL,'','','','','','','','','','','',NULL,'',NULL,NULL,NULL,'','','','','','','Y','Y','Y',NULL,'','','',NULL,'','',NULL,NULL,'','','Y','a:0:{}'),
	(0000001831,'','Roberson','Lennon','Lennon','Roberson, Lennon','','M','1831','dcd57c0b2f61220eb93fa398ed746b99013d6c497a025073c6b1e937a2bcd8e5','','','N','Full','Y',003,'003',NULL,'1831@localhost','','','',NULL,'',NULL,0,'','','','','','','','','','','','','','','','','','','','','','','','','','','','','','','','','','',NULL,'','','','','','','','','','','',011,'',NULL,NULL,000,'','','','','','','Y','Y','Y',NULL,'','','',NULL,'','',NULL,NULL,'','','Y','a:0:{}'),
	(0000001833,'Mrs.','Roberson','Jazmin','Jazmin','Roberson, Jazmin','','F','1833','dcd57c0b2f61220eb93fa398ed746b99013d6c497a025073c6b1e937a2bcd8e5','','','N','Full','Y',004,'004',NULL,'1833@localhost','','','',NULL,'',NULL,0,'','','','','','','','','','','','','','','','','','','','','','','','','','','','','','','','','','',NULL,'','','','','','','','','','','',NULL,'',NULL,NULL,NULL,'','','','','','','Y','Y','Y',NULL,'','','',NULL,'','',NULL,NULL,'','','Y','a:0:{}'),
	(0000001840,'Ms.','Blackwell','Krystal','Krystal','Blackwell, Krystal','','F','1840','dcd57c0b2f61220eb93fa398ed746b99013d6c497a025073c6b1e937a2bcd8e5','','','N','Full','Y',003,'003',NULL,'1840@localhost','','','',NULL,'',NULL,0,'','','','','','','','','','','','','','','','','','','','','','','','','','','','','','','','','','',NULL,'','','','','','','','','','','',010,'',NULL,NULL,000,'','','','','','','Y','Y','Y',NULL,'','','',NULL,'','',NULL,NULL,'','','Y','a:0:{}'),
	(0000001841,'Mrs.','Blackwell','Kelly','Kelly','Blackwell, Kelly','','F','1841','dcd57c0b2f61220eb93fa398ed746b99013d6c497a025073c6b1e937a2bcd8e5','','','N','Full','Y',004,'004',NULL,'1841@localhost','','','',NULL,'',NULL,0,'','','','','','','','','','','','','','','','','','','','','','','','','','','','','','','','','','',NULL,'','','','','','','','','','','',NULL,'',NULL,NULL,NULL,'','','','','','','Y','Y','Y',NULL,'','','',NULL,'','',NULL,NULL,'','','Y','a:0:{}'),
	(0000001842,'Mr.','Buchanan','Brooks','Brooks','Buchanan, Brooks','','M','1842','dcd57c0b2f61220eb93fa398ed746b99013d6c497a025073c6b1e937a2bcd8e5','','','N','Full','Y',004,'004',NULL,'1842@localhost','','','',NULL,'',NULL,0,'','','','','','','','','','','','','','','','','','','','','','','','','','','','','','','','','','',NULL,'','','','','','','','','','','',NULL,'',NULL,NULL,NULL,'','','','','','','Y','Y','Y',NULL,'','','',NULL,'','',NULL,NULL,'','','Y','a:0:{}'),
	(0000001843,'Ms.','Blackwell','Hazel','Hazel','Blackwell, Hazel','','F','1843','dcd57c0b2f61220eb93fa398ed746b99013d6c497a025073c6b1e937a2bcd8e5','','','N','Full','Y',003,'003',NULL,'1843@localhost','','','',NULL,'',NULL,0,'','','','','','','','','','','','','','','','','','','','','','','','','','','','','','','','','','',NULL,'','','','','','','','','','','',009,'',NULL,NULL,000,'','','','','','','Y','Y','Y',NULL,'','','',NULL,'','',NULL,NULL,'','','Y','a:0:{}'),
	(0000001845,'','Washington','Dangelo','Dangelo','Washington, Dangelo','','M','1845','dcd57c0b2f61220eb93fa398ed746b99013d6c497a025073c6b1e937a2bcd8e5','','','N','Full','Y',003,'003',NULL,'1845@localhost','','','',NULL,'',NULL,0,'','','','','','','','','','','','','','','','','','','','','','','','','','','','','','','','','','',NULL,'','','','','','','','','','','',010,'',NULL,NULL,000,'','','','','','','Y','Y','Y',NULL,'','','',NULL,'','',NULL,NULL,'','','Y','a:0:{}'),
	(0000001846,'Mrs.','Hatfield','Alice','Alice','Hatfield, Alice','','F','1846','dcd57c0b2f61220eb93fa398ed746b99013d6c497a025073c6b1e937a2bcd8e5','','','N','Full','Y',004,'004',NULL,'1846@localhost','','','',NULL,'',NULL,0,'','','','','','','','','','','','','','','','','','','','','','','','','','','','','','','','','','',NULL,'','','','','','','','','','','',NULL,'',NULL,NULL,NULL,'','','','','','','Y','Y','Y',NULL,'','','',NULL,'','',NULL,NULL,'','','Y','a:0:{}'),
	(0000001847,'Mr.','Washington','Mohammed','Mohammed','Washington, Mohammed','','M','1847','dcd57c0b2f61220eb93fa398ed746b99013d6c497a025073c6b1e937a2bcd8e5','','','N','Full','Y',004,'004',NULL,'1847@localhost','','','',NULL,'',NULL,0,'','','','','','','','','','','','','','','','','','','','','','','','','','','','','','','','','','',NULL,'','','','','','','','','','','',NULL,'',NULL,NULL,NULL,'','','','','','','Y','Y','Y',NULL,'','','',NULL,'','',NULL,NULL,'','','Y','a:0:{}'),
	(0000001848,'Miss','Washington','Kaylen','Kaylen','Washington, Kaylen','','F','1848','dcd57c0b2f61220eb93fa398ed746b99013d6c497a025073c6b1e937a2bcd8e5','','','N','Full','Y',003,'003',NULL,'1848@localhost','','','',NULL,'',NULL,0,'','','','','','','','','','','','','','','','','','','','','','','','','','','','','','','','','','',NULL,'','','','','','','','','','','',010,'',NULL,NULL,000,'','','','','','','Y','Y','Y',NULL,'','','',NULL,'','',NULL,NULL,'','','Y','a:0:{}'),
	(0000001856,'Mrs.','Rogers','Trinity','Trinity','Rogers, Trinity','','F','1856','dcd57c0b2f61220eb93fa398ed746b99013d6c497a025073c6b1e937a2bcd8e5','','','N','Full','Y',004,'004',NULL,'1856@localhost','','','',NULL,'',NULL,0,'','','','','','','','','','','','','','','','','','','','','','','','','','','','','','','','','','',NULL,'','','','','','','','','','','',NULL,'',NULL,NULL,NULL,'','','','','','','Y','Y','Y',NULL,'','','',NULL,'','',NULL,NULL,'','','Y','a:0:{}'),
	(0000001857,'Mr.','David','Scarlett','Scarlett','David, Scarlett','','M','1857','dcd57c0b2f61220eb93fa398ed746b99013d6c497a025073c6b1e937a2bcd8e5','','','N','Full','Y',004,'004',NULL,'1857@localhost','','','',NULL,'',NULL,0,'','','','','','','','','','','','','','','','','','','','','','','','','','','','','','','','','','',NULL,'','','','','','','','','','','',NULL,'',NULL,NULL,NULL,'','','','','','','Y','Y','Y',NULL,'','','',NULL,'','',NULL,NULL,'','','Y','a:0:{}'),
	(0000001858,'Mr.','Ballard','Gary','Gary','Ballard, Gary','','M','1858','dcd57c0b2f61220eb93fa398ed746b99013d6c497a025073c6b1e937a2bcd8e5','','','N','Full','Y',003,'003',NULL,'1858@localhost','','','',NULL,'',NULL,0,'','','','','','','','','','','','','','','','','','','','','','','','','','','','','','','','','','',NULL,'','','','','','','','','','','',011,'',NULL,NULL,000,'','','','','','','Y','Y','Y',NULL,'','','',NULL,'','',NULL,NULL,'','','Y','a:0:{}'),
	(0000001859,'Mr.','Ballard','Eddie','Eddie','Ballard, Eddie','','M','1859','dcd57c0b2f61220eb93fa398ed746b99013d6c497a025073c6b1e937a2bcd8e5','','','N','Full','Y',004,'004',NULL,'1859@localhost','','','',NULL,'',NULL,0,'','','','','','','','','','','','','','','','','','','','','','','','','','','','','','','','','','',NULL,'','','','','','','','','','','',NULL,'',NULL,NULL,NULL,'','','','','','','Y','Y','Y',NULL,'','','',NULL,'','',NULL,NULL,'','','Y','a:0:{}'),
	(0000001860,'Ms.','Curry','Leyla','Leyla','Curry, Leyla','','F','1860','dcd57c0b2f61220eb93fa398ed746b99013d6c497a025073c6b1e937a2bcd8e5','','','N','Full','Y',004,'004',NULL,'1860@localhost','','','',NULL,'',NULL,0,'','','','','','','','','','','','','','','','','','','','','','','','','','','','','','','','','','',NULL,'','','','','','','','','','','',NULL,'',NULL,NULL,NULL,'','','','','','','Y','Y','Y',NULL,'','','',NULL,'','',NULL,NULL,'','','Y','a:0:{}'),
	(0000001861,'','Gallagher','Sonny','Sonny','Gallagher, Sonny','','M','1861','dcd57c0b2f61220eb93fa398ed746b99013d6c497a025073c6b1e937a2bcd8e5','','','N','Full','Y',003,'003',NULL,'1861@localhost','','','',NULL,'',NULL,0,'','','','','','','','','','','','','','','','','','','','','','','','','','','','','','','','','','',NULL,'','','','','','','','','','','',010,'',NULL,NULL,000,'','','','','','','Y','Y','Y',NULL,'','','',NULL,'','',NULL,NULL,'','','Y','a:0:{}'),
	(0000001862,'Ms.','Donaldson','Alayna','Alayna','Donaldson, Alayna','','F','1862','dcd57c0b2f61220eb93fa398ed746b99013d6c497a025073c6b1e937a2bcd8e5','','','N','Full','Y',004,'004',NULL,'1862@localhost','','','',NULL,'',NULL,0,'','','','','','','','','','','','','','','','','','','','','','','','','','','','','','','','','','',NULL,'','','','','','','','','','','',NULL,'',NULL,NULL,NULL,'','','','','','','Y','Y','Y',NULL,'','','',NULL,'','',NULL,NULL,'','','Y','a:0:{}'),
	(0000001863,'Mr.','Gallagher','Annika','Annika','Gallagher, Annika','','M','1863','dcd57c0b2f61220eb93fa398ed746b99013d6c497a025073c6b1e937a2bcd8e5','','','N','Full','Y',004,'004',NULL,'1863@localhost','','','',NULL,'',NULL,0,'','','','','','','','','','','','','','','','','','','','','','','','','','','','','','','','','','',NULL,'','','','','','','','','','','',NULL,'',NULL,NULL,NULL,'','','','','','','Y','Y','Y',NULL,'','','',NULL,'','',NULL,NULL,'','','Y','a:0:{}'),
	(0000001864,'Miss','Higgins','Dominique','Dominique','Higgins, Dominique','','F','1864','dcd57c0b2f61220eb93fa398ed746b99013d6c497a025073c6b1e937a2bcd8e5','','','N','Full','Y',003,'003',NULL,'1864@localhost','','','',NULL,'',NULL,0,'','','','','','','','','','','','','','','','','','','','','','','','','','','','','','','','','','',NULL,'','','','','','','','','','','',009,'',NULL,NULL,000,'','','','','','','Y','Y','Y',NULL,'','','',NULL,'','',NULL,NULL,'','','Y','a:0:{}'),
	(0000001867,'','Garcia','Angelica','Angelica','Garcia, Angelica','','F','1867','dcd57c0b2f61220eb93fa398ed746b99013d6c497a025073c6b1e937a2bcd8e5','','','N','Full','Y',003,'003',NULL,'1867@localhost','','','',NULL,'',NULL,0,'','','','','','','','','','','','','','','','','','','','','','','','','','','','','','','','','','',NULL,'','','','','','','','','','','',010,'',NULL,NULL,000,'','','','','','','Y','Y','Y',NULL,'','','',NULL,'','',NULL,NULL,'','','Y','a:0:{}'),
	(0000001868,'Miss','Gallagher','Zoie','Zoie','Gallagher, Zoie','','F','1868','dcd57c0b2f61220eb93fa398ed746b99013d6c497a025073c6b1e937a2bcd8e5','','','N','Full','Y',004,'004',NULL,'1868@localhost','','','',NULL,'',NULL,0,'','','','','','','','','','','','','','','','','','','','','','','','','','','','','','','','','','',NULL,'','','','','','','','','','','',NULL,'',NULL,NULL,NULL,'','','','','','','Y','Y','Y',NULL,'','','',NULL,'','',NULL,NULL,'','','Y','a:0:{}'),
	(0000001869,'Mr.','Garcia','Annika','Annika','Garcia, Annika','','M','1869','dcd57c0b2f61220eb93fa398ed746b99013d6c497a025073c6b1e937a2bcd8e5','','','N','Full','Y',004,'004',NULL,'1869@localhost','','','',NULL,'',NULL,0,'','','','','','','','','','','','','','','','','','','','','','','','','','','','','','','','','','',NULL,'','','','','','','','','','','',NULL,'',NULL,NULL,NULL,'','','','','','','Y','Y','Y',NULL,'','','',NULL,'','',NULL,NULL,'','','Y','a:0:{}'),
	(0000001870,'Miss','Rush','Cassie','Cassie','Rush, Cassie','','F','1870','dcd57c0b2f61220eb93fa398ed746b99013d6c497a025073c6b1e937a2bcd8e5','','','N','Full','Y',003,'003',NULL,'1870@localhost','','','',NULL,'',NULL,0,'','','','','','','','','','','','','','','','','','','','','','','','','','','','','','','','','','',NULL,'','','','','','','','','','','',009,'',NULL,NULL,000,'','','','','','','Y','Y','Y',NULL,'','','',NULL,'','',NULL,NULL,'','','Y','a:0:{}'),
	(0000001871,'Ms.','Conner','Yamilet','Yamilet','Conner, Yamilet','','F','1871','dcd57c0b2f61220eb93fa398ed746b99013d6c497a025073c6b1e937a2bcd8e5','','','N','Full','Y',004,'004',NULL,'1871@localhost','','','',NULL,'',NULL,0,'','','','','','','','','','','','','','','','','','','','','','','','','','','','','','','','','','',NULL,'','','','','','','','','','','',NULL,'',NULL,NULL,NULL,'','','','','','','Y','Y','Y',NULL,'','','',NULL,'','',NULL,NULL,'','','Y','a:0:{}'),
	(0000001872,'Mr.','Rush','Eugene','Eugene','Rush, Eugene','','M','1872','dcd57c0b2f61220eb93fa398ed746b99013d6c497a025073c6b1e937a2bcd8e5','','','N','Full','Y',004,'004',NULL,'1872@localhost','','','',NULL,'',NULL,0,'','','','','','','','','','','','','','','','','','','','','','','','','','','','','','','','','','',NULL,'','','','','','','','','','','',NULL,'',NULL,NULL,NULL,'','','','','','','Y','Y','Y',NULL,'','','',NULL,'','',NULL,NULL,'','','Y','a:0:{}'),
	(0000001874,'Ms.','Crosby','Jenna','Jenna','Crosby, Jenna','','F','1874','dcd57c0b2f61220eb93fa398ed746b99013d6c497a025073c6b1e937a2bcd8e5','','','N','Full','Y',004,'004',NULL,'1874@localhost','','','',NULL,'',NULL,0,'','','','','','','','','','','','','','','','','','','','','','','','','','','','','','','','','','',NULL,'','','','','','','','','','','',NULL,'',NULL,NULL,NULL,'','','','','','','Y','Y','Y',NULL,'','','',NULL,'','',NULL,NULL,'','','Y','a:0:{}'),
	(0000001875,'','Frye','Eduardo','Eduardo','Frye, Eduardo','','M','1875','dcd57c0b2f61220eb93fa398ed746b99013d6c497a025073c6b1e937a2bcd8e5','','','N','Full','Y',003,'003',NULL,'1875@localhost','','','',NULL,'',NULL,0,'','','','','','','','','','','','','','','','','','','','','','','','','','','','','','','','','','',NULL,'','','','','','','','','','','',011,'',NULL,NULL,000,'','','','','','','Y','Y','Y',NULL,'','','',NULL,'','',NULL,NULL,'','','Y','a:0:{}'),
	(0000001878,'','Stephens','Elisabeth','Elisabeth','Stephens, Elisabeth','','F','1878','dcd57c0b2f61220eb93fa398ed746b99013d6c497a025073c6b1e937a2bcd8e5','','','N','Full','Y',003,'003',NULL,'1878@localhost','','','',NULL,'',NULL,0,'','','','','','','','','','','','','','','','','','','','','','','','','','','','uploads/2017/08/stakano1_passportscan_f0tv38nm67jhmnn6.png','','','','','','',NULL,'','','','','','','','','','','',009,'',NULL,NULL,000,'','','','','','','Y','Y','Y',NULL,'','','',NULL,'','',NULL,NULL,'','','Y','a:0:{}'),
	(0000001879,'','Cox','Annika','Annika','Cox, Annika','','M','1879','dcd57c0b2f61220eb93fa398ed746b99013d6c497a025073c6b1e937a2bcd8e5','','','N','Full','Y',003,'003',NULL,'1879@localhost','','','',NULL,'',NULL,0,'','','','','','','','','','','','','','','','','','','','','','','','','','','','','','','','','','',NULL,'','','','','','','','','','','',011,'',NULL,NULL,000,'','','','','','','Y','Y','Y',NULL,'','','',NULL,'','',NULL,NULL,'','','Y','a:0:{}'),
	(0000001880,'Ms.','Cox','Abbigail','Abbigail','Cox, Abbigail','','F','1880','dcd57c0b2f61220eb93fa398ed746b99013d6c497a025073c6b1e937a2bcd8e5','','','N','Full','Y',004,'004',NULL,'1880@localhost','','','',NULL,'',NULL,0,'','','','','','','','','','','','','','','','','','','','','','','','','','','','','','','','','','',NULL,'','','','','','','','','','','',NULL,'',NULL,NULL,NULL,'','','','','','','Y','Y','Y',NULL,'','','',NULL,'','',NULL,NULL,'','','Y','a:0:{}'),
	(0000001881,'Miss','Cox','Elsie','Elsie','Cox, Elsie','','F','1881','dcd57c0b2f61220eb93fa398ed746b99013d6c497a025073c6b1e937a2bcd8e5','','','N','Full','Y',004,'004',NULL,'1881@localhost','','','',NULL,'',NULL,0,'','','','','','','','','','','','','','','','','','','','','','','','','','','','','','','','','','',NULL,'','','','','','','','','','','',NULL,'',NULL,NULL,NULL,'','','','','','','Y','Y','Y',NULL,'','','',NULL,'','',NULL,NULL,'','','Y','a:0:{}'),
	(0000001882,'Mr.','Dougherty','Rodolfo','Rodolfo','Dougherty, Rodolfo','','M','1882','dcd57c0b2f61220eb93fa398ed746b99013d6c497a025073c6b1e937a2bcd8e5','','','N','Full','Y',003,'003',NULL,'1882@localhost','','','',NULL,'',NULL,0,'','','','','','','','','','','','','','','','','','','','','','','','','','','','','','','','','','',NULL,'','','','','','','','','','','',009,'',NULL,NULL,000,'','','','','','','Y','Y','Y',NULL,'','','',NULL,'','',NULL,NULL,'','','Y','a:0:{}'),
	(0000001885,'','Cuevas','Jaidyn','Jaidyn','Cuevas, Jaidyn','','M','1885','dcd57c0b2f61220eb93fa398ed746b99013d6c497a025073c6b1e937a2bcd8e5','','','N','Full','Y',003,'003',NULL,'1885@localhost','','','',NULL,'',NULL,0,'','','','','','','','','','','','','','','','','','','','','','','','','','','','','','','','','','',NULL,'','','','','','','','','','','',010,'',NULL,NULL,000,'','','','','','','Y','Y','Y',NULL,'','','',NULL,'','',NULL,NULL,'','','Y','a:0:{}'),
	(0000001886,'Ms.','Stevenson','Kamila','Kamila','Stevenson, Kamila','','F','1886','dcd57c0b2f61220eb93fa398ed746b99013d6c497a025073c6b1e937a2bcd8e5','','','N','Full','Y',004,'004',NULL,'1886@localhost','','','',NULL,'',NULL,0,'','','','','','','','','','','','','','','','','','','','','','','','','','','','','','','','','','',NULL,'','','','','','','','','','','',NULL,'',NULL,NULL,NULL,'','','','','','','Y','Y','Y',NULL,'','','',NULL,'','',NULL,NULL,'','','Y','a:0:{}'),
	(0000001887,'Mr.','Cuevas','Donavan','Donavan','Cuevas, Donavan','','M','1887','dcd57c0b2f61220eb93fa398ed746b99013d6c497a025073c6b1e937a2bcd8e5','','','N','Full','Y',004,'004',NULL,'1887@localhost','','','',NULL,'',NULL,0,'','','','','','','','','','','','','','','','','','','','','','','','','','','','','','','','','','',NULL,'','','','','','','','','','','',NULL,'',NULL,NULL,NULL,'','','','','','','Y','Y','Y',NULL,'','','',NULL,'','',NULL,NULL,'','','Y','a:0:{}'),
	(0000001888,'','Snyder','Aarav','Aarav','Snyder, Aarav','','M','1888','dcd57c0b2f61220eb93fa398ed746b99013d6c497a025073c6b1e937a2bcd8e5','','','N','Full','Y',003,'003',NULL,'1888@localhost','','','',NULL,'',NULL,0,'','','','','','','','','','','','','','','','','','','','','','','','','','','','','','','','','','',NULL,'','','','','','','','','','','',010,'',NULL,NULL,000,'','','','','','','Y','Y','Y',NULL,'','','',NULL,'','',NULL,NULL,'','','Y','a:0:{}'),
	(0000001889,'Mr.','Snyder','Kane','Kane','Snyder, Kane','','M','1889','dcd57c0b2f61220eb93fa398ed746b99013d6c497a025073c6b1e937a2bcd8e5','','','N','Full','Y',004,'004',NULL,'1889@localhost','','','',NULL,'',NULL,0,'','','','','','','','','','','','','','','','','','','','','','','','','','','','','','','','','','',NULL,'','','','','','','','','','','',NULL,'',NULL,NULL,NULL,'','','','','','','Y','Y','Y',NULL,'','','',NULL,'','',NULL,NULL,'','','Y','a:0:{}'),
	(0000001890,'Mrs.','Patrick','Zoie','Zoie','Patrick, Zoie','','F','1890','dcd57c0b2f61220eb93fa398ed746b99013d6c497a025073c6b1e937a2bcd8e5','','','N','Full','Y',004,'004',NULL,'1890@localhost','','','',NULL,'',NULL,0,'','','','','','','','','','','','','','','','','','','','','','','','','','','','','','','','','','',NULL,'','','','','','','','','','','',NULL,'',NULL,NULL,NULL,'','','','','','','Y','Y','Y',NULL,'','','',NULL,'','',NULL,NULL,'','','Y','a:0:{}'),
	(0000001891,'Mr.','Simpson','Victor','Victor','Simpson, Victor','','M','1891','dcd57c0b2f61220eb93fa398ed746b99013d6c497a025073c6b1e937a2bcd8e5','','','N','Full','Y',003,'003',NULL,'1891@localhost','','','',NULL,'',NULL,0,'','','','','','','','','','','','','','','','','','','','','','','','','','','','','','','','','','',NULL,'','','','','','','','','','','',010,'',NULL,NULL,000,'','','','','','','Y','Y','Y',NULL,'','','',NULL,'','',NULL,NULL,'','','Y','a:0:{}'),
	(0000001892,'Mrs.','Hebert','Jaylyn','Jaylyn','Hebert, Jaylyn','','F','1892','dcd57c0b2f61220eb93fa398ed746b99013d6c497a025073c6b1e937a2bcd8e5','','','N','Full','Y',004,'004',NULL,'1892@localhost','','','',NULL,'',NULL,0,'','','','','','','','','','','','','','','','','','','','','','','','','','','','','','','','','','',NULL,'','','','','','','','','','','',NULL,'',NULL,NULL,NULL,'','','','','','','Y','Y','Y',NULL,'','','',NULL,'','',NULL,NULL,'','','Y','a:0:{}'),
	(0000001893,'Mr.','Simpson','Deven','Deven','Simpson, Deven','','M','1893','dcd57c0b2f61220eb93fa398ed746b99013d6c497a025073c6b1e937a2bcd8e5','','','N','Full','Y',004,'004',NULL,'1893@localhost','','','',NULL,'',NULL,0,'','','','','','','','','','','','','','','','','','','','','','','','','','','','','','','','','','',NULL,'','','','','','','','','','','',NULL,'',NULL,NULL,NULL,'','','','','','','Y','Y','Y',NULL,'','','',NULL,'','',NULL,NULL,'','','Y','a:0:{}'),
	(0000001894,'Mr.','Watts','Craig','Craig','Watts, Craig','','M','1894','dcd57c0b2f61220eb93fa398ed746b99013d6c497a025073c6b1e937a2bcd8e5','','','N','Full','Y',003,'003',NULL,'1894@localhost','','','',NULL,'',NULL,0,'','','','','','','','','','','','','','','','','','','','','','','','','','','','','','','','','','',NULL,'','','','','','','','','','','',011,'',NULL,NULL,000,'','','','','','','Y','Y','Y',NULL,'','','',NULL,'','',NULL,NULL,'','','Y','a:0:{}'),
	(0000001897,'Mr.','Crosby','Lucille','Lucille','Crosby, Lucille','','M','1897','dcd57c0b2f61220eb93fa398ed746b99013d6c497a025073c6b1e937a2bcd8e5','','','N','Full','Y',003,'003',NULL,'1897@localhost','','','',NULL,'',NULL,0,'','','','','','','','','','','','','','','','','','','','','','','','','','','','uploads/2017/08/jwu2_passportscan_et4td9w0tg459uj9.png','','','','','','',NULL,'','','','','','','','','','','',009,'',NULL,NULL,000,'','','','','','','Y','Y','Y',NULL,'','','',NULL,'','',NULL,NULL,'','','Y','a:0:{}'),
	(0000001898,'','Ballard','Nikolai','Nikolai','Ballard, Nikolai','','M','1898','dcd57c0b2f61220eb93fa398ed746b99013d6c497a025073c6b1e937a2bcd8e5','','','N','Full','Y',003,'003',NULL,'1898@localhost','','','',NULL,'',NULL,0,'','','','','','','','','','','','','','','','','','','','','','','','','','','','uploads/2017/08/ilo_passportscan_dmvohsu9snboi3d.png','','','','','','',NULL,'','','','','','','','','','','',010,'',NULL,NULL,000,'','','','','','','Y','Y','Y',NULL,'','','',NULL,'','',NULL,NULL,'','','Y','a:0:{}'),
	(0000001899,'Mrs.','Rush','Amelie','Amelie','Rush, Amelie','','F','1899','dcd57c0b2f61220eb93fa398ed746b99013d6c497a025073c6b1e937a2bcd8e5','','','N','Full','Y',004,'004',NULL,'1899@localhost','','','',NULL,'',NULL,0,'','','','','','','','','','','','','','','','','','','','','','','','','','','','','','','','','','',NULL,'','','','','','','','','','','',NULL,'',NULL,NULL,NULL,'','','','','','','Y','Y','Y',NULL,'','','',NULL,'','',NULL,NULL,'','','Y','a:0:{}'),
	(0000001900,'Mr.','Ballard','Jakob','Jakob','Ballard, Jakob','','M','1900','dcd57c0b2f61220eb93fa398ed746b99013d6c497a025073c6b1e937a2bcd8e5','','','N','Full','Y',004,'004',NULL,'1900@localhost','','','',NULL,'',NULL,0,'','','','','','','','','','','','','','','','','','','','','','','','','','','','','','','','','','',NULL,'','','','','','','','','','','',NULL,'',NULL,NULL,NULL,'','','','','','','Y','Y','Y',NULL,'','','',NULL,'','',NULL,NULL,'','','Y','a:0:{}'),
	(0000001901,'','Oliver','Quintin','Quintin','Oliver, Quintin','','M','1901','dcd57c0b2f61220eb93fa398ed746b99013d6c497a025073c6b1e937a2bcd8e5','','','N','Full','Y',003,'003',NULL,'1901@localhost','','','',NULL,'',NULL,0,'','','','','','','','','','','','','','','','','','','','','','','','','','','','','','','','','','',NULL,'','','','','','','','','','','',009,'',NULL,NULL,000,'','','','','','','Y','Y','Y',NULL,'','','',NULL,'','',NULL,NULL,'','','Y','a:0:{}'),
	(0000001902,'Mrs.','Russell','Evie','Evie','Russell, Evie','','F','1902','dcd57c0b2f61220eb93fa398ed746b99013d6c497a025073c6b1e937a2bcd8e5','','','N','Full','Y',004,'004',NULL,'1902@localhost','','','',NULL,'',NULL,0,'','','','','','','','','','','','','','','','','','','','','','','','','','','','','','','','','','',NULL,'','','','','','','','','','','',NULL,'',NULL,NULL,NULL,'','','','','','','Y','Y','Y',NULL,'','','',NULL,'','',NULL,NULL,'','','Y','a:0:{}'),
	(0000001903,'Mr.','Ellison','Ari','Ari','Ellison, Ari','','M','1903','dcd57c0b2f61220eb93fa398ed746b99013d6c497a025073c6b1e937a2bcd8e5','','','N','Full','Y',004,'004',NULL,'1903@localhost','','','',NULL,'',NULL,0,'','','','','','','','','','','','','','','','','','','','','','','','','','','','','','','','','','',NULL,'','','','','','','','','','','',NULL,'',NULL,NULL,NULL,'','','','','','','Y','Y','Y',NULL,'','','',NULL,'','',NULL,NULL,'','','Y','a:0:{}'),
	(0000001904,'','Villa','Lennon','Lennon','Villa, Lennon','','M','1904','dcd57c0b2f61220eb93fa398ed746b99013d6c497a025073c6b1e937a2bcd8e5','','','N','Full','Y',003,'003',NULL,'1904@localhost','','','',NULL,'',NULL,0,'','','','','','','','','','','','','','','','','','','','','','','','','','','','','','','','','','',NULL,'','','','','','','','','','','',011,'',NULL,NULL,000,'','','','','','','Y','Y','Y',NULL,'','','',NULL,'','',NULL,NULL,'','','Y','a:0:{}'),
	(0000001905,'Mr.','Snyder','Malachi','Malachi','Snyder, Malachi','','M','1905','dcd57c0b2f61220eb93fa398ed746b99013d6c497a025073c6b1e937a2bcd8e5','','','N','Full','Y',003,'003',NULL,'1905@localhost','','','',NULL,'',NULL,0,'','','','','','','','','','','','','','','','','','','','','','','','','','','','','','','','','','',NULL,'','','','','','','','','','','',010,'',NULL,NULL,000,'','','','','','','Y','Y','Y',NULL,'','','',NULL,'','',NULL,NULL,'','','Y','a:0:{}'),
	(0000001906,'Ms.','Hopkins','Reagan','Reagan','Hopkins, Reagan','','F','1906','dcd57c0b2f61220eb93fa398ed746b99013d6c497a025073c6b1e937a2bcd8e5','','','N','Full','Y',004,'004',NULL,'1906@localhost','','','',NULL,'',NULL,0,'','','','','','','','','','','','','','','','','','','','','','','','','','','','','','','','','','',NULL,'','','','','','','','','','','',NULL,'',NULL,NULL,NULL,'','','','','','','Y','Y','Y',NULL,'','','',NULL,'','',NULL,NULL,'','','Y','a:0:{}'),
	(0000001907,'Mr.','Snyder','Dalton','Dalton','Snyder, Dalton','','M','1907','dcd57c0b2f61220eb93fa398ed746b99013d6c497a025073c6b1e937a2bcd8e5','','','N','Full','Y',004,'004',NULL,'1907@localhost','','','',NULL,'',NULL,0,'','','','','','','','','','','','','','','','','','','','','','','','','','','','','','','','','','',NULL,'','','','','','','','','','','',NULL,'',NULL,NULL,NULL,'','','','','','','Y','Y','Y',NULL,'','','',NULL,'','',NULL,NULL,'','','Y','a:0:{}'),
	(0000001911,'','Ballard','Abel','Abel','Ballard, Abel','','M','1911','dcd57c0b2f61220eb93fa398ed746b99013d6c497a025073c6b1e937a2bcd8e5','','','N','Full','Y',003,'003',NULL,'1911@localhost','','','',NULL,'',NULL,0,'','','','','','','','','','','','','','','','','','','','','','','','','','','','','','','','','','',NULL,'','','','','','','','','','','',011,'',NULL,NULL,000,'','','','','','','Y','Y','Y',NULL,'','','',NULL,'','',NULL,NULL,'','','Y','a:0:{}'),
	(0000001912,'Ms.','Tyler','Cynthia','Cynthia','Tyler, Cynthia','','F','1912','dcd57c0b2f61220eb93fa398ed746b99013d6c497a025073c6b1e937a2bcd8e5','','','N','Full','Y',004,'004',NULL,'1912@localhost','','','',NULL,'',NULL,0,'','','','','','','','','','','','','','','','','','','','','','','','','','','','','','','','','','',NULL,'','','','','','','','','','','',NULL,'',NULL,NULL,NULL,'','','','','','','Y','Y','Y',NULL,'','','',NULL,'','',NULL,NULL,'','','Y','a:0:{}'),
	(0000001913,'Mr.','York','Sergio','Sergio','York, Sergio','','M','1913','dcd57c0b2f61220eb93fa398ed746b99013d6c497a025073c6b1e937a2bcd8e5','','','N','Full','Y',003,'003',NULL,'1913@localhost','','','',NULL,'',NULL,0,'','','','','','','','','','','','','','','','','','','','','','','','','','','','uploads/2017/08/dliu_passportscan_wcrg4ygudsi2ykc6.jpg','','','','','','',NULL,'','','','','','','','','','','',010,'',NULL,NULL,000,'','','','','','','Y','Y','Y',NULL,'','','',NULL,'','',NULL,NULL,'','','Y','a:0:{}'),
	(0000001914,'','Jarvis','Luka','Luka','Jarvis, Luka','','M','1914','dcd57c0b2f61220eb93fa398ed746b99013d6c497a025073c6b1e937a2bcd8e5','','','N','Full','Y',003,'003',NULL,'1914@localhost','','','',NULL,'',NULL,0,'','','','','','','','','','','','','','','','','','','','','','','','','','','','','','','','','','',NULL,'','','','','','','','','','','',009,'',NULL,NULL,000,'','','','','','','Y','Y','Y',NULL,'','','',NULL,'','',NULL,NULL,'','','Y','a:0:{}'),
	(0000001915,'Mr.','Ellison','Oliver','Oliver','Ellison, Oliver','','M','1915','dcd57c0b2f61220eb93fa398ed746b99013d6c497a025073c6b1e937a2bcd8e5','','','N','Full','Y',003,'003',NULL,'1915@localhost','','','',NULL,'',NULL,0,'','','','','','','','','','','','','','','','','','','','','','','','','','','','','','','','','','',NULL,'','','','','','','','','','','',009,'',NULL,NULL,000,'','','','','','','Y','Y','Y',NULL,'','','',NULL,'','',NULL,NULL,'','','Y','a:0:{}'),
	(0000001916,'Mr.','Ellison','Bryson','Bryson','Ellison, Bryson','','M','1916','dcd57c0b2f61220eb93fa398ed746b99013d6c497a025073c6b1e937a2bcd8e5','','','N','Full','Y',004,'004',NULL,'1916@localhost','','','',NULL,'',NULL,0,'','','','','','','','','','','','','','','','','','','','','','','','','','','','','','','','','','',NULL,'','','','','','','','','','','',NULL,'',NULL,NULL,NULL,'','','','','','','Y','Y','Y',NULL,'','','',NULL,'','',NULL,NULL,'','','Y','a:0:{}'),
	(0000001917,'Mrs.','Ellison','Chaya','Chaya','Ellison, Chaya','','F','1917','dcd57c0b2f61220eb93fa398ed746b99013d6c497a025073c6b1e937a2bcd8e5','','','N','Full','Y',004,'004',NULL,'1917@localhost','','','',NULL,'',NULL,0,'','','','','','','','','','','','','','','','','','','','','','','','','','','','','','','','','','',NULL,'','','','','','','','','','','',NULL,'',NULL,NULL,NULL,'','','','','','','Y','Y','Y',NULL,'','','',NULL,'','',NULL,NULL,'','','Y','a:0:{}'),
	(0000001918,'','Clayton','Octavio','Octavio','Clayton, Octavio','','M','1918','dcd57c0b2f61220eb93fa398ed746b99013d6c497a025073c6b1e937a2bcd8e5','','','N','Full','Y',003,'003',NULL,'1918@localhost','','','',NULL,'',NULL,0,'','','','','','','','','','','','','','','','','','','','','','','','','','','','','','','','','','',NULL,'','','','','','','','','','','',010,'',NULL,NULL,000,'','','','','','','Y','Y','Y',NULL,'','','',NULL,'','',NULL,NULL,'','','Y','a:0:{}'),
	(0000001919,'Mrs.','Clayton','Jadyn','Jadyn','Clayton, Jadyn','','F','1919','dcd57c0b2f61220eb93fa398ed746b99013d6c497a025073c6b1e937a2bcd8e5','','','N','Full','Y',004,'004',NULL,'1919@localhost','','','',NULL,'',NULL,0,'','','','','','','','','','','','','','','','','','','','','','','','','','','','','','','','','','',NULL,'','','','','','','','','','','',NULL,'',NULL,NULL,NULL,'','','','','','','Y','Y','Y',NULL,'','','',NULL,'','',NULL,NULL,'','','Y','a:0:{}'),
	(0000001920,'Mr.','Clayton','Santino','Santino','Clayton, Santino','','M','1920','dcd57c0b2f61220eb93fa398ed746b99013d6c497a025073c6b1e937a2bcd8e5','','','N','Full','Y',004,'004',NULL,'1920@localhost','','','',NULL,'',NULL,0,'','','','','','','','','','','','','','','','','','','','','','','','','','','','','','','','','','',NULL,'','','','','','','','','','','',NULL,'',NULL,NULL,NULL,'','','','','','','Y','Y','Y',NULL,'','','',NULL,'','',NULL,NULL,'','','Y','a:0:{}'),
	(0000001921,'Mr.','Harmon','Elliott','Elliott','Harmon, Elliott','','M','1921','dcd57c0b2f61220eb93fa398ed746b99013d6c497a025073c6b1e937a2bcd8e5','','','N','Full','Y',003,'003',NULL,'1921@localhost','','','',NULL,'',NULL,0,'','','','','','','','','','','','','','','','','','','','','','','','','','','','','','','','','','',NULL,'','','','','','','','','','','',010,'',NULL,NULL,000,'','','','','','','Y','Y','Y',NULL,'','','',NULL,'','',NULL,NULL,'','','Y','a:0:{}'),
	(0000001922,'Ms.','Perry','Amanda','Amanda','Perry, Amanda','','F','1922','dcd57c0b2f61220eb93fa398ed746b99013d6c497a025073c6b1e937a2bcd8e5','','','N','Full','Y',004,'004',NULL,'1922@localhost','','','',NULL,'',NULL,0,'','','','','','','','','','','','','','','','','','','','','','','','','','','','','','','','','','',NULL,'','','','','','','','','','','',NULL,'',NULL,NULL,NULL,'','','','','','','Y','Y','Y',NULL,'','','',NULL,'','',NULL,NULL,'','','Y','a:0:{}'),
	(0000001923,'Mr.','Harmon','Hassan','Hassan','Harmon, Hassan','','M','1923','dcd57c0b2f61220eb93fa398ed746b99013d6c497a025073c6b1e937a2bcd8e5','','','N','Full','Y',004,'004',NULL,'1923@localhost','','','',NULL,'',NULL,0,'','','','','','','','','','','','','','','','','','','','','','','','','','','','','','','','','','',NULL,'','','','','','','','','','','',NULL,'',NULL,NULL,NULL,'','','','','','','Y','Y','Y',NULL,'','','',NULL,'','',NULL,NULL,'','','Y','a:0:{}'),
	(0000001924,'','Hunter','Marley','Marley','Hunter, Marley','','M','1924','dcd57c0b2f61220eb93fa398ed746b99013d6c497a025073c6b1e937a2bcd8e5','','','N','Full','Y',003,'003',NULL,'1924@localhost','','','',NULL,'',NULL,0,'','','','','','','','','','','','','','','','','','','','','','','','','','','','','','','','','','',NULL,'','','','','','','','','','','',010,'',NULL,NULL,000,'','','','','','','Y','Y','Y',NULL,'','','',NULL,'','',NULL,NULL,'','','Y','a:0:{}'),
	(0000001925,'Mrs.','Rogers','Dangelo','Dangelo','Rogers, Dangelo','','M','1925','dcd57c0b2f61220eb93fa398ed746b99013d6c497a025073c6b1e937a2bcd8e5','','','N','Full','Y',003,'003',NULL,'1925@localhost','','','',NULL,'',NULL,0,'','','','','','','','','','','','','','','','','','','','','','','','','','','','','','','','','','',NULL,'','','','','','','','','','','',009,'',NULL,NULL,000,'','','','','','','Y','Y','Y',NULL,'','','',NULL,'','',NULL,NULL,'','','Y','a:0:{}'),
	(0000001926,'Mr.','Rogers','Gary','Gary','Rogers, Gary','','M','1926','dcd57c0b2f61220eb93fa398ed746b99013d6c497a025073c6b1e937a2bcd8e5','','','N','Full','Y',004,'004',NULL,'1926@localhost','','','',NULL,'',NULL,0,'','','','','','','','','','','','','','','','','','','','','','','','','','','','','','','','','','',NULL,'','','','','','','','','','','',NULL,'',NULL,NULL,NULL,'','','','','','','Y','Y','Y',NULL,'','','',NULL,'','',NULL,NULL,'','','Y','a:0:{}'),
	(0000001927,'Mrs.','Ballard','Alondra','Alondra','Ballard, Alondra','','F','1927','dcd57c0b2f61220eb93fa398ed746b99013d6c497a025073c6b1e937a2bcd8e5','','','N','Full','Y',004,'004',NULL,'1927@localhost','','','',NULL,'',NULL,0,'','','','','','','','','','','','','','','','','','','','','','','','','','','','','','','','','','',NULL,'','','','','','','','','','','',NULL,'',NULL,NULL,NULL,'','','','','','','Y','Y','Y',NULL,'','','',NULL,'','',NULL,NULL,'','','Y','a:0:{}'),
	(0000001928,'','Wade','Emmalee','Emmalee','Wade, Emmalee','','M','1928','dcd57c0b2f61220eb93fa398ed746b99013d6c497a025073c6b1e937a2bcd8e5','','','N','Full','Y',003,'003',NULL,'1928@localhost','','','',NULL,'',NULL,0,'','','','','','','','','','','','','','','','','','','','','','','','','','','','','','','','','','',NULL,'','','','','','','','','','','',011,'',NULL,NULL,000,'','','','','','','Y','Y','Y',NULL,'','','',NULL,'','',NULL,NULL,'','','Y','a:0:{}'),
	(0000001929,'Mrs.','Wade','Paula','Paula','Wade, Paula','','F','1929','dcd57c0b2f61220eb93fa398ed746b99013d6c497a025073c6b1e937a2bcd8e5','','','N','Full','Y',004,'004',NULL,'1929@localhost','','','',NULL,'',NULL,0,'','','','','','','','','','','','','','','','','','','','','','','','','','','','','','','','','','',NULL,'','','','','','','','','','','',NULL,'',NULL,NULL,NULL,'','','','','','','Y','Y','Y',NULL,'','','',NULL,'','',NULL,NULL,'','','Y','a:0:{}'),
	(0000001930,'Mr.','Wade','Darwin','Darwin','Wade, Darwin','','M','1930','dcd57c0b2f61220eb93fa398ed746b99013d6c497a025073c6b1e937a2bcd8e5','','','N','Full','Y',004,'004',NULL,'1930@localhost','','','',NULL,'',NULL,0,'','','','','','','','','','','','','','','','','','','','','','','','','','','','','','','','','','',NULL,'','','','','','','','','','','',NULL,'',NULL,NULL,NULL,'','','','','','','Y','Y','Y',NULL,'','','',NULL,'','',NULL,NULL,'','','Y','a:0:{}'),
	(0000001931,'','Hernandez','Clarence','Clarence','Hernandez, Clarence','','M','1931','dcd57c0b2f61220eb93fa398ed746b99013d6c497a025073c6b1e937a2bcd8e5','','','N','Full','Y',003,'003',NULL,'1931@localhost','','','',NULL,'',NULL,0,'','','','','','','','','','','','','','','','','','','','','','','','','','','','','','','','','','',NULL,'','','','','','','','','','','',011,'',NULL,NULL,000,'','','','','','','Y','Y','Y',NULL,'','','',NULL,'','',NULL,NULL,'','','Y','a:0:{}'),
	(0000001932,'Ms.','Cox','Chasity','Chasity','Cox, Chasity','','F','1932','dcd57c0b2f61220eb93fa398ed746b99013d6c497a025073c6b1e937a2bcd8e5','','','N','Full','Y',004,'004',NULL,'1932@localhost','','','',NULL,'',NULL,0,'','','','','','','','','','','','','','','','','','','','','','','','','','','','','','','','','','',NULL,'','','','','','','','','','','',NULL,'',NULL,NULL,NULL,'','','','','','','Y','Y','Y',NULL,'','','',NULL,'','',NULL,NULL,'','','Y','a:0:{}'),
	(0000001933,'Dr.','Hernandez','Lucille','Lucille','Hernandez, Lucille','','M','1933','dcd57c0b2f61220eb93fa398ed746b99013d6c497a025073c6b1e937a2bcd8e5','','','Y','Full','Y',004,'004',NULL,'1933@localhost','','','',NULL,'',NULL,0,'','','','','','','','','','','','','','','','','','','','','','','','','','','','','','','','','','',NULL,'','','','','','','','','','','',NULL,'',NULL,NULL,NULL,'','','','','','','Y','Y','Y',NULL,'','','',NULL,'','',NULL,NULL,'','','Y','a:0:{}'),
	(0000001934,'Mr.','Logan','Eugene','Eugene','Logan, Eugene','','M','1934','dcd57c0b2f61220eb93fa398ed746b99013d6c497a025073c6b1e937a2bcd8e5','','','N','Full','Y',003,'003',NULL,'1934@localhost','','','',NULL,'',NULL,0,'','','','','','','','','','','','','','','','','','','','','','','','','','','','','','','','','','',NULL,'','','','','','','','','','','',009,'',NULL,NULL,000,'','','','','','','Y','Y','Y',NULL,'','','',NULL,'','',NULL,NULL,'','','Y','a:0:{}'),
	(0000001937,'','Thornton','Dwayne','Dwayne','Thornton, Dwayne','','M','1937','dcd57c0b2f61220eb93fa398ed746b99013d6c497a025073c6b1e937a2bcd8e5','','','N','Full','Y',003,'003',NULL,'1937@localhost','','','',NULL,'',NULL,0,'','','','','','','','','','','','','','','','','','','','','','','','','','','','','','','','','','',NULL,'','','','','','','','','','','',009,'',NULL,NULL,000,'','','','','','','Y','Y','Y',NULL,'','','',NULL,'','',NULL,NULL,'','','Y','a:0:{}'),
	(0000001938,'Ms.','Berger','London','London','Berger, London','','F','1938','dcd57c0b2f61220eb93fa398ed746b99013d6c497a025073c6b1e937a2bcd8e5','','','N','Full','Y',004,'004',NULL,'1938@localhost','','','',NULL,'',NULL,0,'','','','','','','','','','','','','','','','','','','','','','','','','','','','','','','','','','',NULL,'','','','','','','','','','','',NULL,'',NULL,NULL,NULL,'','','','','','','Y','Y','Y',NULL,'','','',NULL,'','',NULL,NULL,'','','Y','a:0:{}'),
	(0000001939,'Mr.','Thornton','Orion','Orion','Thornton, Orion','','M','1939','dcd57c0b2f61220eb93fa398ed746b99013d6c497a025073c6b1e937a2bcd8e5','','','N','Full','Y',004,'004',NULL,'1939@localhost','','','',NULL,'',NULL,0,'','','','','','','','','','','','','','','','','','','','','','','','','','','','','','','','','','',NULL,'','','','','','','','','','','',NULL,'',NULL,NULL,NULL,'','','','','','','Y','Y','Y',NULL,'','','',NULL,'','',NULL,NULL,'','','Y','a:0:{}'),
	(0000001940,'','Hopkins','Craig','Craig','Hopkins, Craig','','M','1940','dcd57c0b2f61220eb93fa398ed746b99013d6c497a025073c6b1e937a2bcd8e5','','','N','Full','Y',003,'003',NULL,'1940@localhost','','','',NULL,'',NULL,0,'','','','','','','','','','','','','','','','','','','','','','','','','','','','','','','','','','',NULL,'','','','','','','','','','','',010,'',NULL,NULL,000,'','','','','','','Y','Y','Y',NULL,'','','',NULL,'','',NULL,NULL,'','','Y','a:0:{}'),
	(0000001941,'Mrs.','Hopkins','Reyna','Reyna','Hopkins, Reyna','','F','1941','dcd57c0b2f61220eb93fa398ed746b99013d6c497a025073c6b1e937a2bcd8e5','','','N','Full','Y',004,'004',NULL,'1941@localhost','','','',NULL,'',NULL,0,'','','','','','','','','','','','','','','','','','','','','','','','','','','','','','','','','','',NULL,'','','','','','','','','','','',NULL,'',NULL,NULL,NULL,'','','','','','','Y','Y','Y',NULL,'','','',NULL,'','',NULL,NULL,'','','Y','a:0:{}'),
	(0000001942,'Mr.','Hopkins','Camilla','Camilla','Hopkins, Camilla','','M','1942','dcd57c0b2f61220eb93fa398ed746b99013d6c497a025073c6b1e937a2bcd8e5','','','N','Full','Y',004,'004',NULL,'1942@localhost','','','',NULL,'',NULL,0,'','','','','','','','','','','','','','','','','','','','','','','','','','','','','','','','','','',NULL,'','','','','','','','','','','',NULL,'',NULL,NULL,NULL,'','','','','','','Y','Y','Y',NULL,'','','',NULL,'','',NULL,NULL,'','','Y','a:0:{}'),
	(0000001946,'','Flowers','Tess','Tess','Flowers, Tess','','F','1946','dcd57c0b2f61220eb93fa398ed746b99013d6c497a025073c6b1e937a2bcd8e5','','','N','Full','Y',003,'003',NULL,'1946@localhost','','','',NULL,'',NULL,0,'','','','','','','','','','','','','','','','','','','','','','','','','','','','','','','','','','',NULL,'','','','','','','','','','','',010,'',NULL,NULL,000,'','','','','','','Y','Y','Y',NULL,'','','',NULL,'','',NULL,NULL,'','','Y','a:0:{}'),
	(0000001947,'Mr.','Flowers','Kareem','Kareem','Flowers, Kareem','','M','1947','dcd57c0b2f61220eb93fa398ed746b99013d6c497a025073c6b1e937a2bcd8e5','','','N','Full','Y',004,'004',NULL,'1947@localhost','','','',NULL,'',NULL,0,'','','','','','','','','','','','','','','','','','','','','','','','','','','','','','','','','','',NULL,'','','','','','','','','','','',NULL,'',NULL,NULL,NULL,'','','','','','','Y','Y','Y',NULL,'','','',NULL,'','',NULL,NULL,'','','Y','a:0:{}'),
	(0000001948,'Mrs.','Flowers','Makayla','Makayla','Flowers, Makayla','','F','1948','dcd57c0b2f61220eb93fa398ed746b99013d6c497a025073c6b1e937a2bcd8e5','','','N','Full','Y',004,'004',NULL,'1948@localhost','','','',NULL,'',NULL,0,'','','','','','','','','','','','','','','','','','','','','','','','','','','','','','','','','','',NULL,'','','','','','','','','','','',NULL,'',NULL,NULL,NULL,'','','','','','','Y','Y','Y',NULL,'','','',NULL,'','',NULL,NULL,'','','Y','a:0:{}'),
	(0000001955,'Mr.','Mclean','Gary','Gary','Mclean, Gary','','M','1955','dcd57c0b2f61220eb93fa398ed746b99013d6c497a025073c6b1e937a2bcd8e5','','','N','Full','Y',003,'003',NULL,'1955@localhost','','','',NULL,'',NULL,0,'','','','','','','','','','','','','','','','','','','','','','','','','','','','','','','','','','',NULL,'','','','','','','','','','','',010,'',NULL,NULL,000,'','','','','','','Y','Y','Y',NULL,'','','',NULL,'','',NULL,NULL,'','','Y','a:0:{}'),
	(0000001956,'Ms.','Jarvis','Britney','Britney','Jarvis, Britney','','F','1956','dcd57c0b2f61220eb93fa398ed746b99013d6c497a025073c6b1e937a2bcd8e5','','','N','Full','Y',004,'004',NULL,'1956@localhost','','','',NULL,'',NULL,0,'','','','','','','','','','','','','','','','','','','','','','','','','','','','','','','','','','',NULL,'','','','','','','','','','','',NULL,'',NULL,NULL,NULL,'','','','','','','Y','Y','Y',NULL,'','','',NULL,'','',NULL,NULL,'','','Y','a:0:{}'),
	(0000001957,'Mr.','Mclean','Jamarcus','Jamarcus','Mclean, Jamarcus','','M','1957','dcd57c0b2f61220eb93fa398ed746b99013d6c497a025073c6b1e937a2bcd8e5','','','N','Full','Y',004,'004',NULL,'1957@localhost','','','',NULL,'',NULL,0,'','','','','','','','','','','','','','','','','','','','','','','','','','','','','','','','','','',NULL,'','','','','','','','','','','',NULL,'',NULL,NULL,NULL,'','','','','','','Y','Y','Y',NULL,'','','',NULL,'','',NULL,NULL,'','','Y','a:0:{}'),
	(0000001958,'','Colon','Gary','Gary','Colon, Gary','','M','1958','dcd57c0b2f61220eb93fa398ed746b99013d6c497a025073c6b1e937a2bcd8e5','','','N','Full','Y',003,'003',NULL,'1958@localhost','','','',NULL,'',NULL,0,'','','','','','','','','','','','','','','','','','','','','','','','','','','','','','','','','','',NULL,'','','','','','','','','','','',009,'',NULL,NULL,000,'','','','','','','Y','Y','Y',NULL,'','','',NULL,'','',NULL,NULL,'','','Y','a:0:{}'),
	(0000001960,'','Lang','Jamar','Jamar','Lang, Jamar','','M','1960','dcd57c0b2f61220eb93fa398ed746b99013d6c497a025073c6b1e937a2bcd8e5','','','N','Full','Y',003,'003',NULL,'1960@localhost','','','',NULL,'',NULL,0,'','','','','','','','','','','','','','','','','','','','','','','','','','','','','','','','','','',NULL,'','','','','','','','','','','',011,'',NULL,NULL,000,'','','','','','','Y','Y','Y',NULL,'','','',NULL,'','',NULL,NULL,'','','Y','a:0:{}'),
	(0000001964,'Miss','Bond','Krista','Krista','Bond, Krista','','F','1964','dcd57c0b2f61220eb93fa398ed746b99013d6c497a025073c6b1e937a2bcd8e5','','','N','Full','Y',003,'003',NULL,'1964@localhost','','','',NULL,'',NULL,0,'','','','','','','','','','','','','','','','','','','','','','','','','','','','','','','','','','',NULL,'','','','','','','','','','','',010,'',NULL,NULL,000,'','','','','','','Y','Y','Y',NULL,'','','',NULL,'','',NULL,NULL,'','','Y','a:0:{}'),
	(0000001965,'Mrs.','Bond','Skyla','Skyla','Bond, Skyla','','F','1965','dcd57c0b2f61220eb93fa398ed746b99013d6c497a025073c6b1e937a2bcd8e5','','','N','Full','Y',004,'004',NULL,'1965@localhost','','','',NULL,'',NULL,0,'','','','','','','','','','','','','','','','','','','','','','','','','','','','','','','','','','',NULL,'','','','','','','','','','','',NULL,'',NULL,NULL,NULL,'','','','','','','Y','Y','Y',NULL,'','','',NULL,'','',NULL,NULL,'','','Y','a:0:{}'),
	(0000001966,'Mr.','Bond','Koen','Koen','Bond, Koen','','M','1966','dcd57c0b2f61220eb93fa398ed746b99013d6c497a025073c6b1e937a2bcd8e5','','','N','Full','Y',004,'004',NULL,'1966@localhost','','','',NULL,'',NULL,0,'','','','','','','','','','','','','','','','','','','','','','','','','','','','','','','','','','',NULL,'','','','','','','','','','','',NULL,'',NULL,NULL,NULL,'','','','','','','Y','Y','Y',NULL,'','','',NULL,'','',NULL,NULL,'','','Y','a:0:{}'),
	(0000001970,'Miss','Ritter','Danna','Danna','Ritter, Danna','','F','1970','dcd57c0b2f61220eb93fa398ed746b99013d6c497a025073c6b1e937a2bcd8e5','','','N','Full','Y',003,'003',NULL,'1970@localhost','','','',NULL,'',NULL,0,'','','','','','','','','','','','','','','','','','','','','','','','','','','','','','','','','','',NULL,'','','','','','','','','','','',011,'',NULL,NULL,000,'','','','','','','Y','Y','Y',NULL,'','','',NULL,'','',NULL,NULL,'','','Y','a:0:{}'),
	(0000001971,'Ms.','Simpson','Cloe','Cloe','Simpson, Cloe','','F','1971','dcd57c0b2f61220eb93fa398ed746b99013d6c497a025073c6b1e937a2bcd8e5','','','N','Full','Y',004,'004',NULL,'1971@localhost','','','',NULL,'',NULL,0,'','','','','','','','','','','','','','','','','','','','','','','','','','','','','','','','','','',NULL,'','','','','','','','','','','',NULL,'',NULL,NULL,NULL,'','','','','','','Y','Y','Y',NULL,'','','',NULL,'','',NULL,NULL,'','','Y','a:0:{}'),
	(0000001972,'Mr.','Ritter','Micah','Micah','Ritter, Micah','','M','1972','dcd57c0b2f61220eb93fa398ed746b99013d6c497a025073c6b1e937a2bcd8e5','','','N','Full','Y',004,'004',NULL,'1972@localhost','','','',NULL,'',NULL,0,'','','','','','','','','','','','','','','','','','','','','','','','','','','','','','','','','','',NULL,'','','','','','','','','','','',NULL,'',NULL,NULL,NULL,'','','','','','','Y','Y','Y',NULL,'','','',NULL,'','',NULL,NULL,'','','Y','a:0:{}'),
	(0000001974,'','Curry','Valentin','Valentin','Curry, Valentin','','M','1974','dcd57c0b2f61220eb93fa398ed746b99013d6c497a025073c6b1e937a2bcd8e5','','','N','Full','Y',003,'003',NULL,'1974@localhost','','','',NULL,'',NULL,0,'','','','','','','','','','','','','','','','','','','','','','','','','','','','','','','','','','',NULL,'','','','','','','','','','','',009,'',NULL,NULL,000,'','','','','','','Y','Y','Y',NULL,'','','',NULL,'','',NULL,NULL,'','','Y','a:0:{}'),
	(0000001975,'Ms.','Hopkins','Brenna','Brenna','Hopkins, Brenna','','F','1975','dcd57c0b2f61220eb93fa398ed746b99013d6c497a025073c6b1e937a2bcd8e5','','','N','Full','Y',004,'004',NULL,'1975@localhost','','','',NULL,'',NULL,0,'','','','','','','','','','','','','','','','','','','','','','','','','','','','','','','','','','',NULL,'','','','','','','','','','','',NULL,'',NULL,NULL,NULL,'','','','','','','Y','Y','Y',NULL,'','','',NULL,'','',NULL,NULL,'','','Y','a:0:{}'),
	(0000001976,'Mr.','Curry','Micah','Micah','Curry, Micah','','M','1976','dcd57c0b2f61220eb93fa398ed746b99013d6c497a025073c6b1e937a2bcd8e5','','','N','Full','Y',004,'004',NULL,'1976@localhost','','','',NULL,'',NULL,0,'','','','','','','','','','','','','','','','','','','','','','','','','','','','','','','','','','',NULL,'','','','','','','','','','','',NULL,'',NULL,NULL,NULL,'','','','','','','Y','Y','Y',NULL,'','','',NULL,'','',NULL,NULL,'','','Y','a:0:{}'),
	(0000001977,'','Curry','Tommy','Tommy','Curry, Tommy','','M','1977','dcd57c0b2f61220eb93fa398ed746b99013d6c497a025073c6b1e937a2bcd8e5','','','N','Full','Y',003,'003',NULL,'1977@localhost','','','',NULL,'',NULL,0,'','','','','','','','','','','','','','','','','','','','','','','','','','','','','','','','','','',NULL,'','','','','','','','','','','',010,'',NULL,NULL,000,'','','','','','','Y','Y','Y',NULL,'','','',NULL,'','',NULL,NULL,'','','Y','a:0:{}'),
	(0000001980,'','Blanchard','Matthias','Matthias','Blanchard, Matthias','','M','1980','dcd57c0b2f61220eb93fa398ed746b99013d6c497a025073c6b1e937a2bcd8e5','','','N','Full','Y',003,'003',NULL,'1980@localhost','','','',NULL,'',NULL,0,'','','','','','','','','','','','','','','','','','','','','','','','','','','','','','','','','','',NULL,'','','','','','','','','','','',009,'',NULL,NULL,000,'','','','','','','Y','Y','Y',NULL,'','','',NULL,'','',NULL,NULL,'','','Y','a:0:{}'),
	(0000001981,'Mrs.','Gallagher','Destiny','Destiny','Gallagher, Destiny','','F','1981','dcd57c0b2f61220eb93fa398ed746b99013d6c497a025073c6b1e937a2bcd8e5','','','N','Full','Y',004,'004',NULL,'1981@localhost','','','',NULL,'',NULL,0,'','','','','','','','','','','','','','','','','','','','','','','','','','','','','','','','','','',NULL,'','','','','','','','','','','',NULL,'',NULL,NULL,NULL,'','','','','','','Y','Y','Y',NULL,'','','',NULL,'','',NULL,NULL,'','','Y','a:0:{}'),
	(0000001982,'Mr.','Blanchard','America','America','Blanchard, America','','M','1982','dcd57c0b2f61220eb93fa398ed746b99013d6c497a025073c6b1e937a2bcd8e5','','','N','Full','Y',004,'004',NULL,'1982@localhost','','','',NULL,'',NULL,0,'','','','','','','','','','','','','','','','','','','','','','','','','','','','','','','','','','',NULL,'','','','','','','','','','','',NULL,'',NULL,NULL,NULL,'','','','','','','Y','Y','Y',NULL,'','','',NULL,'','',NULL,NULL,'','','Y','a:0:{}'),
	(0000001983,'Miss','Carey','Magdalena','Magdalena','Carey, Magdalena','','F','1983','dcd57c0b2f61220eb93fa398ed746b99013d6c497a025073c6b1e937a2bcd8e5','','','N','Full','Y',003,'003',NULL,'1983@localhost','','','',NULL,'',NULL,0,'','','','','','','','','','','','','','','','','','','','','','','','','','','','','','','','','','',NULL,'','','','','','','','','','','',009,'',NULL,NULL,000,'','','','','','','Y','Y','Y',NULL,'','','',NULL,'','',NULL,NULL,'','','Y','a:0:{}'),
	(0000001984,'Mrs.','Garrett','Donna','Donna','Garrett, Donna','','F','1984','dcd57c0b2f61220eb93fa398ed746b99013d6c497a025073c6b1e937a2bcd8e5','','','N','Full','Y',004,'004',NULL,'1984@localhost','','','',NULL,'',NULL,0,'','','','','','','','','','','','','','','','','','','','','','','','','','','','','','','','','','',NULL,'','','','','','','','','','','',NULL,'',NULL,NULL,NULL,'','','','','','','Y','Y','Y',NULL,'','','',NULL,'','',NULL,NULL,'','','Y','a:0:{}'),
	(0000001985,'Mr.','Carey','Izayah','Izayah','Carey, Izayah','','M','1985','dcd57c0b2f61220eb93fa398ed746b99013d6c497a025073c6b1e937a2bcd8e5','','','N','Full','Y',004,'004',NULL,'1985@localhost','','','',NULL,'',NULL,0,'','','','','','','','','','','','','','','','','','','','','','','','','','','','','','','','','','',NULL,'','','','','','','','','','','',NULL,'',NULL,NULL,NULL,'','','','','','','Y','Y','Y',NULL,'','','',NULL,'','',NULL,NULL,'','','Y','a:0:{}'),
	(0000001986,'','Davenport','Summer','Summer','Davenport, Summer','','F','1986','dcd57c0b2f61220eb93fa398ed746b99013d6c497a025073c6b1e937a2bcd8e5','','','N','Full','Y',003,'003',NULL,'1986@localhost','','','',NULL,'',NULL,0,'','','','','','','','','','','','','','','','','','','','','','','','','','','','','','','','','','',NULL,'','','','','','','','','','','',010,'',NULL,NULL,000,'','','','','','','Y','Y','Y',NULL,'','','',NULL,'','',NULL,NULL,'','','Y','a:0:{}'),
	(0000001987,'Mr.','Davenport','Allen','Allen','Davenport, Allen','','M','1987','dcd57c0b2f61220eb93fa398ed746b99013d6c497a025073c6b1e937a2bcd8e5','','','N','Full','Y',004,'004',NULL,'1987@localhost','','','',NULL,'',NULL,0,'','','','','','','','','','','','','','','','','','','','','','','','','','','','','','','','','','',NULL,'','','','','','','','','','','',NULL,'',NULL,NULL,NULL,'','','','','','','Y','Y','Y',NULL,'','','',NULL,'','',NULL,NULL,'','','Y','a:0:{}'),
	(0000001988,'Mrs.','Hebert','Emily','Emily','Hebert, Emily','','F','1988','dcd57c0b2f61220eb93fa398ed746b99013d6c497a025073c6b1e937a2bcd8e5','','','N','Full','Y',004,'004',NULL,'1988@localhost','','','',NULL,'',NULL,0,'','','','','','','','','','','','','','','','','','','','','','','','','','','','','','','','','','',NULL,'','','','','','','','','','','',NULL,'',NULL,NULL,NULL,'','','','','','','Y','Y','Y',NULL,'','','',NULL,'','',NULL,NULL,'','','Y','a:0:{}'),
	(0000001989,'','Lin','Bryson','Bryson','Lin, Bryson','','M','1989','dcd57c0b2f61220eb93fa398ed746b99013d6c497a025073c6b1e937a2bcd8e5','','','N','Full','Y',003,'003',NULL,'1989@localhost','','','',NULL,'',NULL,0,'','','','','','','','','','','','','','','','','','','','','','','','','','','','','','','','','','',NULL,'','','','','','','','','','','',011,'',NULL,NULL,000,'','','','','','','Y','Y','Y',NULL,'','','',NULL,'','',NULL,NULL,'','','Y','a:0:{}'),
	(0000001990,'Dr.','Lin','Bryant','Bryant','Lin, Bryant','','M','1990','dcd57c0b2f61220eb93fa398ed746b99013d6c497a025073c6b1e937a2bcd8e5','','','N','Full','Y',004,'004',NULL,'1990@localhost','','','',NULL,'',NULL,0,'','','','','','','','','','','','','','','','','','','','','','','','','','','','','','','','','','',NULL,'','','','','','','','','','','',NULL,'',NULL,NULL,NULL,'','','','','','','Y','Y','Y',NULL,'','','',NULL,'','',NULL,NULL,'','','Y','a:0:{}'),
	(0000001991,'Mrs.','Lin','Kara','Kara','Lin, Kara','','F','1991','dcd57c0b2f61220eb93fa398ed746b99013d6c497a025073c6b1e937a2bcd8e5','','','N','Full','Y',004,'004',NULL,'1991@localhost','','','',NULL,'',NULL,0,'','','','','','','','','','','','','','','','','','','','','','','','','','','','','','','','','','',NULL,'','','','','','','','','','','',NULL,'',NULL,NULL,NULL,'','','','','','','Y','Y','Y',NULL,'','','',NULL,'','',NULL,NULL,'','','Y','a:0:{}'),
	(0000001992,'','Brooks','Shaniya','Shaniya','Brooks, Shaniya','','F','1992','dcd57c0b2f61220eb93fa398ed746b99013d6c497a025073c6b1e937a2bcd8e5','','','N','Full','Y',003,'003',NULL,'1992@localhost','','','',NULL,'',NULL,0,'','','','','','','','','','','','','','','','','','','','','','','','','','','','','','','','','','',NULL,'','','','','','','','','','','',009,'',NULL,NULL,000,'','','','','','','Y','Y','Y',NULL,'','','',NULL,'','',NULL,NULL,'','','Y','a:0:{}'),
	(0000001993,'Mr.','Brooks','Camryn','Camryn','Brooks, Camryn','','M','1993','dcd57c0b2f61220eb93fa398ed746b99013d6c497a025073c6b1e937a2bcd8e5','','','N','Full','Y',004,'004',NULL,'1993@localhost','','','',NULL,'',NULL,0,'','','','','','','','','','','','','','','','','','','','','','','','','','','','','','','','','','',NULL,'','','','','','','','','','','',NULL,'',NULL,NULL,NULL,'','','','','','','Y','Y','Y',NULL,'','','',NULL,'','',NULL,NULL,'','','Y','a:0:{}'),
	(0000001994,'Mrs.','Good','Kassidy','Kassidy','Good, Kassidy','','F','1994','dcd57c0b2f61220eb93fa398ed746b99013d6c497a025073c6b1e937a2bcd8e5','','','N','Full','Y',004,'004',NULL,'1994@localhost','','','',NULL,'',NULL,0,'','','','','','','','','','','','','','','','','','','','','','','','','','','','','','','','','','',NULL,'','','','','','','','','','','',NULL,'',NULL,NULL,NULL,'','','','','','','Y','Y','Y',NULL,'','','',NULL,'','',NULL,NULL,'','','Y','a:0:{}'),
	(0000001995,'','Sellers','Amelie','Amelie','Sellers, Amelie','','F','1995','dcd57c0b2f61220eb93fa398ed746b99013d6c497a025073c6b1e937a2bcd8e5','','','N','Full','Y',003,'003',NULL,'1995@localhost','','','',NULL,'',NULL,0,'','','','','','','','','','','','','','','','','','','','','','','','','','','','','','','','','','',NULL,'','','','','','','','','','','',009,'',NULL,NULL,000,'','','','','','','Y','Y','Y',NULL,'','','',NULL,'','',NULL,NULL,'','','Y','a:0:{}'),
	(0000001997,'Mr.','Sellers','Devin','Devin','Sellers, Devin','','M','1997','dcd57c0b2f61220eb93fa398ed746b99013d6c497a025073c6b1e937a2bcd8e5','','','N','Full','Y',004,'004',NULL,'1997@localhost','','','',NULL,'',NULL,0,'','','','','','','','','','','','','','','','','','','','','','','','','','','','','','','','','','',NULL,'','','','','','','','','','','',NULL,'',NULL,NULL,NULL,'','','','','','','Y','Y','Y',NULL,'','','',NULL,'','',NULL,NULL,'','','Y','a:0:{}'),
	(0000001998,'','Mendoza','Tatum','Tatum','Mendoza, Tatum','','F','1998','dcd57c0b2f61220eb93fa398ed746b99013d6c497a025073c6b1e937a2bcd8e5','','','N','Full','Y',003,'003',NULL,'1998@localhost','','','',NULL,'',NULL,0,'','','','','','','','','','','','','','','','','','','','','','','','','','','','','','','','','','',NULL,'','','','','','','','','','','',009,'',NULL,NULL,000,'','','','','','','Y','Y','Y',NULL,'','','',NULL,'','',NULL,NULL,'','','Y','a:0:{}'),
	(0000001999,'Ms.','Mendoza','Jessie','Jessie','Mendoza, Jessie','','F','1999','dcd57c0b2f61220eb93fa398ed746b99013d6c497a025073c6b1e937a2bcd8e5','','','N','Full','Y',004,'004',NULL,'1999@localhost','','','',NULL,'',NULL,0,'','','','','','','','','','','','','','','','','','','','','','','','','','','','','','','','','','',NULL,'','','','','','','','','','','',NULL,'',NULL,NULL,NULL,'','','','','','','Y','Y','Y',NULL,'','','',NULL,'','',NULL,NULL,'','','Y','a:0:{}'),
	(0000002000,'Mr.','Rush','Heath','Heath','Rush, Heath','','M','2000','dcd57c0b2f61220eb93fa398ed746b99013d6c497a025073c6b1e937a2bcd8e5','','','N','Full','Y',003,'003',NULL,'2000@localhost','','','',NULL,'',NULL,0,'','','','','','','','','','','','','','','','','','','','','','','','','','','','','','','','','','',NULL,'','','','','','','','','','','',010,'',NULL,NULL,000,'','','','','','','Y','Y','Y',NULL,'','','',NULL,'','',NULL,NULL,'','','Y','a:0:{}'),
	(0000002001,'Mr.','Rush','Gauge','Gauge','Rush, Gauge','','M','2001','dcd57c0b2f61220eb93fa398ed746b99013d6c497a025073c6b1e937a2bcd8e5','','','N','Full','Y',004,'004',NULL,'2001@localhost','','','',NULL,'',NULL,0,'','','','','','','','','','','','','','','','','','','','','','','','','','','','','','','','','','',NULL,'','','','','','','','','','','',NULL,'',NULL,NULL,NULL,'','','','','','','Y','Y','Y',NULL,'','','',NULL,'','',NULL,NULL,'','','Y','a:0:{}'),
	(0000002002,'Miss','Crosby','Nathalia','Nathalia','Crosby, Nathalia','','F','2002','dcd57c0b2f61220eb93fa398ed746b99013d6c497a025073c6b1e937a2bcd8e5','','','N','Full','Y',004,'004',NULL,'2002@localhost','','','',NULL,'',NULL,0,'','','','','','','','','','','','','','','','','','','','','','','','','','','','','','','','','','',NULL,'','','','','','','','','','','',NULL,'',NULL,NULL,NULL,'','','','','','','Y','Y','Y',NULL,'','','',NULL,'','',NULL,NULL,'','','Y','a:0:{}'),
	(0000002006,'','Fox','Amelie','Amelie','Fox, Amelie','','F','2006','dcd57c0b2f61220eb93fa398ed746b99013d6c497a025073c6b1e937a2bcd8e5','','','N','Full','Y',003,'003',NULL,'2006@localhost','','','',NULL,'',NULL,0,'','','','','','','','','','','','','','','','','','','','','','','','','','','','','','','','','','',NULL,'','','','','','','','','','','',009,'',NULL,NULL,000,'','','','','','','Y','Y','Y',NULL,'','','',NULL,'','',NULL,NULL,'','','Y','a:0:{}'),
	(0000002007,'Mr.','Fox','Brooks','Brooks','Fox, Brooks','','M','2007','dcd57c0b2f61220eb93fa398ed746b99013d6c497a025073c6b1e937a2bcd8e5','','','N','Full','Y',004,'004',NULL,'2007@localhost','','','',NULL,'',NULL,0,'','','','','','','','','','','','','','','','','','','','','','','','','','','','','','','','','','',NULL,'','','','','','','','','','','',NULL,'',NULL,NULL,NULL,'','','','','','','Y','Y','Y',NULL,'','','',NULL,'','',NULL,NULL,'','','Y','a:0:{}'),
	(0000002008,'Ms.','Olson','Fiona','Fiona','Olson, Fiona','','F','2008','dcd57c0b2f61220eb93fa398ed746b99013d6c497a025073c6b1e937a2bcd8e5','','','N','Full','Y',004,'004',NULL,'2008@localhost','','','',NULL,'',NULL,0,'','','','','','','','','','','','','','','','','','','','','','','','','','','','','','','','','','',NULL,'','','','','','','','','','','',NULL,'',NULL,NULL,NULL,'','','','','','','Y','Y','Y',NULL,'','','',NULL,'','',NULL,NULL,'','','Y','a:0:{}'),
	(0000002009,'Mr.','Russell','Landyn','Landyn','Russell, Landyn','','M','2009','dcd57c0b2f61220eb93fa398ed746b99013d6c497a025073c6b1e937a2bcd8e5','','','N','Full','Y',003,'003',NULL,'2009@localhost','','','',NULL,'',NULL,0,'','','','','','','','','','','','','','','','','','','','','','','','','','','','uploads/2017/08/kchong1_passportscan_99umzgkgtijgjfxu.png','','','','','','',NULL,'','','','','','','','','','','',009,'',NULL,NULL,000,'','','','','','','Y','Y','Y',NULL,'','','',NULL,'','',NULL,NULL,'','','Y','a:0:{}'),
	(0000002010,'Mr.','Russell','Walter','Walter','Russell, Walter','','M','2010','dcd57c0b2f61220eb93fa398ed746b99013d6c497a025073c6b1e937a2bcd8e5','','','N','Full','Y',004,'004',NULL,'2010@localhost','','','',NULL,'',NULL,0,'','','','','','','','','','','','','','','','','','','','','','','','','','','','','','','','','','',NULL,'','','','','','','','','','','',NULL,'',NULL,NULL,NULL,'','','','','','','Y','Y','Y',NULL,'','','',NULL,'','',NULL,NULL,'','','Y','a:0:{}'),
	(0000002011,'Ms.','Brewer','Alannah','Alannah','Brewer, Alannah','','F','2011','dcd57c0b2f61220eb93fa398ed746b99013d6c497a025073c6b1e937a2bcd8e5','','','N','Full','Y',004,'004',NULL,'2011@localhost','','','',NULL,'',NULL,0,'','','','','','','','','','','','','','','','','','','','','','','','','','','','','','','','','','',NULL,'','','','','','','','','','','',NULL,'',NULL,NULL,NULL,'','','','','','','Y','Y','Y',NULL,'','','',NULL,'','',NULL,NULL,'','','Y','a:0:{}'),
	(0000002012,'Ms.','Ellison','Diya','Diya','Ellison, Diya','','F','2012','dcd57c0b2f61220eb93fa398ed746b99013d6c497a025073c6b1e937a2bcd8e5','','','N','Full','Y',003,'003',NULL,'2012@localhost','','','',NULL,'',NULL,0,'','','','','','','','','','','','','','','','','','','','','','','','','','','','','','','','','','',NULL,'','','','','','','','','','','',010,'',NULL,NULL,000,'','','','','','','Y','Y','Y',NULL,'','','',NULL,'','',NULL,NULL,'','','Y','a:0:{}'),
	(0000002013,'Mr.','Ellison','Brady','Brady','Ellison, Brady','','M','2013','dcd57c0b2f61220eb93fa398ed746b99013d6c497a025073c6b1e937a2bcd8e5','','','N','Full','Y',004,'004',NULL,'2013@localhost','','','',NULL,'',NULL,0,'','','','','','','','','','','','','','','','','','','','','','','','','','','','','','','','','','',NULL,'','','','','','','','','','','',NULL,'',NULL,NULL,NULL,'','','','','','','Y','Y','Y',NULL,'','','',NULL,'','',NULL,NULL,'','','Y','a:0:{}'),
	(0000002014,'Mrs.','Crosby','Meghan','Meghan','Crosby, Meghan','','F','2014','dcd57c0b2f61220eb93fa398ed746b99013d6c497a025073c6b1e937a2bcd8e5','','','N','Full','Y',004,'004',NULL,'2014@localhost','','','',NULL,'',NULL,0,'','','','','','','','','','','','','','','','','','','','','','','','','','','','','','','','','','',NULL,'','','','','','','','','','','',NULL,'',NULL,NULL,NULL,'','','','','','','Y','Y','Y',NULL,'','','',NULL,'','',NULL,NULL,'','','Y','a:0:{}'),
	(0000002016,'Mr.','Frank','Conner','Conner','Frank, Conner','','M','2016','dcd57c0b2f61220eb93fa398ed746b99013d6c497a025073c6b1e937a2bcd8e5','','','N','Full','Y',003,'003',NULL,'2016@localhost','','','',NULL,'',NULL,0,'','','','','','','','','','','','','','','','','','','','','','','','','','','','','','','','','','',NULL,'','','','','','','','','','','',011,'',NULL,NULL,000,'','','','','','','Y','Y','Y',NULL,'','','',NULL,'','',NULL,NULL,'','','Y','a:0:{}'),
	(0000002019,'','English','Silas','Silas','English, Silas','','M','2019','dcd57c0b2f61220eb93fa398ed746b99013d6c497a025073c6b1e937a2bcd8e5','','','N','Full','Y',003,'003',NULL,'2019@localhost','','','',NULL,'',NULL,0,'','','','','','','','','','','','','','','','','','','','','','','','','','','','','','','','','','',NULL,'','','','','','','','','','','',011,'',NULL,NULL,000,'','','','','','','Y','Y','Y',NULL,'','','',NULL,'','',NULL,NULL,'','','Y','a:0:{}'),
	(0000002020,'Mrs.','English','Skylar','Skylar','English, Skylar','','F','2020','dcd57c0b2f61220eb93fa398ed746b99013d6c497a025073c6b1e937a2bcd8e5','','','N','Full','Y',004,'004',NULL,'2020@localhost','','','',NULL,'',NULL,0,'','','','','','','','','','','','','','','','','','','','','','','','','','','','','','','','','','',NULL,'','','','','','','','','','','',NULL,'',NULL,NULL,NULL,'','','','','','','Y','Y','Y',NULL,'','','',NULL,'','',NULL,NULL,'','','Y','a:0:{}'),
	(0000002021,'Mr.','English','Amare','Amare','English, Amare','','M','2021','dcd57c0b2f61220eb93fa398ed746b99013d6c497a025073c6b1e937a2bcd8e5','','','N','Full','Y',004,'004',NULL,'2021@localhost','','','',NULL,'',NULL,0,'','','','','','','','','','','','','','','','','','','','','','','','','','','','','','','','','','',NULL,'','','','','','','','','','','',NULL,'',NULL,NULL,NULL,'','','','','','','Y','Y','Y',NULL,'','','',NULL,'','',NULL,NULL,'','','Y','a:0:{}'),
	(0000002022,'Miss','Crane','Monserrat','Monserrat','Crane, Monserrat','','F','2022','dcd57c0b2f61220eb93fa398ed746b99013d6c497a025073c6b1e937a2bcd8e5','','','N','Full','Y',003,'003',NULL,'2022@localhost','','','',NULL,'',NULL,0,'','','','','','','','','','','','','','','','','','','','','','','','','','','','','','','','','','',NULL,'','','','','','','','','','','',011,'',NULL,NULL,000,'','','','','','','Y','Y','Y',NULL,'','','',NULL,'','',NULL,NULL,'','','Y','a:0:{}'),
	(0000002023,'Mrs.','Crane','Noemi','Noemi','Crane, Noemi','','F','2023','dcd57c0b2f61220eb93fa398ed746b99013d6c497a025073c6b1e937a2bcd8e5','','','N','Full','Y',004,'004',NULL,'2023@localhost','','','',NULL,'',NULL,0,'','','','','','','','','','','','','','','','','','','','','','','','','','','','','','','','','','',NULL,'','','','','','','','','','','',NULL,'',NULL,NULL,NULL,'','','','','','','Y','Y','Y',NULL,'','','',NULL,'','',NULL,NULL,'','','Y','a:0:{}'),
	(0000002024,'Mr.','Crane','Allison','Allison','Crane, Allison','','M','2024','dcd57c0b2f61220eb93fa398ed746b99013d6c497a025073c6b1e937a2bcd8e5','','','N','Full','Y',004,'004',NULL,'2024@localhost','','','',NULL,'',NULL,0,'','','','','','','','','','','','','','','','','','','','','','','','','','','','','','','','','','',NULL,'','','','','','','','','','','',NULL,'',NULL,NULL,NULL,'','','','','','','Y','Y','Y',NULL,'','','',NULL,'','',NULL,NULL,'','','Y','a:0:{}'),
	(0000002025,'Dr.','Anderson','Oliver','Oliver','Anderson, Oliver','','M','2025','dcd57c0b2f61220eb93fa398ed746b99013d6c497a025073c6b1e937a2bcd8e5','','','N','Full','Y',002,'002',NULL,'2025@localhost','','','',NULL,'',NULL,0,'','','','','','','','','','','','','','','','','','','','','','','','','','','','','','','','','','',NULL,'','','','','','','','','','','',NULL,'',NULL,NULL,NULL,'','','','','','','Y','Y','Y',NULL,'','','',NULL,'','',NULL,NULL,'','','Y','a:0:{}'),
	(0000002026,'Mrs.','Anderson','Evie','Evie','Anderson, Evie','','F','2026','dcd57c0b2f61220eb93fa398ed746b99013d6c497a025073c6b1e937a2bcd8e5','','','N','Full','Y',002,'002',NULL,'2026@localhost','','','',NULL,'',NULL,0,'','','','','','','','','','','','','','','','','','','','','','','','','','','','','','','','','','',NULL,'','','','','','','','','','','',NULL,'',NULL,NULL,NULL,'','','','','','','Y','Y','Y',NULL,'','','',NULL,'','',NULL,NULL,'','','Y','a:0:{}'),
	(0000002027,'Mr.','Mcknight','Annika','Annika','Mcknight, Annika','','M','2027','dcd57c0b2f61220eb93fa398ed746b99013d6c497a025073c6b1e937a2bcd8e5','','','N','Full','Y',029,'029',NULL,'2027@localhost','','','',NULL,'',NULL,0,'','','','','','','','','','','','','','','','','','','','','','','','','','','','','','','','','','',NULL,'','','','','','','','','','','',NULL,'',NULL,NULL,NULL,'','','','','','','Y','Y','Y',NULL,'','','',NULL,'','',NULL,NULL,'','','Y','a:0:{}'),
	(0000002028,'Mr.','Burton','Milo','Milo','Burton, Milo','','M','2028','dcd57c0b2f61220eb93fa398ed746b99013d6c497a025073c6b1e937a2bcd8e5','','','N','Full','Y',002,'002',NULL,'2028@localhost','','','',NULL,'',NULL,0,'','','','','','','','','','','','','','','','','','','','','','','','','','','','','','','','','','',NULL,'','','','','','','','','','','',NULL,'',NULL,NULL,NULL,'','','','','','','Y','Y','Y',NULL,'','','',NULL,'','',NULL,NULL,'','','Y','a:0:{}'),
	(0000002029,'','Donaldson','Kamari','Kamari','Donaldson, Kamari','','M','2029','dcd57c0b2f61220eb93fa398ed746b99013d6c497a025073c6b1e937a2bcd8e5','','','N','Full','Y',003,'003',NULL,'2029@localhost','','','',NULL,'',NULL,0,'','','','','','','','','','','','','','','','','','','','','','','','','','','','','','','','','','',NULL,'','','','','','','','','','','',011,'',NULL,NULL,000,'','','','','','','Y','Y','Y',NULL,'','','',NULL,'','',NULL,NULL,'','','Y','a:0:{}'),
	(0000002030,'Ms.','Wood','Amiya','Amiya','Wood, Amiya','','F','2030','dcd57c0b2f61220eb93fa398ed746b99013d6c497a025073c6b1e937a2bcd8e5','','','N','Full','Y',004,'004',NULL,'2030@localhost','','','',NULL,'',NULL,0,'','','','','','','','','','','','','','','','','','','','','','','','','','','','','','','','','','',NULL,'','','','','','','','','','','',NULL,'',NULL,NULL,NULL,'','','','','','','Y','Y','Y',NULL,'','','',NULL,'','',NULL,NULL,'','','Y','a:0:{}'),
	(0000002032,'Mr.','Donaldson','Deven','Deven','Donaldson, Deven','','M','2032','dcd57c0b2f61220eb93fa398ed746b99013d6c497a025073c6b1e937a2bcd8e5','','','N','Full','Y',004,'004',NULL,'2032@localhost','','','',NULL,'',NULL,0,'','','','','','','','','','','','','','','','','','','','','','','','','','','','','','','','','','',NULL,'','','','','','','','','','','',NULL,'',NULL,NULL,NULL,'','','','','','','Y','Y','Y',NULL,'','','',NULL,'','',NULL,NULL,'','','Y','a:0:{}'),
	(0000002033,'','Rice','Nia','Nia','Rice, Nia','','F','2033','dcd57c0b2f61220eb93fa398ed746b99013d6c497a025073c6b1e937a2bcd8e5','','','N','Full','Y',003,'003',NULL,'2033@localhost','','','',NULL,'',NULL,0,'','','','','','','','','','','','','','','','','','','','','','','','','','','','','','','','','','',NULL,'','','','','','','','','','','',009,'',NULL,NULL,000,'','','','','','','Y','Y','Y',NULL,'','','',NULL,'','',NULL,NULL,'','','Y','a:0:{}'),
	(0000002034,'Mr.','Rice','Willie','Willie','Rice, Willie','','M','2034','dcd57c0b2f61220eb93fa398ed746b99013d6c497a025073c6b1e937a2bcd8e5','','','N','Full','Y',004,'004',NULL,'2034@localhost','','','',NULL,'',NULL,0,'','','','','','','','','','','','','','','','','','','','','','','','','','','','','','','','','','',NULL,'','','','','','','','','','','',NULL,'',NULL,NULL,NULL,'','','','','','','Y','Y','Y',NULL,'','','',NULL,'','',NULL,NULL,'','','Y','a:0:{}'),
	(0000002035,'','Larson','Jude','Jude','Larson, Jude','','M','2035','dcd57c0b2f61220eb93fa398ed746b99013d6c497a025073c6b1e937a2bcd8e5','','','N','Full','Y',003,'003',NULL,'2035@localhost','','','',NULL,'',NULL,0,'','','','','','','','','','','','','','','','','','','','','','','','','','','','','','','','','','',NULL,'','','','','','','','','','','',010,'',NULL,NULL,000,'','','','','','','Y','Y','Y',NULL,'','','',NULL,'','',NULL,NULL,'','','Y','a:0:{}'),
	(0000002036,'Mr.','Larson','Maxwell','Maxwell','Larson, Maxwell','','M','2036','dcd57c0b2f61220eb93fa398ed746b99013d6c497a025073c6b1e937a2bcd8e5','','','N','Full','Y',004,'004',NULL,'2036@localhost','','','',NULL,'',NULL,0,'','','','','','','','','','','','','','','','','','','','','','','','','','','','','','','','','','',NULL,'','','','','','','','','','','',NULL,'',NULL,NULL,NULL,'','','','','','','Y','Y','Y',NULL,'','','',NULL,'','',NULL,NULL,'','','Y','a:0:{}'),
	(0000002037,'','Ritter','Amara','Amara','Ritter, Amara','','F','2037','dcd57c0b2f61220eb93fa398ed746b99013d6c497a025073c6b1e937a2bcd8e5','','','N','Full','Y',003,'003',NULL,'2037@localhost','','','',NULL,'',NULL,0,'','','','','','','','','','','','','','','','','','','','','','','','','','','','','','','','','','',NULL,'','','','','','','','','','','',010,'',NULL,NULL,000,'','','','','','','Y','Y','Y',NULL,'','','',NULL,'','',NULL,NULL,'','','Y','a:0:{}'),
	(0000002038,'Mrs.','Conner','Asia','Asia','Conner, Asia','','F','2038','dcd57c0b2f61220eb93fa398ed746b99013d6c497a025073c6b1e937a2bcd8e5','','','N','Full','Y',004,'004',NULL,'2038@localhost','','','',NULL,'',NULL,0,'','','','','','','','','','','','','','','','','','','','','','','','','','','','','','','','','','',NULL,'','','','','','','','','','','',NULL,'',NULL,NULL,NULL,'','','','','','','Y','Y','Y',NULL,'','','',NULL,'','',NULL,NULL,'','','Y','a:0:{}'),
	(0000002039,'Mr.','Ritter','Dalton','Dalton','Ritter, Dalton','','M','2039','dcd57c0b2f61220eb93fa398ed746b99013d6c497a025073c6b1e937a2bcd8e5','','','N','Full','Y',004,'004',NULL,'2039@localhost','','','',NULL,'',NULL,0,'','','','','','','','','','','','','','','','','','','','','','','','','','','','','','','','','','',NULL,'','','','','','','','','','','',NULL,'',NULL,NULL,NULL,'','','','','','','Y','Y','Y',NULL,'','','',NULL,'','',NULL,NULL,'','','Y','a:0:{}'),
	(0000002040,'','Hebert','Rudy','Rudy','Hebert, Rudy','','M','2040','dcd57c0b2f61220eb93fa398ed746b99013d6c497a025073c6b1e937a2bcd8e5','','','N','Full','Y',003,'003',NULL,'2040@localhost','','','',NULL,'',NULL,0,'','','','','','','','','','','','','','','','','','','','','','','','','','','','','','','','','','',NULL,'','','','','','','','','','','',011,'',NULL,NULL,000,'','','','','','','Y','Y','Y',NULL,'','','',NULL,'','',NULL,NULL,'','','Y','a:0:{}'),
	(0000002041,'Mrs.','Valentine','Halle','Halle','Valentine, Halle','','F','2041','dcd57c0b2f61220eb93fa398ed746b99013d6c497a025073c6b1e937a2bcd8e5','','','N','Full','Y',004,'004',NULL,'2041@localhost','','','',NULL,'',NULL,0,'','','','','','','','','','','','','','','','','','','','','','','','','','','','','','','','','','',NULL,'','','','','','','','','','','',NULL,'',NULL,NULL,NULL,'','','','','','','Y','Y','Y',NULL,'','','',NULL,'','',NULL,NULL,'','','Y','a:0:{}'),
	(0000002042,'Mr.','Hebert','Jean','Jean','Hebert, Jean','','M','2042','dcd57c0b2f61220eb93fa398ed746b99013d6c497a025073c6b1e937a2bcd8e5','','','N','Full','Y',004,'004',NULL,'2042@localhost','','','',NULL,'',NULL,0,'','','','','','','','','','','','','','','','','','','','','','','','','','','','','','','','','','',NULL,'','','','','','','','','','','',NULL,'',NULL,NULL,NULL,'','','','','','','Y','Y','Y',NULL,'','','',NULL,'','',NULL,NULL,'','','Y','a:0:{}'),
	(0000002049,'','Osborn','Ricardo','Ricardo','Osborn, Ricardo','','M','2049','dcd57c0b2f61220eb93fa398ed746b99013d6c497a025073c6b1e937a2bcd8e5','','','N','Full','Y',003,'003',NULL,'2049@localhost','','','',NULL,'',NULL,0,'','','','','','','','','','','','','','','','','','','','','','','','','','','','','','','','','','',NULL,'','','','','','','','','','','',011,'',NULL,NULL,000,'','','','','','','Y','Y','Y',NULL,'','','',NULL,'','',NULL,NULL,'','','Y','a:0:{}'),
	(0000002050,'Mr.','Osborn','Coleman','Coleman','Osborn, Coleman','','M','2050','dcd57c0b2f61220eb93fa398ed746b99013d6c497a025073c6b1e937a2bcd8e5','','','N','Full','Y',004,'004',NULL,'2050@localhost','','','',NULL,'',NULL,0,'','','','','','','','','','','','','','','','','','','','','','','','','','','','','','','','','','',NULL,'','','','','','','','','','','',NULL,'',NULL,NULL,NULL,'','','','','','','Y','Y','Y',NULL,'','','',NULL,'','',NULL,NULL,'','','Y','a:0:{}'),
	(0000002051,'Ms.','Davidson','Adriana','Adriana','Davidson, Adriana','','F','2051','dcd57c0b2f61220eb93fa398ed746b99013d6c497a025073c6b1e937a2bcd8e5','','','N','Full','Y',004,'004',NULL,'2051@localhost','','','',NULL,'',NULL,0,'','','','','','','','','','','','','','','','','','','','','','','','','','','','','','','','','','',NULL,'','','','','','','','','','','',NULL,'',NULL,NULL,NULL,'','','','','','','Y','Y','Y',NULL,'','','',NULL,'','',NULL,NULL,'','','Y','a:0:{}'),
	(0000002052,'Ms.','Tyler','Kayleigh','Kayleigh','Tyler, Kayleigh','','F','2052','dcd57c0b2f61220eb93fa398ed746b99013d6c497a025073c6b1e937a2bcd8e5','','','N','Full','Y',001,'001',NULL,'2052@localhost','','','',NULL,'',NULL,0,'','','','','','','','','','','','','','','','','','','','','','','','','','','','','','','','','','',NULL,'','','','','','','','','','','',NULL,'',NULL,NULL,NULL,'','','','','','','Y','Y','Y',NULL,'','','',NULL,'','',NULL,NULL,'','','Y','a:0:{}'),
	(0000002056,'Ms.','Washington','Cassie','Cassie','Washington, Cassie','','F','2056','dcd57c0b2f61220eb93fa398ed746b99013d6c497a025073c6b1e937a2bcd8e5','','','N','Full','Y',003,'003',NULL,'2056@localhost','','','',NULL,'',NULL,0,'','','','','','','','','','','','','','','','','','','','','','','','','','','','','','','','','','',NULL,'','','','','','','','','','','',010,'',NULL,NULL,000,'','','','','','','Y','Y','Y',NULL,'','','',NULL,'','',NULL,NULL,'','','Y','a:0:{}'),
	(0000002057,'Mr.','Washington','Mohammed','Mohammed','Washington, Mohammed','','M','2057','dcd57c0b2f61220eb93fa398ed746b99013d6c497a025073c6b1e937a2bcd8e5','','','N','Full','Y',004,'004',NULL,'2057@localhost','','','',NULL,'',NULL,0,'','','','','','','','','','','','','','','','','','','','','','','','','','','','','','','','','','',NULL,'','','','','','','','','','','',NULL,'',NULL,NULL,NULL,'','','','','','','Y','Y','Y',NULL,'','','',NULL,'','',NULL,NULL,'','','Y','a:0:{}'),
	(0000002058,'Mrs.','Washington','Alice','Alice','Washington, Alice','','F','2058','dcd57c0b2f61220eb93fa398ed746b99013d6c497a025073c6b1e937a2bcd8e5','','','N','Full','Y',004,'004',NULL,'2058@localhost','','','',NULL,'',NULL,0,'','','','','','','','','','','','','','','','','','','','','','','','','','','','','','','','','','',NULL,'','','','','','','','','','','',NULL,'',NULL,NULL,NULL,'','','','','','','Y','Y','Y',NULL,'','','',NULL,'','',NULL,NULL,'','','Y','a:0:{}'),
	(0000002059,'Ms.','Ellison','Aniya','Aniya','Ellison, Aniya','','F','2059','dcd57c0b2f61220eb93fa398ed746b99013d6c497a025073c6b1e937a2bcd8e5','','','N','Full','Y',002,'002',NULL,'2059@localhost','','','',NULL,'',NULL,0,'','','','','','','','','','','','','','','','','','','','','','','','','','','','','','','','','','',NULL,'','','','','','','','','','','',NULL,'',NULL,NULL,NULL,'','','','','','','Y','Y','Y',NULL,'','','',NULL,'','',NULL,NULL,'','','Y','a:0:{}'),
	(0000002063,'','Choi','Frankie','Frankie','Choi, Frankie','','M','2063','dcd57c0b2f61220eb93fa398ed746b99013d6c497a025073c6b1e937a2bcd8e5','','','N','Full','Y',003,'003',NULL,'2063@localhost','','','',NULL,'',NULL,0,'','','','','','','','','','','','','','','','','','','','','','','','','','','','','','','','','','',NULL,'','','','','','','','','','','',011,'',NULL,NULL,000,'','','','','','','Y','Y','Y',NULL,'','','',NULL,'','',NULL,NULL,'','','Y','a:0:{}'),
	(0000002064,'Ms.','Hull','Carla','Carla','Hull, Carla','','F','2064','dcd57c0b2f61220eb93fa398ed746b99013d6c497a025073c6b1e937a2bcd8e5','','','N','Full','Y',004,'004',NULL,'2064@localhost','','','',NULL,'',NULL,0,'','','','','','','','','','','','','','','','','','','','','','','','','','','','','','','','','','',NULL,'','','','','','','','','','','',NULL,'',NULL,NULL,NULL,'','','','','','','Y','Y','Y',NULL,'','','',NULL,'','',NULL,NULL,'','','Y','a:0:{}'),
	(0000002065,'Mr.','Choi','Ramiro','Ramiro','Choi, Ramiro','','M','2065','dcd57c0b2f61220eb93fa398ed746b99013d6c497a025073c6b1e937a2bcd8e5','','','N','Full','Y',004,'004',NULL,'2065@localhost','','','',NULL,'',NULL,0,'','','','','','','','','','','','','','','','','','','','','','','','','','','','','','','','','','',NULL,'','','','','','','','','','','',NULL,'',NULL,NULL,NULL,'','','','','','','Y','Y','Y',NULL,'','','',NULL,'','',NULL,NULL,'','','Y','a:0:{}'),
	(0000002066,'Mr.','Wilson','Mohammed','Mohammed','Wilson, Mohammed','','M','2066','dcd57c0b2f61220eb93fa398ed746b99013d6c497a025073c6b1e937a2bcd8e5','','','N','Full','Y',003,'003',NULL,'2066@localhost','','','',NULL,'',NULL,0,'','','','','','','','','','','','','','','','','','','','','','','','','','','','','','','','','','',NULL,'','','','','','','','','','','',010,'',NULL,NULL,000,'','','','','','','Y','Y','Y',NULL,'','','',NULL,'','',NULL,NULL,'','','Y','a:0:{}'),
	(0000002067,'Mr.','Wilson','Marc','Marc','Wilson, Marc','','M','2067','dcd57c0b2f61220eb93fa398ed746b99013d6c497a025073c6b1e937a2bcd8e5','','','N','Full','Y',004,'004',NULL,'2067@localhost','','','',NULL,'',NULL,0,'','','','','','','','','','','','','','','','','','','','','','','','','','','','','','','','','','',NULL,'','','','','','','','','','','',NULL,'',NULL,NULL,NULL,'','','','','','','Y','Y','Y',NULL,'','','',NULL,'','',NULL,NULL,'','','Y','a:0:{}'),
	(0000002068,'Mrs.','Schneider','Maia','Maia','Schneider, Maia','','F','2068','dcd57c0b2f61220eb93fa398ed746b99013d6c497a025073c6b1e937a2bcd8e5','','','N','Full','Y',004,'004',NULL,'2068@localhost','','','',NULL,'',NULL,0,'','','','','','','','','','','','','','','','','','','','','','','','','','','','','','','','','','',NULL,'','','','','','','','','','','',NULL,'',NULL,NULL,NULL,'','','','','','','Y','Y','Y',NULL,'','','',NULL,'','',NULL,NULL,'','','Y','a:0:{}'),
	(0000002072,'','Gallagher','Jaylynn','Jaylynn','Gallagher, Jaylynn','','F','2072','dcd57c0b2f61220eb93fa398ed746b99013d6c497a025073c6b1e937a2bcd8e5','','','N','Full','Y',003,'003',NULL,'2072@localhost','','','',NULL,'',NULL,0,'','','','','','','','','','','','','','','','','','','','','','','','','','','','','','','','','','',NULL,'','','','','','','','','','','',010,'',NULL,NULL,000,'','','','','','','Y','Y','Y',NULL,'','','',NULL,'','',NULL,NULL,'','','Y','a:0:{}'),
	(0000002073,'Mr.','Gallagher','Davis','Davis','Gallagher, Davis','','M','2073','dcd57c0b2f61220eb93fa398ed746b99013d6c497a025073c6b1e937a2bcd8e5','','','N','Full','Y',004,'004',NULL,'2073@localhost','','','',NULL,'',NULL,0,'','','','','','','','','','','','','','','','','','','','','','','','','','','','','','','','','','',NULL,'','','','','','','','','','','',NULL,'',NULL,NULL,NULL,'','','','','','','Y','Y','Y',NULL,'','','',NULL,'','',NULL,NULL,'','','Y','a:0:{}'),
	(0000002074,'Ms.','Valentine','Georgia','Georgia','Valentine, Georgia','','F','2074','dcd57c0b2f61220eb93fa398ed746b99013d6c497a025073c6b1e937a2bcd8e5','','','N','Full','Y',004,'004',NULL,'2074@localhost','','','',NULL,'',NULL,0,'','','','','','','','','','','','','','','','','','','','','','','','','','','','','','','','','','',NULL,'','','','','','','','','','','',NULL,'',NULL,NULL,NULL,'','','','','','','Y','Y','Y',NULL,'','','',NULL,'','',NULL,NULL,'','','Y','a:0:{}'),
	(0000002075,'','Santana','Jorden','Jorden','Santana, Jorden','','M','2075','dcd57c0b2f61220eb93fa398ed746b99013d6c497a025073c6b1e937a2bcd8e5','','','N','Full','Y',002,'002',NULL,'2075@localhost','','','',NULL,'',NULL,0,'','','','','','','','','','','','','','','','','','','','','','','','','','','','','','','','','','',NULL,'','','','','','','','','','','',NULL,'',NULL,NULL,NULL,'','','','','','','Y','Y','Y',NULL,'','','',NULL,'','',NULL,NULL,'','','Y','a:0:{}'),
	(0000002076,'','Simmons','Myla','Myla','Simmons, Myla','','F','2076','dcd57c0b2f61220eb93fa398ed746b99013d6c497a025073c6b1e937a2bcd8e5','','','N','Full','Y',003,'003',NULL,'2076@localhost','','','',NULL,'',NULL,0,'','','','','','','','','','','','','','','','','','','','','','','','','','','','','','','','','','',NULL,'','','','','','','','','','','',011,'',NULL,NULL,000,'','','','','','','Y','Y','Y',NULL,'','','',NULL,'','',NULL,NULL,'','','Y','a:0:{}'),
	(0000002077,'Mr.','Simmons','Dominik','Dominik','Simmons, Dominik','','M','2077','dcd57c0b2f61220eb93fa398ed746b99013d6c497a025073c6b1e937a2bcd8e5','','','N','Full','Y',004,'004',NULL,'2077@localhost','','','',NULL,'',NULL,0,'','','','','','','','','','','','','','','','','','','','','','','','','','','','','','','','','','',NULL,'','','','','','','','','','','',NULL,'',NULL,NULL,NULL,'','','','','','','Y','Y','Y',NULL,'','','',NULL,'','',NULL,NULL,'','','Y','a:0:{}'),
	(0000002078,'Ms.','Morales','Elizabeth','Elizabeth','Morales, Elizabeth','','F','2078','dcd57c0b2f61220eb93fa398ed746b99013d6c497a025073c6b1e937a2bcd8e5','','','N','Full','Y',004,'004',NULL,'2078@localhost','','','',NULL,'',NULL,0,'','','','','','','','','','','','','','','','','','','','','','','','','','','','','','','','','','',NULL,'','','','','','','','','','','',NULL,'',NULL,NULL,NULL,'','','','','','','Y','Y','Y',NULL,'','','',NULL,'','',NULL,NULL,'','','Y','a:0:{}'),
	(0000002079,'Miss','Kennedy','Rubi','Rubi','Kennedy, Rubi','','F','2079','dcd57c0b2f61220eb93fa398ed746b99013d6c497a025073c6b1e937a2bcd8e5','','','N','Full','Y',003,'003',NULL,'2079@localhost','','','',NULL,'',NULL,0,'','','','','','','','','','','','','','','','','','','','','','','','','','','','','','','','','','',NULL,'','','','','','','','','','','',011,'',NULL,NULL,000,'','','','','','','Y','Y','Y',NULL,'','','',NULL,'','',NULL,NULL,'','','Y','a:0:{}'),
	(0000002080,'Miss','Kennedy','Aimee','Aimee','Kennedy, Aimee','','F','2080','dcd57c0b2f61220eb93fa398ed746b99013d6c497a025073c6b1e937a2bcd8e5','','','N','Full','Y',004,'004',NULL,'2080@localhost','','','',NULL,'',NULL,0,'','','','','','','','','','','','','','','','','','','','','','','','','','','','','','','','','','',NULL,'','','','','','','','','','','',NULL,'',NULL,NULL,NULL,'','','','','','','Y','Y','Y',NULL,'','','',NULL,'','',NULL,NULL,'','','Y','a:0:{}'),
	(0000002081,'Dr.','Aguilar','Randy','Randy','Aguilar, Randy','','M','2081','dcd57c0b2f61220eb93fa398ed746b99013d6c497a025073c6b1e937a2bcd8e5','','','N','Full','Y',003,'003',NULL,'2081@localhost','','','',NULL,'',NULL,0,'','','','','','','','','','','','','','','','','','','','','','','','','','','','','','','','','','',NULL,'','','','','','','','','','','',010,'',NULL,NULL,000,'','','','','','','Y','Y','Y',NULL,'','','',NULL,'','',NULL,NULL,'','','Y','a:0:{}'),
	(0000002082,'Mr.','Aguilar','Triston','Triston','Aguilar, Triston','','M','2082','dcd57c0b2f61220eb93fa398ed746b99013d6c497a025073c6b1e937a2bcd8e5','','','N','Full','Y',004,'004',NULL,'2082@localhost','','','',NULL,'',NULL,0,'','','','','','','','','','','','','','','','','','','','','','','','','','','','','','','','','','',NULL,'','','','','','','','','','','',NULL,'',NULL,NULL,NULL,'','','','','','','Y','Y','Y',NULL,'','','',NULL,'','',NULL,NULL,'','','Y','a:0:{}'),
	(0000002083,'Ms.','Ellison','Ashlee','Ashlee','Ellison, Ashlee','','F','2083','dcd57c0b2f61220eb93fa398ed746b99013d6c497a025073c6b1e937a2bcd8e5','','','N','Full','Y',004,'004',NULL,'2083@localhost','','','',NULL,'',NULL,0,'','','','','','','','','','','','','','','','','','','','','','','','','','','','','','','','','','',NULL,'','','','','','','','','','','',NULL,'',NULL,NULL,NULL,'','','','','','','Y','Y','Y',NULL,'','','',NULL,'','',NULL,NULL,'','','Y','a:0:{}'),
	(0000002084,'','Sexton','Elliot','Elliot','Sexton, Elliot','','M','2084','dcd57c0b2f61220eb93fa398ed746b99013d6c497a025073c6b1e937a2bcd8e5','','','N','Full','Y',003,'003',NULL,'2084@localhost','','','',NULL,'',NULL,0,'','','','','','','','','','','','','','','','','','','','','','','','','','','','','','','','','','',NULL,'','','','','','','','','','','',011,'',NULL,NULL,000,'','','','','','','Y','Y','Y',NULL,'','','',NULL,'','',NULL,NULL,'','','Y','a:0:{}'),
	(0000002085,'Mrs.','Hebert','Kamari','Kamari','Hebert, Kamari','','F','2085','dcd57c0b2f61220eb93fa398ed746b99013d6c497a025073c6b1e937a2bcd8e5','','','N','Full','Y',004,'004',NULL,'2085@localhost','','','',NULL,'',NULL,0,'','','','','','','','','','','','','','','','','','','','','','','','','','','','','','','','','','',NULL,'','','','','','','','','','','',NULL,'',NULL,NULL,NULL,'','','','','','','Y','Y','Y',NULL,'','','',NULL,'','',NULL,NULL,'','','Y','a:0:{}'),
	(0000002086,'Mr.','Sexton','Jagger','Jagger','Sexton, Jagger','','M','2086','dcd57c0b2f61220eb93fa398ed746b99013d6c497a025073c6b1e937a2bcd8e5','','','N','Full','Y',004,'004',NULL,'2086@localhost','','','',NULL,'',NULL,0,'','','','','','','','','','','','','','','','','','','','','','','','','','','','','','','','','','',NULL,'','','','','','','','','','','',NULL,'',NULL,NULL,NULL,'','','','','','','Y','Y','Y',NULL,'','','',NULL,'','',NULL,NULL,'','','Y','a:0:{}'),
	(0000002087,'','Conner','Aron','Aron','Conner, Aron','','M','2087','dcd57c0b2f61220eb93fa398ed746b99013d6c497a025073c6b1e937a2bcd8e5','','','N','Full','Y',003,'003',NULL,'2087@localhost','','','',NULL,'',NULL,0,'','','','','','','','','','','','','','','','','','','','','','','','','','','','','','','','','','',NULL,'','','','','','','','','','','',010,'',NULL,NULL,000,'','','','','','','Y','Y','Y',NULL,'','','',NULL,'','',NULL,NULL,'','','Y','a:0:{}'),
	(0000002088,'Ms.','Simpson','Jakayla','Jakayla','Simpson, Jakayla','','F','2088','dcd57c0b2f61220eb93fa398ed746b99013d6c497a025073c6b1e937a2bcd8e5','','','N','Full','Y',004,'004',NULL,'2088@localhost','','','',NULL,'',NULL,0,'','','','','','','','','','','','','','','','','','','','','','','','','','','','','','','','','','',NULL,'','','','','','','','','','','',NULL,'',NULL,NULL,NULL,'','','','','','','Y','Y','Y',NULL,'','','',NULL,'','',NULL,NULL,'','','Y','a:0:{}'),
	(0000002089,'Mr.','Conner','Maryjane','Maryjane','Conner, Maryjane','','M','2089','dcd57c0b2f61220eb93fa398ed746b99013d6c497a025073c6b1e937a2bcd8e5','','','N','Full','Y',004,'004',NULL,'2089@localhost','','','',NULL,'',NULL,0,'','','','','','','','','','','','','','','','','','','','','','','','','','','','','','','','','','',NULL,'','','','','','','','','','','',NULL,'',NULL,NULL,NULL,'','','','','','','Y','Y','Y',NULL,'','','',NULL,'','',NULL,NULL,'','','Y','a:0:{}'),
	(0000002090,'Miss','Hopkins','Braelyn','Braelyn','Hopkins, Braelyn','','F','2090','dcd57c0b2f61220eb93fa398ed746b99013d6c497a025073c6b1e937a2bcd8e5','','','N','Full','Y',003,'003',NULL,'2090@localhost','','','',NULL,'',NULL,0,'','','','','','','','','','','','','','','','','','','','','','','','','','','','','','','','','','',NULL,'','','','','','','','','','','',010,'',NULL,NULL,000,'','','','','','','Y','Y','Y',NULL,'','','',NULL,'','',NULL,NULL,'','','Y','a:0:{}'),
	(0000002091,'Miss','Collins','Kayleigh','Kayleigh','Collins, Kayleigh','','F','2091','dcd57c0b2f61220eb93fa398ed746b99013d6c497a025073c6b1e937a2bcd8e5','','','N','Full','Y',004,'004',NULL,'2091@localhost','','','',NULL,'',NULL,0,'','','','','','','','','','','','','','','','','','','','','','','','','','','','','','','','','','',NULL,'','','','','','','','','','','',NULL,'',NULL,NULL,NULL,'','','','','','','Y','Y','Y',NULL,'','','',NULL,'','',NULL,NULL,'','','Y','a:0:{}'),
	(0000002092,'Mr.','Hopkins','Lennon','Lennon','Hopkins, Lennon','','M','2092','dcd57c0b2f61220eb93fa398ed746b99013d6c497a025073c6b1e937a2bcd8e5','','','N','Full','Y',004,'004',NULL,'2092@localhost','','','',NULL,'',NULL,0,'','','','','','','','','','','','','','','','','','','','','','','','','','','','','','','','','','',NULL,'','','','','','','','','','','',NULL,'',NULL,NULL,NULL,'','','','','','','Y','Y','Y',NULL,'','','',NULL,'','',NULL,NULL,'','','Y','a:0:{}'),
	(0000002093,'Ms.','Simpson','Josephine','Josephine','Simpson, Josephine','','F','2093','dcd57c0b2f61220eb93fa398ed746b99013d6c497a025073c6b1e937a2bcd8e5','','','N','Full','Y',003,'003',NULL,'2093@localhost','','','',NULL,'',NULL,0,'','','','','','','','','','','','','','','','','','','','','','','','','','','','uploads/2017/10/mcheung1_passportscan_hf0ynehekd4hxwfh.pdf','','','','','','',NULL,'','','','','','','','','','','',011,'',NULL,NULL,000,'','','','','','','Y','Y','Y',NULL,'','','',NULL,'','',NULL,NULL,'','','Y','a:0:{}'),
	(0000002094,'Miss','Ellison','Carina','Carina','Ellison, Carina','','F','2094','dcd57c0b2f61220eb93fa398ed746b99013d6c497a025073c6b1e937a2bcd8e5','','','N','Full','Y',004,'004',NULL,'2094@localhost','','','',NULL,'',NULL,0,'','','','','','','','','','','','','','','','','','','','','','','','','','','','','','','','','','',NULL,'','','','','','','','','','','',NULL,'',NULL,NULL,NULL,'','','','','','','Y','Y','Y',NULL,'','','',NULL,'','',NULL,NULL,'','','Y','a:0:{}'),
	(0000002095,'Ms.','Cox','Stephany','Stephany','Cox, Stephany','','F','2095','dcd57c0b2f61220eb93fa398ed746b99013d6c497a025073c6b1e937a2bcd8e5','','','N','Full','Y',004,'004',NULL,'2095@localhost','','','',NULL,'',NULL,0,'','','','','','','','','','','','','','','','','','','','','','','','','','','','','','','','','','',NULL,'','','','','','','','','','','',NULL,'',NULL,NULL,NULL,'','','','','','','Y','Y','Y',NULL,'','','',NULL,'','',NULL,NULL,'','','Y','a:0:{}'),
	(0000002096,'Miss','Ellison','Genesis','Genesis','Ellison, Genesis','','F','2096','dcd57c0b2f61220eb93fa398ed746b99013d6c497a025073c6b1e937a2bcd8e5','','','N','Full','Y',041,'041',NULL,'2096@localhost','','','',NULL,'',NULL,0,'','','','','','','','','','','','','','','','','','','','','','','','','','','','','','','','','','',NULL,'','','','','','','','','','','',NULL,'',NULL,NULL,NULL,'','','','','','','Y','Y','Y',NULL,'','','',NULL,'','',NULL,NULL,'','','Y','a:0:{}'),
	(0000002097,'','Ramirez','Kash','Kash','Ramirez, Kash','','M','2097','dcd57c0b2f61220eb93fa398ed746b99013d6c497a025073c6b1e937a2bcd8e5','','','N','Full','Y',003,'003',NULL,'2097@localhost','','','',NULL,'',NULL,0,'','','','','','','','','','','','','','','','','','','','','','','','','','','','','','','','','','',NULL,'','','','','','','','','','','',009,'',NULL,NULL,000,'','','','','','','Y','Y','Y',NULL,'','','',NULL,'','',NULL,NULL,'','','Y','a:0:{}'),
	(0000002098,'Miss','Gallagher','Angel','Angel','Gallagher, Angel','','F','2098','dcd57c0b2f61220eb93fa398ed746b99013d6c497a025073c6b1e937a2bcd8e5','','','N','Full','Y',004,'004',NULL,'2098@localhost','','','',NULL,'',NULL,0,'','','','','','','','','','','','','','','','','','','','','','','','','','','','','','','','','','',NULL,'','','','','','','','','','','',NULL,'',NULL,NULL,NULL,'','','','','','','Y','Y','Y',NULL,'','','',NULL,'','',NULL,NULL,'','','Y','a:0:{}'),
	(0000002099,'Mr.','Ramirez','Camryn','Camryn','Ramirez, Camryn','','M','2099','dcd57c0b2f61220eb93fa398ed746b99013d6c497a025073c6b1e937a2bcd8e5','','','N','Full','Y',004,'004',NULL,'2099@localhost','','','',NULL,'',NULL,0,'','','','','','','','','','','','','','','','','','','','','','','','','','','','','','','','','','',NULL,'','','','','','','','','','','',NULL,'',NULL,NULL,NULL,'','','','','','','Y','Y','Y',NULL,'','','',NULL,'','',NULL,NULL,'','','Y','a:0:{}'),
	(0000002100,'Miss','Ellison','Jayleen','Jayleen','Ellison, Jayleen','','F','2100','dcd57c0b2f61220eb93fa398ed746b99013d6c497a025073c6b1e937a2bcd8e5','','','N','Full','Y',003,'003',NULL,'2100@localhost','','','',NULL,'',NULL,0,'','','','','','','','','','','','','','','','','','','','','','','','','','','','','','','','','','',NULL,'','','','','','','','','','','',009,'',NULL,NULL,000,'','','','','','','Y','Y','Y',NULL,'','','',NULL,'','',NULL,NULL,'','','Y','a:0:{}'),
	(0000002101,'Ms.','Tyler','Esperanza','Esperanza','Tyler, Esperanza','','F','2101','dcd57c0b2f61220eb93fa398ed746b99013d6c497a025073c6b1e937a2bcd8e5','','','N','Full','Y',004,'004',NULL,'2101@localhost','','','',NULL,'',NULL,0,'','','','','','','','','','','','','','','','','','','','','','','','','','','','','','','','','','',NULL,'','','','','','','','','','','',NULL,'',NULL,NULL,NULL,'','','','','','','Y','Y','Y',NULL,'','','',NULL,'','',NULL,NULL,'','','Y','a:0:{}'),
	(0000002102,'Mr.','Ellison','Harry','Harry','Ellison, Harry','','M','2102','dcd57c0b2f61220eb93fa398ed746b99013d6c497a025073c6b1e937a2bcd8e5','','','N','Full','Y',004,'004',NULL,'2102@localhost','','','',NULL,'',NULL,0,'','','','','','','','','','','','','','','','','','','','','','','','','','','','','','','','','','',NULL,'','','','','','','','','','','',NULL,'',NULL,NULL,NULL,'','','','','','','Y','Y','Y',NULL,'','','',NULL,'','',NULL,NULL,'','','Y','a:0:{}'),
	(0000002103,'','Townsend','Mara','Mara','Townsend, Mara','','F','2103','dcd57c0b2f61220eb93fa398ed746b99013d6c497a025073c6b1e937a2bcd8e5','','','N','Full','Y',003,'003',NULL,'2103@localhost','','','',NULL,'',NULL,0,'','','','','','','','','','','','','','','','','','','','','','','','','','','','','','','','','','',NULL,'','','','','','','','','','','',011,'',NULL,NULL,000,'','','','','','','Y','Y','Y',NULL,'','','',NULL,'','',NULL,NULL,'','','Y','a:0:{}'),
	(0000002104,'Ms.','Jefferson','Carleigh','Carleigh','Jefferson, Carleigh','','F','2104','dcd57c0b2f61220eb93fa398ed746b99013d6c497a025073c6b1e937a2bcd8e5','','','N','Full','Y',004,'004',NULL,'2104@localhost','','','',NULL,'',NULL,0,'','','','','','','','','','','','','','','','','','','','','','','','','','','','','','','','','','',NULL,'','','','','','','','','','','',NULL,'',NULL,NULL,NULL,'','','','','','','Y','Y','Y',NULL,'','','',NULL,'','',NULL,NULL,'','','Y','a:0:{}'),
	(0000002105,'Mr.','Townsend','Jeremiah','Jeremiah','Townsend, Jeremiah','','M','2105','dcd57c0b2f61220eb93fa398ed746b99013d6c497a025073c6b1e937a2bcd8e5','','','N','Full','Y',004,'004',NULL,'2105@localhost','','','',NULL,'',NULL,0,'','','','','','','','','','','','','','','','','','','','','','','','','','','','','','','','','','',NULL,'','','','','','','','','','','',NULL,'',NULL,NULL,NULL,'','','','','','','Y','Y','Y',NULL,'','','',NULL,'','',NULL,NULL,'','','Y','a:0:{}'),
	(0000002106,'','Frye','Alvin','Alvin','Frye, Alvin','','M','2106','dcd57c0b2f61220eb93fa398ed746b99013d6c497a025073c6b1e937a2bcd8e5','','','N','Full','Y',003,'003',NULL,'2106@localhost','','','',NULL,'',NULL,0,'','','','','','','','','','','','','','','','','','','','','','','','','','','','','','','','','','',NULL,'','','','','','','','','','','',011,'',NULL,NULL,000,'','','','','','','Y','Y','Y',NULL,'','','',NULL,'','',NULL,NULL,'','','Y','a:0:{}'),
	(0000002107,'Mr.','Frye','Ari','Ari','Frye, Ari','','M','2107','dcd57c0b2f61220eb93fa398ed746b99013d6c497a025073c6b1e937a2bcd8e5','','','N','Full','Y',004,'004',NULL,'2107@localhost','','','',NULL,'',NULL,0,'','','','','','','','','','','','','','','','','','','','','','','','','','','','','','','','','','',NULL,'','','','','','','','','','','',NULL,'',NULL,NULL,NULL,'','','','','','','Y','Y','Y',NULL,'','','',NULL,'','',NULL,NULL,'','','Y','a:0:{}'),
	(0000002108,'Ms.','Kennedy','Salma','Salma','Kennedy, Salma','','F','2108','dcd57c0b2f61220eb93fa398ed746b99013d6c497a025073c6b1e937a2bcd8e5','','','N','Full','Y',004,'004',NULL,'2108@localhost','','','',NULL,'',NULL,0,'','','','','','','','','','','','','','','','','','','','','','','','','','','','','','','','','','',NULL,'','','','','','','','','','','',NULL,'',NULL,NULL,NULL,'','','','','','','Y','Y','Y',NULL,'','','',NULL,'','',NULL,NULL,'','','Y','a:0:{}'),
	(0000002109,'Miss','Garrison','Mareli','Mareli','Garrison, Mareli','','F','2109','dcd57c0b2f61220eb93fa398ed746b99013d6c497a025073c6b1e937a2bcd8e5','','','N','Full','Y',003,'003',NULL,'2109@localhost','','','',NULL,'',NULL,0,'','','','','','','','','','','','','','','','','','','','','','','','','','','','','','','','','','',NULL,'','','','','','','','','','','',009,'',NULL,NULL,000,'','','','','','','Y','Y','Y',NULL,'','','',NULL,'','',NULL,NULL,'','','Y','a:0:{}'),
	(0000002113,'','Aguilar','Alijah','Alijah','Aguilar, Alijah','','M','2113','dcd57c0b2f61220eb93fa398ed746b99013d6c497a025073c6b1e937a2bcd8e5','','','N','Full','Y',003,'003',NULL,'2113@localhost','','','',NULL,'',NULL,0,'','','','','','','','','','','','','','','','','','','','','','','','','','','','','','','','','','',NULL,'','','','','','','','','','','',009,'',NULL,NULL,000,'','','','','','','Y','Y','Y',NULL,'','','',NULL,'','',NULL,NULL,'','','Y','a:0:{}'),
	(0000002114,'Mrs.','Golden','Carlee','Carlee','Golden, Carlee','','F','2114','dcd57c0b2f61220eb93fa398ed746b99013d6c497a025073c6b1e937a2bcd8e5','','','N','Full','Y',004,'004',NULL,'2114@localhost','','','',NULL,'',NULL,0,'','','','','','','','','','','','','','','','','','','','','','','','','','','','','','','','','','',NULL,'','','','','','','','','','','',NULL,'',NULL,NULL,NULL,'','','','','','','Y','Y','Y',NULL,'','','',NULL,'','',NULL,NULL,'','','Y','a:0:{}'),
	(0000002115,'Mr.','Aguilar','Bradley','Bradley','Aguilar, Bradley','','M','2115','dcd57c0b2f61220eb93fa398ed746b99013d6c497a025073c6b1e937a2bcd8e5','','','N','Full','Y',004,'004',NULL,'2115@localhost','','','',NULL,'',NULL,0,'','','','','','','','','','','','','','','','','','','','','','','','','','','','','','','','','','',NULL,'','','','','','','','','','','',NULL,'',NULL,NULL,NULL,'','','','','','','Y','Y','Y',NULL,'','','',NULL,'','',NULL,NULL,'','','Y','a:0:{}'),
	(0000002116,'Miss','Cox','Jaelynn','Jaelynn','Cox, Jaelynn','','F','2116','dcd57c0b2f61220eb93fa398ed746b99013d6c497a025073c6b1e937a2bcd8e5','','','N','Full','Y',003,'003',NULL,'2116@localhost','','','',NULL,'',NULL,0,'','','','','','','','','','','','','','','','','','','','','','','','','','','','','','','','','','',NULL,'','','','','','','','','','','',011,'',NULL,NULL,000,'','','','','','','Y','Y','Y',NULL,'','','',NULL,'','',NULL,NULL,'','','Y','a:0:{}'),
	(0000002117,'Mrs.','Kelly','Phoenix','Phoenix','Kelly, Phoenix','','F','2117','dcd57c0b2f61220eb93fa398ed746b99013d6c497a025073c6b1e937a2bcd8e5','','','N','Full','Y',004,'004',NULL,'2117@localhost','','','',NULL,'',NULL,0,'','','','','','','','','','','','','','','','','','','','','','','','','','','','','','','','','','',NULL,'','','','','','','','','','','',NULL,'',NULL,NULL,NULL,'','','','','','','Y','Y','Y',NULL,'','','',NULL,'','',NULL,NULL,'','','Y','a:0:{}'),
	(0000002118,'Mr.','Cox','Reed','Reed','Cox, Reed','','M','2118','dcd57c0b2f61220eb93fa398ed746b99013d6c497a025073c6b1e937a2bcd8e5','','','N','Full','Y',004,'004',NULL,'2118@localhost','','','',NULL,'',NULL,0,'','','','','','','','','','','','','','','','','','','','','','','','','','','','','','','','','','',NULL,'','','','','','','','','','','',NULL,'',NULL,NULL,NULL,'','','','','','','Y','Y','Y',NULL,'','','',NULL,'','',NULL,NULL,'','','Y','a:0:{}'),
	(0000002119,'','Anderson','Jazmine','Jazmine','Anderson, Jazmine','','F','2119','dcd57c0b2f61220eb93fa398ed746b99013d6c497a025073c6b1e937a2bcd8e5','','','N','Full','Y',003,'003',NULL,'2119@localhost','','','',NULL,'',NULL,0,'','','','','','','','','','','','','','','','','','','','','','','','','','','','','','','','','','',NULL,'','','','','','','','','','','',009,'',NULL,NULL,000,'','','','','','','Y','Y','Y',NULL,'','','',NULL,'','',NULL,NULL,'','','Y','a:0:{}'),
	(0000002120,'Mr.','Simpson','Dante','Dante','Simpson, Dante','','M','2120','dcd57c0b2f61220eb93fa398ed746b99013d6c497a025073c6b1e937a2bcd8e5','','','N','Full','Y',003,'003',NULL,'2120@localhost','','','',NULL,'',NULL,0,'','','','','','','','','','','','','','','','','','','','','','','','','','','','','','','','','','',NULL,'','','','','','','','','','','',010,'',NULL,NULL,000,'','','','','','','Y','Y','Y',NULL,'','','',NULL,'','',NULL,NULL,'','','Y','a:0:{}'),
	(0000002121,'Ms.','Simpson','Scarlet','Scarlet','Simpson, Scarlet','','F','2121','dcd57c0b2f61220eb93fa398ed746b99013d6c497a025073c6b1e937a2bcd8e5','','','N','Full','Y',004,'004',NULL,'2121@localhost','','','',NULL,'',NULL,0,'','','','','','','','','','','','','','','','','','','','','','','','','','','','','','','','','','',NULL,'','','','','','','','','','','',NULL,'',NULL,NULL,NULL,'','','','','','','Y','Y','Y',NULL,'','','',NULL,'','',NULL,NULL,'','','Y','a:0:{}'),
	(0000002122,'Mr.','Simpson','Donte','Donte','Simpson, Donte','','M','2122','dcd57c0b2f61220eb93fa398ed746b99013d6c497a025073c6b1e937a2bcd8e5','','','N','Full','Y',004,'004',NULL,'2122@localhost','','','',NULL,'',NULL,0,'','','','','','','','','','','','','','','','','','','','','','','','','','','','','','','','','','',NULL,'','','','','','','','','','','',NULL,'',NULL,NULL,NULL,'','','','','','','Y','Y','Y',NULL,'','','',NULL,'','',NULL,NULL,'','','Y','a:0:{}'),
	(0000002123,'','Simpson','Clarence','Clarence','Simpson, Clarence','','M','2123','dcd57c0b2f61220eb93fa398ed746b99013d6c497a025073c6b1e937a2bcd8e5','','','N','Full','Y',003,'003',NULL,'2123@localhost','','','',NULL,'',NULL,0,'','','','','','','','','','','','','','','','','','','','','','','','','','','','','','','','','','',NULL,'','','','','','','','','','','',011,'',NULL,NULL,000,'','','','','','','Y','Y','Y',NULL,'','','',NULL,'','',NULL,NULL,'','','Y','a:0:{}'),
	(0000002124,'Mrs.','Avila','Cloe','Cloe','Avila, Cloe','','F','2124','dcd57c0b2f61220eb93fa398ed746b99013d6c497a025073c6b1e937a2bcd8e5','','','N','Full','Y',004,'004',NULL,'2124@localhost','','','',NULL,'',NULL,0,'','','','','','','','','','','','','','','','','','','','','','','','','','','','','','','','','','',NULL,'','','','','','','','','','','',NULL,'',NULL,NULL,NULL,'','','','','','','Y','Y','Y',NULL,'','','',NULL,'','',NULL,NULL,'','','Y','a:0:{}'),
	(0000002125,'Mr.','Simpson','Sergio','Sergio','Simpson, Sergio','','M','2125','dcd57c0b2f61220eb93fa398ed746b99013d6c497a025073c6b1e937a2bcd8e5','','','N','Full','Y',004,'004',NULL,'2125@localhost','','','',NULL,'',NULL,0,'','','','','','','','','','','','','','','','','','','','','','','','','','','','','','','','','','',NULL,'','','','','','','','','','','',NULL,'',NULL,NULL,NULL,'','','','','','','Y','Y','Y',NULL,'','','',NULL,'','',NULL,NULL,'','','Y','a:0:{}'),
	(0000002126,'','Wallace','Alani','Alani','Wallace, Alani','','F','2126','dcd57c0b2f61220eb93fa398ed746b99013d6c497a025073c6b1e937a2bcd8e5','','','N','Full','Y',003,'003',NULL,'2126@localhost','','','',NULL,'',NULL,0,'','','','','','','','','','','','','','','','','','','','','','','','','','','','','','','','','','',NULL,'','','','','','','','','','','',010,'',NULL,NULL,000,'','','','','','','Y','Y','Y',NULL,'','','',NULL,'','',NULL,NULL,'','','Y','a:0:{}'),
	(0000002127,'Mr.','Vaughan','Jaquan','Jaquan','Vaughan, Jaquan','','M','2127','dcd57c0b2f61220eb93fa398ed746b99013d6c497a025073c6b1e937a2bcd8e5','','','N','Full','Y',004,'004',NULL,'2127@localhost','','','',NULL,'',NULL,0,'','','','','','','','','','','','','','','','','','','','','','','','','','','','','','','','','','',NULL,'','','','','','','','','','','',NULL,'',NULL,NULL,NULL,'','','','','','','Y','Y','Y',NULL,'','','',NULL,'','',NULL,NULL,'','','Y','a:0:{}'),
	(0000002128,'Mrs.','Stanley','Marlee','Marlee','Stanley, Marlee','','F','2128','dcd57c0b2f61220eb93fa398ed746b99013d6c497a025073c6b1e937a2bcd8e5','','','N','Full','Y',004,'004',NULL,'2128@localhost','','','',NULL,'',NULL,0,'','','','','','','','','','','','','','','','','','','','','','','','','','','','','','','','','','',NULL,'','','','','','','','','','','',NULL,'',NULL,NULL,NULL,'','','','','','','Y','Y','Y',NULL,'','','',NULL,'','',NULL,NULL,'','','Y','a:0:{}'),
	(0000002129,'Ms.','Lamb','Kailee','Kailee','Lamb, Kailee','','F','2129','dcd57c0b2f61220eb93fa398ed746b99013d6c497a025073c6b1e937a2bcd8e5','','','N','Full','Y',003,'003',NULL,'2129@localhost','','','',NULL,'',NULL,0,'','','','','','','','','','','','','','','','','','','','','','','','','','','','uploads/2017/08/jcable_passportscan_9oqhsfj8wkr66jz6.jpeg','','','','','','',NULL,'','','','','','','','','','','',011,'',NULL,NULL,000,'','','','','','','Y','Y','Y',NULL,'','','',NULL,'','',NULL,NULL,'','','Y','a:0:{}'),
	(0000002130,'Mrs.','Lamb','Allyson','Allyson','Lamb, Allyson','','F','2130','dcd57c0b2f61220eb93fa398ed746b99013d6c497a025073c6b1e937a2bcd8e5','','','N','Full','Y',004,'004',NULL,'2130@localhost','','','',NULL,'',NULL,0,'','','','','','','','','','','','','','','','','','','','','','','','','','','','','','','','','','',NULL,'','','','','','','','','','','',NULL,'',NULL,NULL,NULL,'','','','','','','Y','Y','Y',NULL,'','','',NULL,'','',NULL,NULL,'','','Y','a:0:{}'),
	(0000002131,'Mr.','Lamb','Kendall','Kendall','Lamb, Kendall','','M','2131','dcd57c0b2f61220eb93fa398ed746b99013d6c497a025073c6b1e937a2bcd8e5','','','N','Full','Y',004,'004',NULL,'2131@localhost','','','',NULL,'',NULL,0,'','','','','','','','','','','','','','','','','','','','','','','','','','','','','','','','','','',NULL,'','','','','','','','','','','',NULL,'',NULL,NULL,NULL,'','','','','','','Y','Y','Y',NULL,'','','',NULL,'','',NULL,NULL,'','','Y','a:0:{}'),
	(0000002133,'Ms.','Ellison','Asia','Asia','Ellison, Asia','','F','2133','dcd57c0b2f61220eb93fa398ed746b99013d6c497a025073c6b1e937a2bcd8e5','','','N','Full','Y',021,'021',NULL,'2133@localhost','','','',NULL,'',NULL,0,'','','','','','','','','','','','','','','','','','','','','','','','','','','','','','','','','','',NULL,'','','','','','','','','','','',NULL,'',NULL,NULL,NULL,'','','','','','','Y','Y','Y',NULL,'','','',NULL,'','',NULL,NULL,'','','Y','a:0:{}'),
	(0000002134,'Mr.','Golden','Tate','Tate','Golden, Tate','','M','2134','dcd57c0b2f61220eb93fa398ed746b99013d6c497a025073c6b1e937a2bcd8e5','','','N','Full','Y',002,'002',NULL,'2134@localhost','','','',NULL,'',NULL,0,'','','','','','','','','','','','','','','','','','','','','','','','','','','','','','','','','','',NULL,'','','','','','','','','','','',NULL,'',NULL,NULL,NULL,'','','','','','','Y','Y','Y',NULL,'','','',NULL,'','',NULL,NULL,'','','Y','a:0:{}'),
	(0000002135,'Mr.','Aguilar','Waylon','Waylon','Aguilar, Waylon','','M','2135','dcd57c0b2f61220eb93fa398ed746b99013d6c497a025073c6b1e937a2bcd8e5','','','N','Full','Y',003,'003',NULL,'2135@localhost','','','',NULL,'',NULL,0,'','','','','','','','','','','','','','','','','','','','','','','','','','','','','','','','','','',NULL,'','','','','','','','','','','',010,'',NULL,NULL,000,'','','','','','','Y','Y','Y',NULL,'','','',NULL,'','',NULL,NULL,'','','Y','a:0:{}'),
	(0000002136,'Mr.','Aguilar','Kaya','Kaya','Aguilar, Kaya','','M','2136','dcd57c0b2f61220eb93fa398ed746b99013d6c497a025073c6b1e937a2bcd8e5','','','N','Full','Y',004,'004',NULL,'2136@localhost','','','',NULL,'',NULL,0,'','','','','','','','','','','','','','','','','','','','','','','','','','','','','','','','','','',NULL,'','','','','','','','','','','',NULL,'',NULL,NULL,NULL,'','','','','','','Y','Y','Y',NULL,'','','',NULL,'','',NULL,NULL,'','','Y','a:0:{}'),
	(0000002137,'Ms.','Simmons','Aimee','Aimee','Simmons, Aimee','','F','2137','dcd57c0b2f61220eb93fa398ed746b99013d6c497a025073c6b1e937a2bcd8e5','','','N','Full','Y',004,'004',NULL,'2137@localhost','','','',NULL,'',NULL,0,'','','','','','','','','','','','','','','','','','','','','','','','','','','','','','','','','','',NULL,'','','','','','','','','','','',NULL,'',NULL,NULL,NULL,'','','','','','','Y','Y','Y',NULL,'','','',NULL,'','',NULL,NULL,'','','Y','a:0:{}'),
	(0000002138,'','Floyd','Rohan','Rohan','Floyd, Rohan','','M','2138','dcd57c0b2f61220eb93fa398ed746b99013d6c497a025073c6b1e937a2bcd8e5','','','N','Full','Y',003,'003',NULL,'2138@localhost','','','',NULL,'',NULL,0,'','','','','','','','','','','','','','','','','','','','','','','','','','','','','','','','','','',NULL,'','','','','','','','','','','',011,'',NULL,NULL,000,'','','','','','','Y','Y','Y',NULL,'','','',NULL,'','',NULL,NULL,'','','Y','a:0:{}'),
	(0000002139,'Mr.','Floyd','Leonardo','Leonardo','Floyd, Leonardo','','M','2139','dcd57c0b2f61220eb93fa398ed746b99013d6c497a025073c6b1e937a2bcd8e5','','','N','Full','Y',004,'004',NULL,'2139@localhost','','','',NULL,'',NULL,0,'','','','','','','','','','','','','','','','','','','','','','','','','','','','','','','','','','',NULL,'','','','','','','','','','','',NULL,'',NULL,NULL,NULL,'','','','','','','Y','Y','Y',NULL,'','','',NULL,'','',NULL,NULL,'','','Y','a:0:{}'),
	(0000002140,'Ms.','Sims','Kylie','Kylie','Sims, Kylie','','F','2140','dcd57c0b2f61220eb93fa398ed746b99013d6c497a025073c6b1e937a2bcd8e5','','','N','Full','Y',004,'004',NULL,'2140@localhost','','','',NULL,'',NULL,0,'','','','','','','','','','','','','','','','','','','','','','','','','','','','','','','','','','',NULL,'','','','','','','','','','','',NULL,'',NULL,NULL,NULL,'','','','','','','Y','Y','Y',NULL,'','','',NULL,'','',NULL,NULL,'','','Y','a:0:{}'),
	(0000002141,'','Gallagher','Layton','Layton','Gallagher, Layton','','M','2141','dcd57c0b2f61220eb93fa398ed746b99013d6c497a025073c6b1e937a2bcd8e5','','','N','Full','Y',003,'003',NULL,'2141@localhost','','','',NULL,'',NULL,0,'','','','','','','','','','','','','','','','','','','','','','','','','','','','uploads/2017/10/mlee3_passportscan_tv3yktw63ngm4vhq.pdf','','','','','','',NULL,'','','','','','','','','','','',010,'',NULL,NULL,000,'','','','','','','Y','Y','Y',NULL,'','','',NULL,'','',NULL,NULL,'','','Y','a:0:{}'),
	(0000002142,'Mr.','Gallagher','Sonny','Sonny','Gallagher, Sonny','','M','2142','dcd57c0b2f61220eb93fa398ed746b99013d6c497a025073c6b1e937a2bcd8e5','','','N','Full','Y',004,'004',NULL,'2142@localhost','','','',NULL,'',NULL,0,'','','','','','','','','','','','','','','','','','','','','','','','','','','','','','','','','','',NULL,'','','','','','','','','','','',NULL,'',NULL,NULL,NULL,'','','','','','','Y','Y','Y',NULL,'','','',NULL,'','',NULL,NULL,'','','Y','a:0:{}'),
	(0000002143,'Ms.','Mosley','Jaidyn','Jaidyn','Mosley, Jaidyn','','F','2143','dcd57c0b2f61220eb93fa398ed746b99013d6c497a025073c6b1e937a2bcd8e5','','','N','Full','Y',004,'004',NULL,'2143@localhost','','','',NULL,'',NULL,0,'','','','','','','','','','','','','','','','','','','','','','','','','','','','','','','','','','',NULL,'','','','','','','','','','','',NULL,'',NULL,NULL,NULL,'','','','','','','Y','Y','Y',NULL,'','','',NULL,'','',NULL,NULL,'','','Y','a:0:{}'),
	(0000002145,'','Ballard','Esperanza','Esperanza','Ballard, Esperanza','','F','2145','dcd57c0b2f61220eb93fa398ed746b99013d6c497a025073c6b1e937a2bcd8e5','','','N','Full','Y',003,'003',NULL,'2145@localhost','','','',NULL,'',NULL,0,'','','','','','','','','','','','','','','','','','','','','','','','','','','','','','','','','','',NULL,'','','','','','','','','','','',009,'',NULL,NULL,000,'','','','','','','Y','Y','Y',NULL,'','','',NULL,'','',NULL,NULL,'','','Y','a:0:{}'),
	(0000002146,'Mrs.','Ritter','Ryleigh','Ryleigh','Ritter, Ryleigh','','F','2146','dcd57c0b2f61220eb93fa398ed746b99013d6c497a025073c6b1e937a2bcd8e5','','','N','Full','Y',004,'004',NULL,'2146@localhost','','','',NULL,'',NULL,0,'','','','','','','','','','','','','','','','','','','','','','','','','','','','','','','','','','',NULL,'','','','','','','','','','','',NULL,'',NULL,NULL,NULL,'','','','','','','Y','Y','Y',NULL,'','','',NULL,'','',NULL,NULL,'','','Y','a:0:{}'),
	(0000002147,'Mr.','Ritter','Gilberto','Gilberto','Ritter, Gilberto','','M','2147','dcd57c0b2f61220eb93fa398ed746b99013d6c497a025073c6b1e937a2bcd8e5','','','N','Full','Y',004,'004',NULL,'2147@localhost','','','',NULL,'',NULL,0,'','','','','','','','','','','','','','','','','','','','','','','','','','','','','','','','','','',NULL,'','','','','','','','','','','',NULL,'',NULL,NULL,NULL,'','','','','','','Y','Y','Y',NULL,'','','',NULL,'','',NULL,NULL,'','','Y','a:0:{}'),
	(0000002150,'','Rice','Moshe','Moshe','Rice, Moshe','','M','2150','dcd57c0b2f61220eb93fa398ed746b99013d6c497a025073c6b1e937a2bcd8e5','','','N','Full','Y',003,'003',NULL,'2150@localhost','','','',NULL,'',NULL,0,'','','','','','','','','','','','','','','','','','','','','','','','','','','','uploads/2017/10/ihui_passportscan_nzq8j2e3vjf6ser.jpg','','','','','','',NULL,'','','','','','','','','','','',NULL,'',NULL,NULL,000,'','','','','','','Y','Y','Y',NULL,'','','',NULL,'','',NULL,NULL,'','','Y','a:0:{}'),
	(0000002155,'Dr.','Donaldson','Jarrett','Jarrett','Donaldson, Jarrett','','M','2155','dcd57c0b2f61220eb93fa398ed746b99013d6c497a025073c6b1e937a2bcd8e5','','','N','Full','Y',004,'004',NULL,'2155@localhost','','','',NULL,'',NULL,0,'','','','','','','','','','','','','','','','','','','','','','','','','','','','','','','','','','',NULL,'','','','','','','','','','','',NULL,'',NULL,NULL,NULL,'','','','','','','Y','Y','Y',NULL,'','','',NULL,'','',NULL,NULL,'','','Y','a:0:{}'),
	(0000002156,'','Donaldson','Roland','Roland','Donaldson, Roland','','M','2156','dcd57c0b2f61220eb93fa398ed746b99013d6c497a025073c6b1e937a2bcd8e5','','','N','Full','Y',043,'043',NULL,'2156@localhost','','','',NULL,'',NULL,0,'','','','','','','','','','','','','','','','','','','','','','','','','','','','','','','','','','',NULL,'','','','','','','','','','','',NULL,'',NULL,NULL,000,'','','','','','','Y','Y','Y',NULL,'','','',NULL,'','',NULL,NULL,'','','Y','a:0:{}'),
	(0000002157,'Dr.','Donaldson','Jarrett','Jarrett','Donaldson, Jarrett','','M','2157','dcd57c0b2f61220eb93fa398ed746b99013d6c497a025073c6b1e937a2bcd8e5','','','N','Full','Y',004,'004',NULL,'2157@localhost','','','',NULL,'',NULL,0,'','','','','','','','','','','','','','','','','','','','','','','','','','','','','','','','','','',NULL,'','','','','','','','','','','',NULL,'',NULL,NULL,NULL,'','','','','','','Y','Y','Y',NULL,'','','',NULL,'','',NULL,NULL,'','','Y','a:0:{}'),
	(0000002158,'Dr.','Callahan','Tatum','Tatum','Callahan, Tatum','','F','2158','dcd57c0b2f61220eb93fa398ed746b99013d6c497a025073c6b1e937a2bcd8e5','','','N','Full','Y',004,'004',NULL,'2158@localhost','','','',NULL,'',NULL,0,'','','','','','','','','','','','','','','','','','','','','','','','','','','','','','','','','','',NULL,'','','','','','','','','','','',NULL,'',NULL,NULL,NULL,'','','','','','','Y','Y','Y',NULL,'','','',NULL,'','',NULL,NULL,'','','Y','a:0:{}'),
	(0000002159,'','Brady','Alivia','Alivia','Brady, Alivia','','M','2159','dcd57c0b2f61220eb93fa398ed746b99013d6c497a025073c6b1e937a2bcd8e5','','','N','Full','Y',002,'002',NULL,'2159@localhost','','','',NULL,'',NULL,0,'','','','','','','','','','','','','','','','','','','','','','','','','','','','','','','','','','',NULL,'','','','','','','','','','','',NULL,'',NULL,NULL,NULL,'','','','','','','Y','Y','Y',NULL,'','','',NULL,'','',NULL,NULL,'','','Y','a:0:{}'),
	(0000002160,'','Juarez','Joaquin','Joaquin','Juarez, Joaquin','','M','2160','dcd57c0b2f61220eb93fa398ed746b99013d6c497a025073c6b1e937a2bcd8e5','','','N','Full','Y',003,'003',NULL,'2160@localhost','','','',NULL,'',NULL,0,'','','','','','','','','','','','','','','','','','','','','','','','','','','','','','','','','','',NULL,'','','','','','','','','','','',NULL,'',NULL,NULL,000,'','','','','','','Y','Y','Y',NULL,'','','',NULL,'','',NULL,NULL,'','','Y','a:0:{}'),
	(0000002161,'Mr.','Juarez','Ethan','Ethan','Juarez, Ethan','','M','2161','dcd57c0b2f61220eb93fa398ed746b99013d6c497a025073c6b1e937a2bcd8e5','','','N','Full','Y',004,'004',NULL,'2161@localhost','','','',NULL,'',NULL,0,'','','','','','','','','','','','','','','','','','','','','','','','','','','','','','','','','','',NULL,'','','','','','','','','','','',NULL,'',NULL,NULL,NULL,'','','','','','','Y','Y','Y',NULL,'','','',NULL,'','',NULL,NULL,'','','Y','a:0:{}'),
	(0000002162,'Ms.','Golden','Esther','Esther','Golden, Esther','','F','2162','dcd57c0b2f61220eb93fa398ed746b99013d6c497a025073c6b1e937a2bcd8e5','','','N','Full','Y',004,'004',NULL,'2162@localhost','','','',NULL,'',NULL,0,'','','','','','','','','','','','','','','','','','','','','','','','','','','','','','','','','','',NULL,'','','','','','','','','','','',NULL,'',NULL,NULL,NULL,'','','','','','','Y','Y','Y',NULL,'','','',NULL,'','',NULL,NULL,'','','Y','a:0:{}'),
	(0000002163,'','York','Alfredo','Alfredo','York, Alfredo','','M','2163','dcd57c0b2f61220eb93fa398ed746b99013d6c497a025073c6b1e937a2bcd8e5','','','N','Full','Y',003,'003',NULL,'2163@localhost','','','',NULL,'',NULL,0,'','','','','','','','','','','','','','','','','','','','','','','','','','','','','','','','','','',NULL,'','','','','','','','','','','',NULL,'',NULL,NULL,000,'','','','','','','Y','Y','Y',NULL,'','','',NULL,'','',NULL,NULL,'','','Y','a:0:{}'),
	(0000002164,'Ms.','Kennedy','Victoria','Victoria','Kennedy, Victoria','','F','2164','dcd57c0b2f61220eb93fa398ed746b99013d6c497a025073c6b1e937a2bcd8e5','','','N','Full','Y',004,'004',NULL,'2164@localhost','','','',NULL,'',NULL,0,'','','','','','','','','','','','','','','','','','','','','','','','','','','','','','','','','','',NULL,'','','','','','','','','','','',NULL,'',NULL,NULL,NULL,'','','','','','','Y','Y','Y',NULL,'','','',NULL,'','',NULL,NULL,'','','Y','a:0:{}'),
	(0000002165,'Mr.','York','Xzavier','Xzavier','York, Xzavier','','M','2165','dcd57c0b2f61220eb93fa398ed746b99013d6c497a025073c6b1e937a2bcd8e5','','','N','Full','Y',004,'004',NULL,'2165@localhost','','','',NULL,'',NULL,0,'','','','','','','','','','','','','','','','','','','','','','','','','','','','','','','','','','',NULL,'','','','','','','','','','','',NULL,'',NULL,NULL,NULL,'','','','','','','Y','Y','Y',NULL,'','','',NULL,'','',NULL,NULL,'','','Y','a:0:{}'),
	(0000002166,'','Hopkins','Madison','Madison','Hopkins, Madison','','F','2166','dcd57c0b2f61220eb93fa398ed746b99013d6c497a025073c6b1e937a2bcd8e5','','','N','Full','Y',003,'003',NULL,'2166@localhost','','','',NULL,'',NULL,0,'','','','','','','','','','','','','','','','','','','','','','','','','','','','','','','','','','',NULL,'','','','','','','','','','','',NULL,'',NULL,NULL,000,'','','','','','','Y','Y','Y',NULL,'','','',NULL,'','',NULL,NULL,'','','Y','a:0:{}'),
	(0000002167,'Ms.','Golden','Ivy','Ivy','Golden, Ivy','','F','2167','dcd57c0b2f61220eb93fa398ed746b99013d6c497a025073c6b1e937a2bcd8e5','','','N','Full','Y',004,'004',NULL,'2167@localhost','','','',NULL,'',NULL,0,'','','','','','','','','','','','','','','','','','','','','','','','','','','','','','','','','','',NULL,'','','','','','','','','','','',NULL,'',NULL,NULL,NULL,'','','','','','','Y','Y','Y',NULL,'','','',NULL,'','',NULL,NULL,'','','Y','a:0:{}'),
	(0000002168,'Mr.','Hopkins','Derick','Derick','Hopkins, Derick','','M','2168','dcd57c0b2f61220eb93fa398ed746b99013d6c497a025073c6b1e937a2bcd8e5','','','N','Full','Y',004,'004',NULL,'2168@localhost','','','',NULL,'',NULL,0,'','','','','','','','','','','','','','','','','','','','','','','','','','','','','','','','','','',NULL,'','','','','','','','','','','',NULL,'',NULL,NULL,NULL,'','','','','','','Y','Y','Y',NULL,'','','',NULL,'','',NULL,NULL,'','','Y','a:0:{}'),
	(0000002169,'','Campbell','Dale','Dale','Campbell, Dale','','M','2169','dcd57c0b2f61220eb93fa398ed746b99013d6c497a025073c6b1e937a2bcd8e5','','','N','Full','Y',003,'003',NULL,'2169@localhost','','','',NULL,'',NULL,0,'','','','','','','','','','','','','','','','','','','','','','','','','','','','uploads/2018/05/pbahirwani_passportscan_w5xjyg3bxnu02pmn.pdf','','','','','','',NULL,'','','','','','','','','','','',NULL,'',NULL,NULL,000,'','','','','','','Y','Y','Y',NULL,'','','',NULL,'','',NULL,NULL,'','','Y','a:0:{}'),
	(0000002170,'Mr.','Campbell','Christian','Christian','Campbell, Christian','','M','2170','dcd57c0b2f61220eb93fa398ed746b99013d6c497a025073c6b1e937a2bcd8e5','','','N','Full','Y',004,'004',NULL,'2170@localhost','','','',NULL,'',NULL,0,'','','','','','','','','','','','','','','','','','','','','','','','','','','','','','','','','','',NULL,'','','','','','','','','','','',NULL,'',NULL,NULL,NULL,'','','','','','','Y','Y','Y',NULL,'','','',NULL,'','',NULL,NULL,'','','Y','a:0:{}'),
	(0000002171,'Mrs.','Campbell','Lucia','Lucia','Campbell, Lucia','','F','2171','dcd57c0b2f61220eb93fa398ed746b99013d6c497a025073c6b1e937a2bcd8e5','','','N','Full','Y',004,'004',NULL,'2171@localhost','','','',NULL,'',NULL,0,'','','','','','','','','','','','','','','','','','','','','','','','','','','','','','','','','','',NULL,'','','','','','','','','','','',NULL,'',NULL,NULL,NULL,'','','','','','','Y','Y','Y',NULL,'','','',NULL,'','',NULL,NULL,'','','Y','a:0:{}'),
	(0000002172,'','Simpson','Aarav','Aarav','Simpson, Aarav','','M','2172','dcd57c0b2f61220eb93fa398ed746b99013d6c497a025073c6b1e937a2bcd8e5','','','N','Full','Y',003,'003',NULL,'2172@localhost','','','',NULL,'',NULL,0,'','','','','','','','','','','','','','','','','','','','','','','','','','','','','','','','','','',NULL,'','','','','','','','','','','',NULL,'',NULL,NULL,000,'','','','','','','Y','Y','Y',NULL,'','','',NULL,'','',NULL,NULL,'','','Y','a:0:{}'),
	(0000002173,'Mr.','Simpson','Gauge','Gauge','Simpson, Gauge','','M','2173','dcd57c0b2f61220eb93fa398ed746b99013d6c497a025073c6b1e937a2bcd8e5','','','N','Full','Y',004,'004',NULL,'2173@localhost','','','',NULL,'',NULL,0,'','','','','','','','','','','','','','','','','','','','','','','','','','','','','','','','','','',NULL,'','','','','','','','','','','',NULL,'',NULL,NULL,NULL,'','','','','','','Y','Y','Y',NULL,'','','',NULL,'','',NULL,NULL,'','','Y','a:0:{}'),
	(0000002174,'Mrs.','Ellison','Kallie','Kallie','Ellison, Kallie','','F','2174','dcd57c0b2f61220eb93fa398ed746b99013d6c497a025073c6b1e937a2bcd8e5','','','N','Full','Y',004,'004',NULL,'2174@localhost','','','',NULL,'',NULL,0,'','','','','','','','','','','','','','','','','','','','','','','','','','','','','','','','','','',NULL,'','','','','','','','','','','',NULL,'',NULL,NULL,NULL,'','','','','','','Y','Y','Y',NULL,'','','',NULL,'','',NULL,NULL,'','','Y','a:0:{}'),
	(0000002175,'','Conner','Marc','Marc','Conner, Marc','','M','2175','dcd57c0b2f61220eb93fa398ed746b99013d6c497a025073c6b1e937a2bcd8e5','','','N','Full','Y',003,'003',NULL,'2175@localhost','','','',NULL,'',NULL,0,'','','','','','','','','','','','','','','','','','','','','','','','','','','','','','','','','','',NULL,'','','','','','','','','','','',NULL,'',NULL,NULL,000,'','','','','','','Y','Y','Y',NULL,'','','',NULL,'','',NULL,NULL,'','','Y','a:0:{}'),
	(0000002176,'Ms.','Bautista','Marianna','Marianna','Bautista, Marianna','','F','2176','dcd57c0b2f61220eb93fa398ed746b99013d6c497a025073c6b1e937a2bcd8e5','','','N','Full','Y',004,'004',NULL,'2176@localhost','','','',NULL,'',NULL,0,'','','','','','','','','','','','','','','','','','','','','','','','','','','','','','','','','','',NULL,'','','','','','','','','','','',NULL,'',NULL,NULL,NULL,'','','','','','','Y','Y','Y',NULL,'','','',NULL,'','',NULL,NULL,'','','Y','a:0:{}'),
	(0000002177,'Mr.','Conner','Aron','Aron','Conner, Aron','','M','2177','dcd57c0b2f61220eb93fa398ed746b99013d6c497a025073c6b1e937a2bcd8e5','','','N','Full','Y',004,'004',NULL,'2177@localhost','','','',NULL,'',NULL,0,'','','','','','','','','','','','','','','','','','','','','','','','','','','','','','','','','','',NULL,'','','','','','','','','','','',NULL,'',NULL,NULL,NULL,'','','','','','','Y','Y','Y',NULL,'','','',NULL,'','',NULL,NULL,'','','Y','a:0:{}'),
	(0000002178,'','Rogers','Demetrius','Demetrius','Rogers, Demetrius','','M','2178','dcd57c0b2f61220eb93fa398ed746b99013d6c497a025073c6b1e937a2bcd8e5','','','N','Full','Y',003,'003',NULL,'2178@localhost','','','',NULL,'',NULL,0,'','','','','','','','','','','','','','','','','','','','','','','','','','','','','','','','','','',NULL,'','','','','','','','','','','',NULL,'',NULL,NULL,000,'','','','','','','Y','Y','Y',NULL,'','','',NULL,'','',NULL,NULL,'','','Y','a:0:{}'),
	(0000002179,'Mr.','Rogers','Waylon','Waylon','Rogers, Waylon','','M','2179','dcd57c0b2f61220eb93fa398ed746b99013d6c497a025073c6b1e937a2bcd8e5','','','N','Full','Y',004,'004',NULL,'2179@localhost','','','',NULL,'',NULL,0,'','','','','','','','','','','','','','','','','','','','','','','','','','','','','','','','','','',NULL,'','','','','','','','','','','',NULL,'',NULL,NULL,NULL,'','','','','','','Y','Y','Y',NULL,'','','',NULL,'','',NULL,NULL,'','','Y','a:0:{}'),
	(0000002180,'Ms.','Monroe','Marlene','Marlene','Monroe, Marlene','','F','2180','dcd57c0b2f61220eb93fa398ed746b99013d6c497a025073c6b1e937a2bcd8e5','','','N','Full','Y',004,'004',NULL,'2180@localhost','','','',NULL,'',NULL,0,'','','','','','','','','','','','','','','','','','','','','','','','','','','','','','','','','','',NULL,'','','','','','','','','','','',NULL,'',NULL,NULL,NULL,'','','','','','','Y','Y','Y',NULL,'','','',NULL,'','',NULL,NULL,'','','Y','a:0:{}'),
	(0000002181,'','Kennedy','Austin','Austin','Kennedy, Austin','','M','2181','dcd57c0b2f61220eb93fa398ed746b99013d6c497a025073c6b1e937a2bcd8e5','','','N','Full','Y',003,'003',NULL,'2181@localhost','','','',NULL,'',NULL,0,'','','','','','','','','','','','','','','','','','','','','','','','','','','','','','','','','','',NULL,'','','','','','','','','','','',NULL,'',NULL,NULL,000,'','','','','','','Y','Y','Y',NULL,'','','',NULL,'','',NULL,NULL,'','','Y','a:0:{}'),
	(0000002182,'Ms.','Ellison','Jaelynn','Jaelynn','Ellison, Jaelynn','','F','2182','dcd57c0b2f61220eb93fa398ed746b99013d6c497a025073c6b1e937a2bcd8e5','','','N','Full','Y',004,'004',NULL,'2182@localhost','','','',NULL,'',NULL,0,'','','','','','','','','','','','','','','','','','','','','','','','','','','','','','','','','','',NULL,'','','','','','','','','','','',NULL,'',NULL,NULL,NULL,'','','','','','','Y','Y','Y',NULL,'','','',NULL,'','',NULL,NULL,'','','Y','a:0:{}'),
	(0000002183,'Mr.','Kennedy','Nia','Nia','Kennedy, Nia','','M','2183','dcd57c0b2f61220eb93fa398ed746b99013d6c497a025073c6b1e937a2bcd8e5','','','N','Full','Y',004,'004',NULL,'2183@localhost','','','',NULL,'',NULL,0,'','','','','','','','','','','','','','','','','','','','','','','','','','','','','','','','','','',NULL,'','','','','','','','','','','',NULL,'',NULL,NULL,NULL,'','','','','','','Y','Y','Y',NULL,'','','',NULL,'','',NULL,NULL,'','','Y','a:0:{}'),
	(0000002184,'Mr.','Kemp','Wade','Wade','Kemp, Wade','','M','2184','dcd57c0b2f61220eb93fa398ed746b99013d6c497a025073c6b1e937a2bcd8e5','','','N','Full','Y',003,'003',NULL,'2184@localhost','','','',NULL,'',NULL,0,'','','','','','','','','','','','','','','','','','','','','','','','','','','','','','','','','','',NULL,'','','','','','','','','','','',010,'',NULL,NULL,000,'','','','','','','Y','Y','Y',NULL,'','','',NULL,'','',NULL,NULL,'','','Y','a:0:{}'),
	(0000002185,'Mrs.','Fox','Cameron','Cameron','Fox, Cameron','','F','2185','dcd57c0b2f61220eb93fa398ed746b99013d6c497a025073c6b1e937a2bcd8e5','','','N','Full','Y',004,'004',NULL,'2185@localhost','','','',NULL,'',NULL,0,'','','','','','','','','','','','','','','','','','','','','','','','','','','','','','','','','','',NULL,'','','','','','','','','','','',NULL,'',NULL,NULL,NULL,'','','','','','','Y','Y','Y',NULL,'','','',NULL,'','',NULL,NULL,'','','Y','a:0:{}'),
	(0000002186,'Mr.','Kemp','Carmelo','Carmelo','Kemp, Carmelo','','M','2186','dcd57c0b2f61220eb93fa398ed746b99013d6c497a025073c6b1e937a2bcd8e5','','','N','Full','Y',004,'004',NULL,'2186@localhost','','','',NULL,'',NULL,0,'','','','','','','','','','','','','','','','','','','','','','','','','','','','','','','','','','',NULL,'','','','','','','','','','','',NULL,'',NULL,NULL,NULL,'','','','','','','Y','Y','Y',NULL,'','','',NULL,'','',NULL,NULL,'','','Y','a:0:{}'),
	(0000002187,'','Jarvis','Ciara','Ciara','Jarvis, Ciara','','F','2187','dcd57c0b2f61220eb93fa398ed746b99013d6c497a025073c6b1e937a2bcd8e5','','','N','Full','Y',003,'003',NULL,'2187@localhost','','','',NULL,'',NULL,0,'','','','','','','','','','','','','','','','','','','','','','','','','','','','uploads/2017/10/flam2_passportscan_hm472wcefem2ze57.pdf','','','','','','',NULL,'','','','','','','','','','','',NULL,'',NULL,NULL,000,'','','','','','','Y','Y','Y',NULL,'','','',NULL,'','',NULL,NULL,'','','Y','a:0:{}'),
	(0000002188,'Ms.','Hopkins','Nia','Nia','Hopkins, Nia','','F','2188','dcd57c0b2f61220eb93fa398ed746b99013d6c497a025073c6b1e937a2bcd8e5','','','N','Full','Y',004,'004',NULL,'2188@localhost','','','',NULL,'',NULL,0,'','','','','','','','','','','','','','','','','','','','','','','','','','','','','','','','','','',NULL,'','','','','','','','','','','',NULL,'',NULL,NULL,NULL,'','','','','','','Y','Y','Y',NULL,'','','',NULL,'','',NULL,NULL,'','','Y','a:0:{}'),
	(0000002189,'Mr.','Jarvis','Darrell','Darrell','Jarvis, Darrell','','M','2189','dcd57c0b2f61220eb93fa398ed746b99013d6c497a025073c6b1e937a2bcd8e5','','','N','Full','Y',004,'004',NULL,'2189@localhost','','','',NULL,'',NULL,0,'','','','','','','','','','','','','','','','','','','','','','','','','','','','','','','','','','',NULL,'','','','','','','','','','','',NULL,'',NULL,NULL,NULL,'','','','','','','Y','Y','Y',NULL,'','','',NULL,'','',NULL,NULL,'','','Y','a:0:{}'),
	(0000002190,'','Morrow','Marcus','Marcus','Morrow, Marcus','','M','2190','dcd57c0b2f61220eb93fa398ed746b99013d6c497a025073c6b1e937a2bcd8e5','','','N','Full','Y',003,'003',NULL,'2190@localhost','','','',NULL,'',NULL,0,'','','','','','','','','','','','','','','','','','','','','','','','','','','','uploads/2017/10/ybulbul_passportscan_0m85egp07mxrn9ww.pdf','','','','','','',NULL,'','','','','','','','','','','',NULL,'',NULL,NULL,000,'','','','','','','Y','Y','Y',NULL,'','','',NULL,'','',NULL,NULL,'','','Y','a:0:{}'),
	(0000002191,'Mr.','Morrow','Yahir','Yahir','Morrow, Yahir','','M','2191','dcd57c0b2f61220eb93fa398ed746b99013d6c497a025073c6b1e937a2bcd8e5','','','N','Full','Y',004,'004',NULL,'2191@localhost','','','',NULL,'',NULL,0,'','','','','','','','','','','','','','','','','','','','','','','','','','','','','','','','','','',NULL,'','','','','','','','','','','',NULL,'',NULL,NULL,NULL,'','','','','','','Y','Y','Y',NULL,'','','',NULL,'','',NULL,NULL,'','','Y','a:0:{}'),
	(0000002192,'Mrs.','Morrow','Cherish','Cherish','Morrow, Cherish','','F','2192','dcd57c0b2f61220eb93fa398ed746b99013d6c497a025073c6b1e937a2bcd8e5','','','N','Full','Y',004,'004',NULL,'2192@localhost','','','',NULL,'',NULL,0,'','','','','','','','','','','','','','','','','','','','','','','','','','','','','','','','','','',NULL,'','','','','','','','','','','',NULL,'',NULL,NULL,NULL,'','','','','','','Y','Y','Y',NULL,'','','',NULL,'','',NULL,NULL,'','','Y','a:0:{}'),
	(0000002193,'','George','Angeline','Angeline','George, Angeline','','F','2193','dcd57c0b2f61220eb93fa398ed746b99013d6c497a025073c6b1e937a2bcd8e5','','','N','Full','Y',003,'003',NULL,'2193@localhost','','','',NULL,'',NULL,0,'','','','','','','','','','','','','','','','','','','','','','','','','','','','','','','','','','',NULL,'','','','','','','','','','','',NULL,'',NULL,NULL,NULL,'','','','','','','Y','Y','Y',NULL,'','','',NULL,'','',NULL,NULL,'','','Y','a:0:{}'),
	(0000002194,'','Frye','Allen','Allen','Frye, Allen','','M','2194','dcd57c0b2f61220eb93fa398ed746b99013d6c497a025073c6b1e937a2bcd8e5','','','N','Full','Y',003,'003',NULL,'2194@localhost','','','',NULL,'',NULL,0,'','','','','','','','','','','','','','','','','','','','','','','','','','','','','','','','','','',NULL,'','','','','','','','','','','',NULL,'',NULL,NULL,NULL,'','','','','','','Y','Y','Y',NULL,'','','',NULL,'','',NULL,NULL,'','','Y','a:0:{}'),
	(0000002195,'Mr.','Frye','Micah','Micah','Frye, Micah','','M','2195','dcd57c0b2f61220eb93fa398ed746b99013d6c497a025073c6b1e937a2bcd8e5','','','N','Full','Y',004,'004',NULL,'2195@localhost','','','',NULL,'',NULL,0,'','','','','','','','','','','','','','','','','','','','','','','','','','','','','','','','','','',NULL,'','','','','','','','','','','',NULL,'',NULL,NULL,NULL,'','','','','','','Y','Y','Y',NULL,'','','',NULL,'','',NULL,NULL,'','','Y','a:0:{}'),
	(0000002196,'Mrs.','Freeman','Kathy','Kathy','Freeman, Kathy','','F','2196','dcd57c0b2f61220eb93fa398ed746b99013d6c497a025073c6b1e937a2bcd8e5','','','N','Full','Y',004,'004',NULL,'2196@localhost','','','',NULL,'',NULL,0,'','','','','','','','','','','','','','','','','','','','','','','','','','','','','','','','','','',NULL,'','','','','','','','','','','',NULL,'',NULL,NULL,NULL,'','','','','','','Y','Y','Y',NULL,'','','',NULL,'','',NULL,NULL,'','','Y','a:0:{}'),
	(0000002197,'','Rush','Davis','Davis','Rush, Davis','','M','2197','dcd57c0b2f61220eb93fa398ed746b99013d6c497a025073c6b1e937a2bcd8e5','','','N','Full','Y',003,'003',NULL,'2197@localhost','','','',NULL,'',NULL,0,'','','','','','','','','','','','','','','','','','','','','','','','','','','','','','','','','','',NULL,'','','','','','','','','','','',NULL,'',NULL,NULL,NULL,'','','','','','','Y','Y','Y',NULL,'','','',NULL,'','',NULL,NULL,'','','Y','a:0:{}'),
	(0000002198,'Mr.','Rush','Heath','Heath','Rush, Heath','','M','2198','dcd57c0b2f61220eb93fa398ed746b99013d6c497a025073c6b1e937a2bcd8e5','','','N','Full','Y',004,'004',NULL,'2198@localhost','','','',NULL,'',NULL,0,'','','','','','','','','','','','','','','','','','','','','','','','','','','','','','','','','','',NULL,'','','','','','','','','','','',NULL,'',NULL,NULL,NULL,'','','','','','','Y','Y','Y',NULL,'','','',NULL,'','',NULL,NULL,'','','Y','a:0:{}'),
	(0000002199,'Miss','Dougherty','Natalya','Natalya','Dougherty, Natalya','','F','2199','dcd57c0b2f61220eb93fa398ed746b99013d6c497a025073c6b1e937a2bcd8e5','','','N','Full','Y',004,'004',NULL,'2199@localhost','','','',NULL,'',NULL,0,'','','','','','','','','','','','','','','','','','','','','','','','','','','','','','','','','','',NULL,'','','','','','','','','','','',NULL,'',NULL,NULL,NULL,'','','','','','','Y','Y','Y',NULL,'','','',NULL,'','',NULL,NULL,'','','Y','a:0:{}'),
	(0000002200,'','Hebert','Malachi','Malachi','Hebert, Malachi','','M','2200','dcd57c0b2f61220eb93fa398ed746b99013d6c497a025073c6b1e937a2bcd8e5','','','N','Full','Y',003,'003',NULL,'2200@localhost','','','',NULL,'',NULL,0,'','','','','','','','','','','','','','','','','','','','','','','','','','','','','','','','','','',NULL,'','','','','','','','','','','',NULL,'',NULL,NULL,NULL,'','','','','','','Y','Y','Y',NULL,'','','',NULL,'','',NULL,NULL,'','','Y','a:0:{}'),
	(0000002201,'Ms.','Ray','Kailee','Kailee','Ray, Kailee','','F','2201','dcd57c0b2f61220eb93fa398ed746b99013d6c497a025073c6b1e937a2bcd8e5','','','N','Full','Y',004,'004',NULL,'2201@localhost','','','',NULL,'',NULL,0,'','','','','','','','','','','','','','','','','','','','','','','','','','','','','','','','','','',NULL,'','','','','','','','','','','',NULL,'',NULL,NULL,NULL,'','','','','','','Y','Y','Y',NULL,'','','',NULL,'','',NULL,NULL,'','','Y','a:0:{}'),
	(0000002202,'Mr.','Hebert','Darian','Darian','Hebert, Darian','','M','2202','dcd57c0b2f61220eb93fa398ed746b99013d6c497a025073c6b1e937a2bcd8e5','','','N','Full','Y',004,'004',NULL,'2202@localhost','','','',NULL,'',NULL,0,'','','','','','','','','','','','','','','','','','','','','','','','','','','','','','','','','','',NULL,'','','','','','','','','','','',NULL,'',NULL,NULL,NULL,'','','','','','','Y','Y','Y',NULL,'','','',NULL,'','',NULL,NULL,'','','Y','a:0:{}'),
	(0000002203,'','Hopkins','Anabella','Anabella','Hopkins, Anabella','','M','2203','dcd57c0b2f61220eb93fa398ed746b99013d6c497a025073c6b1e937a2bcd8e5','','','N','Full','Y',003,'003',NULL,'2203@localhost','','','',NULL,'',NULL,0,'','','','','','','','','','','','','','','','','','','','','','','','','','','','','','','','','','',NULL,'','','','','','','','','','','',NULL,'',NULL,NULL,NULL,'','','','','','','Y','Y','Y',NULL,'','','',NULL,'','',NULL,NULL,'','','Y','a:0:{}'),
	(0000002204,'Mr.','Hopkins','Braylen','Braylen','Hopkins, Braylen','','M','2204','dcd57c0b2f61220eb93fa398ed746b99013d6c497a025073c6b1e937a2bcd8e5','','','N','Full','Y',004,'004',NULL,'2204@localhost','','','',NULL,'',NULL,0,'','','','','','','','','','','','','','','','','','','','','','','','','','','','','','','','','','',NULL,'','','','','','','','','','','',NULL,'',NULL,NULL,NULL,'','','','','','','Y','Y','Y',NULL,'','','',NULL,'','',NULL,NULL,'','','Y','a:0:{}'),
	(0000002205,'Mrs.','Fitzpatrick','Helen','Helen','Fitzpatrick, Helen','','F','2205','dcd57c0b2f61220eb93fa398ed746b99013d6c497a025073c6b1e937a2bcd8e5','','','N','Full','Y',004,'004',NULL,'2205@localhost','','','',NULL,'',NULL,0,'','','','','','','','','','','','','','','','','','','','','','','','','','','','','','','','','','',NULL,'','','','','','','','','','','',NULL,'',NULL,NULL,NULL,'','','','','','','Y','Y','Y',NULL,'','','',NULL,'','',NULL,NULL,'','','Y','a:0:{}'),
	(0000002206,'','Gallagher','Aron','Aron','Gallagher, Aron','','M','2206','dcd57c0b2f61220eb93fa398ed746b99013d6c497a025073c6b1e937a2bcd8e5','','','N','Full','Y',003,'003',NULL,'2206@localhost','','','',NULL,'',NULL,0,'','','','','','','','','','','','','','','','','','','','','','','','','','','','','','','','','','',NULL,'','','','','','','','','','','',NULL,'',NULL,NULL,NULL,'','','','','','','Y','Y','Y',NULL,'','','',NULL,'','',NULL,NULL,'','','Y','a:0:{}'),
	(0000002207,'Mr.','Gallagher','Kyan','Kyan','Gallagher, Kyan','','M','2207','dcd57c0b2f61220eb93fa398ed746b99013d6c497a025073c6b1e937a2bcd8e5','','','N','Full','Y',004,'004',NULL,'2207@localhost','','','',NULL,'',NULL,0,'','','','','','','','','','','','','','','','','','','','','','','','','','','','','','','','','','',NULL,'','','','','','','','','','','',NULL,'',NULL,NULL,NULL,'','','','','','','Y','Y','Y',NULL,'','','',NULL,'','',NULL,NULL,'','','Y','a:0:{}'),
	(0000002208,'Ms.','Schneider','Nia','Nia','Schneider, Nia','','F','2208','dcd57c0b2f61220eb93fa398ed746b99013d6c497a025073c6b1e937a2bcd8e5','','','N','Full','Y',004,'004',NULL,'2208@localhost','','','',NULL,'',NULL,0,'','','','','','','','','','','','','','','','','','','','','','','','','','','','','','','','','','',NULL,'','','','','','','','','','','',NULL,'',NULL,NULL,NULL,'','','','','','','Y','Y','Y',NULL,'','','',NULL,'','',NULL,NULL,'','','Y','a:0:{}'),
	(0000002209,'','Nichols','Hana','Hana','Nichols, Hana','','F','2209','dcd57c0b2f61220eb93fa398ed746b99013d6c497a025073c6b1e937a2bcd8e5','','','N','Full','Y',003,'003',NULL,'2209@localhost','','','',NULL,'',NULL,0,'','','','','','','','','','','','','','','','','','','','','','','','','','','','uploads/2018/05/gverzbicka_passportscan_q9ix2uf5nkc8mzsf.pdf','','','','','','',NULL,'','','','','','','','','','','',NULL,'',NULL,NULL,000,'','','','','','','Y','Y','Y',NULL,'','','',NULL,'','',NULL,NULL,'','','Y','a:0:{}'),
	(0000002210,'Mr.','Ellis','Winston','Winston','Ellis, Winston','','M','2210','dcd57c0b2f61220eb93fa398ed746b99013d6c497a025073c6b1e937a2bcd8e5','','','N','Full','Y',004,'004',NULL,'2210@localhost','','','',NULL,'',NULL,0,'','','','','','','','','','','','','','','','','','','','','','','','','','','','','','','','','','',NULL,'','','','','','','','','','','',NULL,'',NULL,NULL,NULL,'','','','','','','Y','Y','Y',NULL,'','','',NULL,'','',NULL,NULL,'','','Y','a:0:{}'),
	(0000002211,'Mrs.','Nichols','Xiomara','Xiomara','Nichols, Xiomara','','F','2211','dcd57c0b2f61220eb93fa398ed746b99013d6c497a025073c6b1e937a2bcd8e5','','','N','Full','Y',004,'004',NULL,'2211@localhost','','','',NULL,'',NULL,0,'','','','','','','','','','','','','','','','','','','','','','','','','','','','','','','','','','',NULL,'','','','','','','','','','','',NULL,'',NULL,NULL,NULL,'','','','','','','Y','Y','Y',NULL,'','','',NULL,'','',NULL,NULL,'','','Y','a:0:{}'),
	(0000002212,'','Duran','Riley','Riley','Duran, Riley','','M','2212','dcd57c0b2f61220eb93fa398ed746b99013d6c497a025073c6b1e937a2bcd8e5','','','N','Full','Y',003,'003',NULL,'2212@localhost','','','',NULL,'',NULL,0,'','','','','','','','','','','','','','','','','','','','','','','','','','','','uploads/2018/05/jharia_passportscan_z2cqwpkre8g6770b.pdf','','','','','','',NULL,'','','','','','','','','','','',NULL,'',NULL,NULL,000,'','','','','','','Y','Y','Y',NULL,'','','',NULL,'','',NULL,NULL,'','','Y','a:0:{}'),
	(0000002213,'Mr.','Duran','Rudy','Rudy','Duran, Rudy','','M','2213','dcd57c0b2f61220eb93fa398ed746b99013d6c497a025073c6b1e937a2bcd8e5','','','N','Full','Y',004,'004',NULL,'2213@localhost','','','',NULL,'',NULL,0,'','','','','','','','','','','','','','','','','','','','','','','','','','','','','','','','','','',NULL,'','','','','','','','','','','',NULL,'',NULL,NULL,NULL,'','','','','','','Y','Y','Y',NULL,'','','',NULL,'','',NULL,NULL,'','','Y','a:0:{}'),
	(0000002214,'Mrs.','Duran','Ashanti','Ashanti','Duran, Ashanti','','F','2214','dcd57c0b2f61220eb93fa398ed746b99013d6c497a025073c6b1e937a2bcd8e5','','','N','Full','Y',004,'004',NULL,'2214@localhost','','','',NULL,'',NULL,0,'','','','','','','','','','','','','','','','','','','','','','','','','','','','','','','','','','',NULL,'','','','','','','','','','','',NULL,'',NULL,NULL,NULL,'','','','','','','Y','Y','Y',NULL,'','','',NULL,'','',NULL,NULL,'','','Y','a:0:{}'),
	(0000002215,'','Townsend','Teresa','Teresa','Townsend, Teresa','','F','2215','dcd57c0b2f61220eb93fa398ed746b99013d6c497a025073c6b1e937a2bcd8e5','','','N','Full','Y',003,'003',NULL,'2215@localhost','','','',NULL,'',NULL,0,'','','','','','','','','','','','','','','','','','','','','','','','','','','','uploads/2017/10/vwei_passportscan_896ui02d4svuhvg.pdf','','','','','','',NULL,'','','','','','','','','','','',NULL,'',NULL,NULL,000,'','','','','','','Y','Y','Y',NULL,'','','',NULL,'','',NULL,NULL,'','','Y','a:0:{}'),
	(0000002216,'','Goodwin','Samara','Samara','Goodwin, Samara','','F','2216','dcd57c0b2f61220eb93fa398ed746b99013d6c497a025073c6b1e937a2bcd8e5','','','N','Full','Y',003,'003',NULL,'2216@localhost','','','',NULL,'',NULL,0,'','','','','','','','','','','','','','','','','','','','','','','','','','','','uploads/2018/05/hshioya_passportscan_m4si8n6ur4gidmk4.pdf','','','','','','',NULL,'','','','','','','','','','','',NULL,'',NULL,NULL,000,'','','','','','','Y','Y','Y',NULL,'','','',NULL,'','',NULL,NULL,'','','Y','a:0:{}'),
	(0000002217,'Mrs.','Goodwin','Noemi','Noemi','Goodwin, Noemi','','F','2217','dcd57c0b2f61220eb93fa398ed746b99013d6c497a025073c6b1e937a2bcd8e5','','','N','Full','Y',004,'004',NULL,'2217@localhost','','','',NULL,'',NULL,0,'','','','','','','','','','','','','','','','','','','','','','','','','','','','','','','','','','',NULL,'','','','','','','','','','','',NULL,'',NULL,NULL,NULL,'','','','','','','Y','Y','Y',NULL,'','','',NULL,'','',NULL,NULL,'','','Y','a:0:{}'),
	(0000002218,'Mr.','Buchanan','Donte','Donte','Buchanan, Donte','','M','2218','dcd57c0b2f61220eb93fa398ed746b99013d6c497a025073c6b1e937a2bcd8e5','','','N','Full','Y',004,'004',NULL,'2218@localhost','','','',NULL,'',NULL,0,'','','','','','','','','','','','','','','','','','','','','','','','','','','','','','','','','','',NULL,'','','','','','','','','','','',NULL,'',NULL,NULL,NULL,'','','','','','','Y','Y','Y',NULL,'','','',NULL,'','',NULL,NULL,'','','Y','a:0:{}'),
	(0000002219,'','Kennedy','Guadalupe','Guadalupe','Kennedy, Guadalupe','','F','2219','dcd57c0b2f61220eb93fa398ed746b99013d6c497a025073c6b1e937a2bcd8e5','','','N','Full','Y',003,'003',NULL,'2219@localhost','','','',NULL,'',NULL,0,'','','','','','','','','','','','','','','','','','','','','','','','','','','','','','','','','','',NULL,'','','','','','','','','','','',NULL,'',NULL,NULL,NULL,'','','','','','','Y','Y','Y',NULL,'','','',NULL,'','',NULL,NULL,'','','Y','a:0:{}'),
	(0000002220,'Miss','Alvarez','Campbell','Campbell','Alvarez, Campbell','','F','2220','dcd57c0b2f61220eb93fa398ed746b99013d6c497a025073c6b1e937a2bcd8e5','','','N','Full','Y',004,'004',NULL,'2220@localhost','','','',NULL,'',NULL,0,'','','','','','','','','','','','','','','','','','','','','','','','','','','','','','','','','','',NULL,'','','','','','','','','','','',NULL,'',NULL,NULL,NULL,'','','','','','','Y','Y','Y',NULL,'','','',NULL,'','',NULL,NULL,'','','Y','a:0:{}'),
	(0000002221,'Mr.','Kennedy','Immanuel','Immanuel','Kennedy, Immanuel','','M','2221','dcd57c0b2f61220eb93fa398ed746b99013d6c497a025073c6b1e937a2bcd8e5','','','N','Full','Y',004,'004',NULL,'2221@localhost','','','',NULL,'',NULL,0,'','','','','','','','','','','','','','','','','','','','','','','','','','','','','','','','','','',NULL,'','','','','','','','','','','',NULL,'',NULL,NULL,NULL,'','','','','','','Y','Y','Y',NULL,'','','',NULL,'','',NULL,NULL,'','','Y','a:0:{}'),
	(0000002222,'','Ellison','Harper','Harper','Ellison, Harper','','M','2222','dcd57c0b2f61220eb93fa398ed746b99013d6c497a025073c6b1e937a2bcd8e5','','','N','Full','Y',003,'003',NULL,'2222@localhost','','','',NULL,'',NULL,0,'','','','','','','','','','','','','','','','','','','','','','','','','','','','','','','','','','',NULL,'','','','','','','','','','','',NULL,'',NULL,NULL,NULL,'','','','','','','Y','Y','Y',NULL,'','','',NULL,'','',NULL,NULL,'','','Y','a:0:{}'),
	(0000002223,'Mr.','Ellison','Kira','Kira','Ellison, Kira','','M','2223','dcd57c0b2f61220eb93fa398ed746b99013d6c497a025073c6b1e937a2bcd8e5','','','N','Full','Y',004,'004',NULL,'2223@localhost','','','',NULL,'',NULL,0,'','','','','','','','','','','','','','','','','','','','','','','','','','','','','','','','','','',NULL,'','','','','','','','','','','',NULL,'',NULL,NULL,NULL,'','','','','','','Y','Y','Y',NULL,'','','',NULL,'','',NULL,NULL,'','','Y','a:0:{}'),
	(0000002224,'Mrs.','Chen','Mariam','Mariam','Chen, Mariam','','F','2224','dcd57c0b2f61220eb93fa398ed746b99013d6c497a025073c6b1e937a2bcd8e5','','','N','Full','Y',004,'004',NULL,'2224@localhost','','','',NULL,'',NULL,0,'','','','','','','','','','','','','','','','','','','','','','','','','','','','','','','','','','',NULL,'','','','','','','','','','','',NULL,'',NULL,NULL,NULL,'','','','','','','Y','Y','Y',NULL,'','','',NULL,'','',NULL,NULL,'','','Y','a:0:{}'),
	(0000002225,'','Delgado','Malachi','Malachi','Delgado, Malachi','','M','2225','dcd57c0b2f61220eb93fa398ed746b99013d6c497a025073c6b1e937a2bcd8e5','','','N','Full','Y',003,'003',NULL,'2225@localhost','','','',NULL,'',NULL,0,'','','','','','','','','','','','','','','','','','','','','','','','','','','','','','','','','','',NULL,'','','','','','','','','','','',NULL,'',NULL,NULL,NULL,'','','','','','','Y','Y','Y',NULL,'','','',NULL,'','',NULL,NULL,'','','Y','a:0:{}'),
	(0000002226,'Mrs.','Hopkins','Priscilla','Priscilla','Hopkins, Priscilla','','F','2226','dcd57c0b2f61220eb93fa398ed746b99013d6c497a025073c6b1e937a2bcd8e5','','','N','Full','Y',004,'004',NULL,'2226@localhost','','','',NULL,'',NULL,0,'','','','','','','','','','','','','','','','','','','','','','','','','','','','','','','','','','',NULL,'','','','','','','','','','','',NULL,'',NULL,NULL,NULL,'','','','','','','Y','Y','Y',NULL,'','','',NULL,'','',NULL,NULL,'','','Y','a:0:{}'),
	(0000002227,'Mr.','Delgado','Lucille','Lucille','Delgado, Lucille','','M','2227','dcd57c0b2f61220eb93fa398ed746b99013d6c497a025073c6b1e937a2bcd8e5','','','N','Full','Y',004,'004',NULL,'2227@localhost','','','',NULL,'',NULL,0,'','','','','','','','','','','','','','','','','','','','','','','','','','','','','','','','','','',NULL,'','','','','','','','','','','',NULL,'',NULL,NULL,NULL,'','','','','','','Y','Y','Y',NULL,'','','',NULL,'','',NULL,NULL,'','','Y','a:0:{}'),
	(0000002228,'','Ellison','Kadin','Kadin','Ellison, Kadin','','M','2228','dcd57c0b2f61220eb93fa398ed746b99013d6c497a025073c6b1e937a2bcd8e5','','','N','Full','Y',003,'003',NULL,'2228@localhost','','','',NULL,'',NULL,0,'','','','','','','','','','','','','','','','','','','','','','','','','','','','','','','','','','',NULL,'','','','','','','','','','','',NULL,'',NULL,NULL,NULL,'','','','','','','Y','Y','Y',NULL,'','','',NULL,'','',NULL,NULL,'','','Y','a:0:{}'),
	(0000002229,'Mr.','Ellison','Victor','Victor','Ellison, Victor','','M','2229','dcd57c0b2f61220eb93fa398ed746b99013d6c497a025073c6b1e937a2bcd8e5','','','N','Full','Y',004,'004',NULL,'2229@localhost','','','',NULL,'',NULL,0,'','','','','','','','','','','','','','','','','','','','','','','','','','','','','','','','','','',NULL,'','','','','','','','','','','',NULL,'',NULL,NULL,NULL,'','','','','','','Y','Y','Y',NULL,'','','',NULL,'','',NULL,NULL,'','','Y','a:0:{}'),
	(0000002230,'Mrs.','Ellison','Destiney','Destiney','Ellison, Destiney','','F','2230','dcd57c0b2f61220eb93fa398ed746b99013d6c497a025073c6b1e937a2bcd8e5','','','N','Full','Y',004,'004',NULL,'2230@localhost','','','',NULL,'',NULL,0,'','','','','','','','','','','','','','','','','','','','','','','','','','','','','','','','','','',NULL,'','','','','','','','','','','',NULL,'',NULL,NULL,NULL,'','','','','','','Y','Y','Y',NULL,'','','',NULL,'','',NULL,NULL,'','','Y','a:0:{}'),
	(0000002231,'','Gould','Chad','Chad','Gould, Chad','','M','2231','dcd57c0b2f61220eb93fa398ed746b99013d6c497a025073c6b1e937a2bcd8e5','','','N','Full','Y',003,'003',NULL,'2231@localhost','','','',NULL,'',NULL,0,'','','','','','','','','','','','','','','','','','','','','','','','','','','','','','','','','','',NULL,'','','','','','','','','','','',NULL,'',NULL,NULL,NULL,'','','','','','','Y','Y','Y',NULL,'','','',NULL,'','',NULL,NULL,'','','Y','a:0:{}'),
	(0000002232,'','Oneal','Kristin','Kristin','Oneal, Kristin','','F','2232','dcd57c0b2f61220eb93fa398ed746b99013d6c497a025073c6b1e937a2bcd8e5','','','N','Full','Y',003,'003',NULL,'2232@localhost','','','',NULL,'',NULL,0,'','','','','','','','','','','','','','','','','','','','','','','','','','','','uploads/2018/05/lmajapuro_passportscan_5e6r0hr42wwfk52.pdf','','','','','','',NULL,'','','','','','','','','','','',NULL,'',NULL,NULL,000,'','','','','','','Y','Y','Y',NULL,'','','',NULL,'','',NULL,NULL,'','','Y','a:0:{}'),
	(0000002233,'','James','Luka','Luka','James, Luka','','M','2233','dcd57c0b2f61220eb93fa398ed746b99013d6c497a025073c6b1e937a2bcd8e5','','','N','Full','Y',003,'003',NULL,'2233@localhost','','','',NULL,'',NULL,0,'','','','','','','','','','','','','','','','','','','','','','','','','','','','','','','','','','',NULL,'','','','','','','','','','','',NULL,'',NULL,NULL,NULL,'','','','','','','Y','Y','Y',NULL,'','','',NULL,'','',NULL,NULL,'','','Y','a:0:{}'),
	(0000002234,'Mr.','James','Fabian','Fabian','James, Fabian','','M','2234','dcd57c0b2f61220eb93fa398ed746b99013d6c497a025073c6b1e937a2bcd8e5','','','N','Full','Y',004,'004',NULL,'2234@localhost','','','',NULL,'',NULL,0,'','','','','','','','','','','','','','','','','','','','','','','','','','','','','','','','','','',NULL,'','','','','','','','','','','',NULL,'',NULL,NULL,NULL,'','','','','','','Y','Y','Y',NULL,'','','',NULL,'','',NULL,NULL,'','','Y','a:0:{}'),
	(0000002235,'Ms.','Kennedy','Emilee','Emilee','Kennedy, Emilee','','F','2235','dcd57c0b2f61220eb93fa398ed746b99013d6c497a025073c6b1e937a2bcd8e5','','','N','Full','Y',004,'004',NULL,'2235@localhost','','','',NULL,'',NULL,0,'','','','','','','','','','','','','','','','','','','','','','','','','','','','','','','','','','',NULL,'','','','','','','','','','','',NULL,'',NULL,NULL,NULL,'','','','','','','Y','Y','Y',NULL,'','','',NULL,'','',NULL,NULL,'','','Y','a:0:{}'),
	(0000002236,'','Simpson','Hugh','Hugh','Simpson, Hugh','','M','2236','dcd57c0b2f61220eb93fa398ed746b99013d6c497a025073c6b1e937a2bcd8e5','','','N','Full','Y',003,'003',NULL,'2236@localhost','','','',NULL,'',NULL,0,'','','','','','','','','','','','','','','','','','','','','','','','','','','','','','','','','','',NULL,'','','','','','','','','','','',NULL,'',NULL,NULL,NULL,'','','','','','','Y','Y','Y',NULL,'','','',NULL,'','',NULL,NULL,'','','Y','a:0:{}'),
	(0000002237,'Ms.','Hopkins','Jocelyn','Jocelyn','Hopkins, Jocelyn','','F','2237','dcd57c0b2f61220eb93fa398ed746b99013d6c497a025073c6b1e937a2bcd8e5','','','N','Full','Y',004,'004',NULL,'2237@localhost','','','',NULL,'',NULL,0,'','','','','','','','','','','','','','','','','','','','','','','','','','','','','','','','','','',NULL,'','','','','','','','','','','',NULL,'',NULL,NULL,NULL,'','','','','','','Y','Y','Y',NULL,'','','',NULL,'','',NULL,NULL,'','','Y','a:0:{}'),
	(0000002238,'Mr.','Simpson','Dillon','Dillon','Simpson, Dillon','','M','2238','dcd57c0b2f61220eb93fa398ed746b99013d6c497a025073c6b1e937a2bcd8e5','','','N','Full','Y',004,'004',NULL,'2238@localhost','','','',NULL,'',NULL,0,'','','','','','','','','','','','','','','','','','','','','','','','','','','','','','','','','','',NULL,'','','','','','','','','','','',NULL,'',NULL,NULL,NULL,'','','','','','','Y','Y','Y',NULL,'','','',NULL,'','',NULL,NULL,'','','Y','a:0:{}'),
	(0000002239,'','Beltran','Aaliyah','Aaliyah','Beltran, Aaliyah','','F','2239','dcd57c0b2f61220eb93fa398ed746b99013d6c497a025073c6b1e937a2bcd8e5','','','N','Full','Y',003,'003',NULL,'2239@localhost','','','',NULL,'',NULL,0,'','','','','','','','','','','','','','','','','','','','','','','','','','','','uploads/2018/05/slaakso2_passportscan_ruuftwzpzuu2bifb.pdf','','','','','','',NULL,'','','','','','','','','','','',NULL,'',NULL,NULL,000,'','','','','','','Y','Y','Y',NULL,'','','',NULL,'','',NULL,NULL,'','','Y','a:0:{}'),
	(0000002240,'','Vazquez','Reynaldo','Reynaldo','Vazquez, Reynaldo','','M','2240','dcd57c0b2f61220eb93fa398ed746b99013d6c497a025073c6b1e937a2bcd8e5','','','N','Full','Y',003,'003',NULL,'2240@localhost','','','',NULL,'',NULL,0,'','','','','','','','','','','','','','','','','','','','','','','','','','','','','','','','','','',NULL,'','','','','','','','','','','',NULL,'',NULL,NULL,000,'','','','','','','Y','Y','Y',NULL,'','','',NULL,'','',NULL,NULL,'','','Y','a:0:{}'),
	(0000002241,'Mrs.','Vazquez','Jazmine','Jazmine','Vazquez, Jazmine','','F','2241','dcd57c0b2f61220eb93fa398ed746b99013d6c497a025073c6b1e937a2bcd8e5','','','N','Full','Y',004,'004',NULL,'2241@localhost','','','',NULL,'',NULL,0,'','','','','','','','','','','','','','','','','','','','','','','','','','','','','','','','','','',NULL,'','','','','','','','','','','',NULL,'',NULL,NULL,NULL,'','','','','','','Y','Y','Y',NULL,'','','',NULL,'','',NULL,NULL,'','','Y','a:0:{}'),
	(0000002243,'','Cordova','Andreas','Andreas','Cordova, Andreas','','M','2243','dcd57c0b2f61220eb93fa398ed746b99013d6c497a025073c6b1e937a2bcd8e5','','','N','Full','Y',003,'003',NULL,'2243@localhost','','','',NULL,'',NULL,0,'','','','','','','','','','','','','','','','','','','','','','','','','','','','uploads/2018/05/tsamarasekera_passportscan_wroh8r74uc087vn.pdf','','','','','','',NULL,'','','','','','','','','','','',NULL,'',NULL,NULL,000,'','','','','','','Y','Y','Y',NULL,'','','',NULL,'','',NULL,NULL,'','','Y','a:0:{}'),
	(0000002247,'','Ellison','Cara','Cara','Ellison, Cara','','F','2247','dcd57c0b2f61220eb93fa398ed746b99013d6c497a025073c6b1e937a2bcd8e5','','','N','Full','Y',003,'003',NULL,'2247@localhost','','','',NULL,'',NULL,0,'','','','','','','','','','','','','','','','','','','','','','','','','','','','','','','','','','',NULL,'','','','','','','','','','','',NULL,'',NULL,NULL,NULL,'','','','','','','Y','Y','Y',NULL,'','','',NULL,'','',NULL,NULL,'','','Y','a:0:{}'),
	(0000002250,'','Moyer','Clare','Clare','Moyer, Clare','','F','2250','dcd57c0b2f61220eb93fa398ed746b99013d6c497a025073c6b1e937a2bcd8e5','','','N','Full','Y',003,'003',NULL,'2250@localhost','','','',NULL,'',NULL,0,'','','','','','','','','','','','','','','','','','','','','','','','','','','','','','','','','','',NULL,'','','','','','','','','','','',NULL,'',NULL,NULL,NULL,'','','','','','','Y','Y','Y',NULL,'','','',NULL,'','',NULL,NULL,'','','Y','a:0:{}'),
	(0000002251,'Ms.','Ellison','Dahlia','Dahlia','Ellison, Dahlia','','F','2251','dcd57c0b2f61220eb93fa398ed746b99013d6c497a025073c6b1e937a2bcd8e5','','','N','Full','Y',004,'004',NULL,'2251@localhost','','','',NULL,'',NULL,0,'','','','','','','','','','','','','','','','','','','','','','','','','','','','','','','','','','',NULL,'','','','','','','','','','','',NULL,'',NULL,NULL,NULL,'','','','','','','Y','Y','Y',NULL,'','','',NULL,'','',NULL,NULL,'','','Y','a:0:{}'),
	(0000002252,'Mr.','Moyer','Lucille','Lucille','Moyer, Lucille','','M','2252','dcd57c0b2f61220eb93fa398ed746b99013d6c497a025073c6b1e937a2bcd8e5','','','N','Full','Y',004,'004',NULL,'2252@localhost','','','',NULL,'',NULL,0,'','','','','','','','','','','','','','','','','','','','','','','','','','','','','','','','','','',NULL,'','','','','','','','','','','',NULL,'',NULL,NULL,NULL,'','','','','','','Y','Y','Y',NULL,'','','',NULL,'','',NULL,NULL,'','','Y','a:0:{}'),
	(0000002253,'','Cox','Sonny','Sonny','Cox, Sonny','','M','2253','dcd57c0b2f61220eb93fa398ed746b99013d6c497a025073c6b1e937a2bcd8e5','','','N','Full','Y',003,'003',NULL,'2253@localhost','','','',NULL,'',NULL,0,'','','','','','','','','','','','','','','','','','','','','','','','','','','','','','','','','','',NULL,'','','','','','','','','','','',NULL,'',NULL,NULL,NULL,'','','','','','','Y','Y','Y',NULL,'','','',NULL,'','',NULL,NULL,'','','Y','a:0:{}'),
	(0000002254,'Mrs.','Daugherty','Paola','Paola','Daugherty, Paola','','F','2254','dcd57c0b2f61220eb93fa398ed746b99013d6c497a025073c6b1e937a2bcd8e5','','','N','Full','Y',004,'004',NULL,'2254@localhost','','','',NULL,'',NULL,0,'','','','','','','','','','','','','','','','','','','','','','','','','','','','','','','','','','',NULL,'','','','','','','','','','','',NULL,'',NULL,NULL,NULL,'','','','','','','Y','Y','Y',NULL,'','','',NULL,'','',NULL,NULL,'','','Y','a:0:{}'),
	(0000002255,'Mr.','Cox','Deven','Deven','Cox, Deven','','M','2255','dcd57c0b2f61220eb93fa398ed746b99013d6c497a025073c6b1e937a2bcd8e5','','','N','Full','Y',004,'004',NULL,'2255@localhost','','','',NULL,'',NULL,0,'','','','','','','','','','','','','','','','','','','','','','','','','','','','','','','','','','',NULL,'','','','','','','','','','','',NULL,'',NULL,NULL,NULL,'','','','','','','Y','Y','Y',NULL,'','','',NULL,'','',NULL,NULL,'','','Y','a:0:{}'),
	(0000002256,'','Blanchard','Camila','Camila','Blanchard, Camila','','F','2256','dcd57c0b2f61220eb93fa398ed746b99013d6c497a025073c6b1e937a2bcd8e5','','','N','Full','Y',003,'003',NULL,'2256@localhost','','','',NULL,'',NULL,0,'','','','','','','','','','','','','','','','','','','','','','','','','','','','','','','','','','',NULL,'','','','','','','','','','','',NULL,'',NULL,NULL,NULL,'','','','','','','Y','Y','Y',NULL,'','','',NULL,'','',NULL,NULL,'','','Y','a:0:{}'),
	(0000002257,'Mrs.','Cox','Rubi','Rubi','Cox, Rubi','','F','2257','dcd57c0b2f61220eb93fa398ed746b99013d6c497a025073c6b1e937a2bcd8e5','','','N','Full','Y',004,'004',NULL,'2257@localhost','','','',NULL,'',NULL,0,'','','','','','','','','','','','','','','','','','','','','','','','','','','','','','','','','','',NULL,'','','','','','','','','','','',NULL,'',NULL,NULL,NULL,'','','','','','','Y','Y','Y',NULL,'','','',NULL,'','',NULL,NULL,'','','Y','a:0:{}'),
	(0000002258,'Mr.','Blanchard','Danna','Danna','Blanchard, Danna','','M','2258','dcd57c0b2f61220eb93fa398ed746b99013d6c497a025073c6b1e937a2bcd8e5','','','N','Full','Y',004,'004',NULL,'2258@localhost','','','',NULL,'',NULL,0,'','','','','','','','','','','','','','','','','','','','','','','','','','','','','','','','','','',NULL,'','','','','','','','','','','',NULL,'',NULL,NULL,NULL,'','','','','','','Y','Y','Y',NULL,'','','',NULL,'','',NULL,NULL,'','','Y','a:0:{}'),
	(0000002259,'','Ritter','Stella','Stella','Ritter, Stella','','F','2259','dcd57c0b2f61220eb93fa398ed746b99013d6c497a025073c6b1e937a2bcd8e5','','','N','Full','Y',003,'003',NULL,'2259@localhost','','','',NULL,'',NULL,0,'','','','','','','','','','','','','','','','','','','','','','','','','','','','','','','','','','',NULL,'','','','','','','','','','','',NULL,'',NULL,NULL,NULL,'','','','','','','Y','Y','Y',NULL,'','','',NULL,'','',NULL,NULL,'','','Y','a:0:{}'),
	(0000002260,'Ms.','Underwood','Gisselle','Gisselle','Underwood, Gisselle','','F','2260','dcd57c0b2f61220eb93fa398ed746b99013d6c497a025073c6b1e937a2bcd8e5','','','N','Full','Y',004,'004',NULL,'2260@localhost','','','',NULL,'',NULL,0,'','','','','','','','','','','','','','','','','','','','','','','','','','','','','','','','','','',NULL,'','','','','','','','','','','',NULL,'',NULL,NULL,NULL,'','','','','','','Y','Y','Y',NULL,'','','',NULL,'','',NULL,NULL,'','','Y','a:0:{}'),
	(0000002261,'Mr.','Ritter','Lucille','Lucille','Ritter, Lucille','','M','2261','dcd57c0b2f61220eb93fa398ed746b99013d6c497a025073c6b1e937a2bcd8e5','','','N','Full','Y',004,'004',NULL,'2261@localhost','','','',NULL,'',NULL,0,'','','','','','','','','','','','','','','','','','','','','','','','','','','','','','','','','','',NULL,'','','','','','','','','','','',NULL,'',NULL,NULL,NULL,'','','','','','','Y','Y','Y',NULL,'','','',NULL,'','',NULL,NULL,'','','Y','a:0:{}'),
	(0000002262,'','Norris','Bryson','Bryson','Norris, Bryson','','M','2262','dcd57c0b2f61220eb93fa398ed746b99013d6c497a025073c6b1e937a2bcd8e5','','','N','Full','Y',003,'003',NULL,'2262@localhost','','','',NULL,'',NULL,0,'','','','','','','','','','','','','','','','','','','','','','','','','','','','','','','','','','',NULL,'','','','','','','','','','','',NULL,'',NULL,NULL,NULL,'','','','','','','Y','Y','Y',NULL,'','','',NULL,'','',NULL,NULL,'','','Y','a:0:{}'),
	(0000002263,'Mr.','Hebert','Mohammed','Mohammed','Hebert, Mohammed','','M','2263','dcd57c0b2f61220eb93fa398ed746b99013d6c497a025073c6b1e937a2bcd8e5','','','N','Full','Y',004,'004',NULL,'2263@localhost','','','',NULL,'',NULL,0,'','','','','','','','','','','','','','','','','','','','','','','','','','','','','','','','','','',NULL,'','','','','','','','','','','',NULL,'',NULL,NULL,NULL,'','','','','','','Y','Y','Y',NULL,'','','',NULL,'','',NULL,NULL,'','','Y','a:0:{}'),
	(0000002264,'Mrs.','Norris','Marlene','Marlene','Norris, Marlene','','F','2264','dcd57c0b2f61220eb93fa398ed746b99013d6c497a025073c6b1e937a2bcd8e5','','','N','Full','Y',004,'004',NULL,'2264@localhost','','','',NULL,'',NULL,0,'','','','','','','','','','','','','','','','','','','','','','','','','','','','','','','','','','',NULL,'','','','','','','','','','','',NULL,'',NULL,NULL,NULL,'','','','','','','Y','Y','Y',NULL,'','','',NULL,'','',NULL,NULL,'','','Y','a:0:{}'),
	(0000002265,'','Brooks','Gaige','Gaige','Brooks, Gaige','','M','2265','dcd57c0b2f61220eb93fa398ed746b99013d6c497a025073c6b1e937a2bcd8e5','','','N','Full','Y',003,'003',NULL,'2265@localhost','','','',NULL,'',NULL,0,'','','','','','','','','','','','','','','','','','','','','','','','','','','','','','','','','','',NULL,'','','','','','','','','','','',NULL,'',NULL,NULL,NULL,'','','','','','','Y','Y','Y',NULL,'','','',NULL,'','',NULL,NULL,'','','Y','a:0:{}'),
	(0000002266,'Mrs.','Good','Kassidy','Kassidy','Good, Kassidy','','F','2266','dcd57c0b2f61220eb93fa398ed746b99013d6c497a025073c6b1e937a2bcd8e5','','','N','Full','Y',004,'004',NULL,'2266@localhost','','','',NULL,'',NULL,0,'','','','','','','','','','','','','','','','','','','','','','','','','','','','','','','','','','',NULL,'','','','','','','','','','','',NULL,'',NULL,NULL,NULL,'','','','','','','Y','Y','Y',NULL,'','','',NULL,'','',NULL,NULL,'','','Y','a:0:{}'),
	(0000002267,'Mr.','Brooks','Camryn','Camryn','Brooks, Camryn','','M','2267','dcd57c0b2f61220eb93fa398ed746b99013d6c497a025073c6b1e937a2bcd8e5','','','N','Full','Y',004,'004',NULL,'2267@localhost','','','',NULL,'',NULL,0,'','','','','','','','','','','','','','','','','','','','','','','','','','','','','','','','','','',NULL,'','','','','','','','','','','',NULL,'',NULL,NULL,NULL,'','','','','','','Y','Y','Y',NULL,'','','',NULL,'','',NULL,NULL,'','','Y','a:0:{}'),
	(0000002268,'','Oconnell','Moshe','Moshe','Oconnell, Moshe','','M','2268','dcd57c0b2f61220eb93fa398ed746b99013d6c497a025073c6b1e937a2bcd8e5','','','N','Full','Y',003,'003',NULL,'2268@localhost','','','',NULL,'',NULL,0,'','','','','','','','','','','','','','','','','','','','','','','','','','','','uploads/2018/01/asoutar_passportscan_pesukso9y3uh9y9v.pdf','','','','','','',NULL,'','','','','','','','','','','',NULL,'',NULL,NULL,000,'','','','','','','Y','Y','Y',NULL,'','','',NULL,'','',NULL,NULL,'','','Y','a:0:{}'),
	(0000002269,'Mr.','Oconnell','Jaidyn','Jaidyn','Oconnell, Jaidyn','','M','2269','dcd57c0b2f61220eb93fa398ed746b99013d6c497a025073c6b1e937a2bcd8e5','','','N','Full','Y',004,'004',NULL,'2269@localhost','','','',NULL,'',NULL,0,'','','','','','','','','','','','','','','','','','','','','','','','','','','','','','','','','','',NULL,'','','','','','','','','','','',NULL,'',NULL,NULL,NULL,'','','','','','','Y','Y','Y',NULL,'','','',NULL,'','',NULL,NULL,'','','Y','a:0:{}'),
	(0000002270,'Mrs.','Oconnell','Madilynn','Madilynn','Oconnell, Madilynn','','F','2270','dcd57c0b2f61220eb93fa398ed746b99013d6c497a025073c6b1e937a2bcd8e5','','','N','Full','Y',004,'004',NULL,'2270@localhost','','','',NULL,'',NULL,0,'','','','','','','','','','','','','','','','','','','','','','','','','','','','','','','','','','',NULL,'','','','','','','','','','','',NULL,'',NULL,NULL,NULL,'','','','','','','Y','Y','Y',NULL,'','','',NULL,'','',NULL,NULL,'','','Y','a:0:{}'),
	(0000002271,'','York','Leland','Leland','York, Leland','','M','2271','dcd57c0b2f61220eb93fa398ed746b99013d6c497a025073c6b1e937a2bcd8e5','','','N','Full','Y',003,'003',NULL,'2271@localhost','','','',NULL,'',NULL,0,'','','','','','','','','','','','','','','','','','','','','','','','','','','','','','','','','','',NULL,'','','','','','','','','','','',NULL,'',NULL,NULL,NULL,'','','','','','','Y','Y','Y',NULL,'','','',NULL,'','',NULL,NULL,'','','Y','a:0:{}'),
	(0000002272,'Ms.','Blanchard','Madalyn','Madalyn','Blanchard, Madalyn','','F','2272','dcd57c0b2f61220eb93fa398ed746b99013d6c497a025073c6b1e937a2bcd8e5','','','N','Full','Y',004,'004',NULL,'2272@localhost','','','',NULL,'',NULL,0,'','','','','','','','','','','','','','','','','','','','','','','','','','','','','','','','','','',NULL,'','','','','','','','','','','',NULL,'',NULL,NULL,NULL,'','','','','','','Y','Y','Y',NULL,'','','',NULL,'','',NULL,NULL,'','','Y','a:0:{}'),
	(0000002273,'Dr.','York','Makhi','Makhi','York, Makhi','','M','2273','dcd57c0b2f61220eb93fa398ed746b99013d6c497a025073c6b1e937a2bcd8e5','','','N','Full','Y',004,'004',NULL,'2273@localhost','','','',NULL,'',NULL,0,'','','','','','','','','','','','','','','','','','','','','','','','','','','','','','','','','','',NULL,'','','','','','','','','','','',NULL,'',NULL,NULL,NULL,'','','','','','','Y','Y','Y',NULL,'','','',NULL,'','',NULL,NULL,'','','Y','a:0:{}'),
	(0000002274,'','Hebert','Amir','Amir','Hebert, Amir','','M','2274','dcd57c0b2f61220eb93fa398ed746b99013d6c497a025073c6b1e937a2bcd8e5','','','N','Full','Y',003,'003',NULL,'2274@localhost','','','',NULL,'',NULL,0,'','','','','','','','','','','','','','','','','','','','','','','','','','','','','','','','','','',NULL,'','','','','','','','','','','',NULL,'',NULL,NULL,NULL,'','','','','','','Y','Y','Y',NULL,'','','',NULL,'','',NULL,NULL,'','','Y','a:0:{}'),
	(0000002275,'Ms.','David','Ashanti','Ashanti','David, Ashanti','','F','2275','dcd57c0b2f61220eb93fa398ed746b99013d6c497a025073c6b1e937a2bcd8e5','','','N','Full','Y',004,'004',NULL,'2275@localhost','','','',NULL,'',NULL,0,'','','','','','','','','','','','','','','','','','','','','','','','','','','','','','','','','','',NULL,'','','','','','','','','','','',NULL,'',NULL,NULL,NULL,'','','','','','','Y','Y','Y',NULL,'','','',NULL,'','',NULL,NULL,'','','Y','a:0:{}'),
	(0000002276,'Ms.','Tyler','Brylee','Brylee','Tyler, Brylee','','F','2276','dcd57c0b2f61220eb93fa398ed746b99013d6c497a025073c6b1e937a2bcd8e5','','','N','Full','Y',004,'004',NULL,'2276@localhost','','','',NULL,'',NULL,0,'','','','','','','','','','','','','','','','','','','','','','','','','','','','','','','','','','',NULL,'','','','','','','','','','','',NULL,'',NULL,NULL,NULL,'','','','','','','Y','Y','Y',NULL,'','','',NULL,'','',NULL,NULL,'','','Y','a:0:{}'),
	(0000002277,'','Reese','Immanuel','Immanuel','Reese, Immanuel','','M','2277','dcd57c0b2f61220eb93fa398ed746b99013d6c497a025073c6b1e937a2bcd8e5','','','N','Full','Y',003,'003',NULL,'2277@localhost','','','',NULL,'',NULL,0,'','','','','','','','','','','','','','','','','','','','','','','','','','','','','','','','','','',NULL,'','','','','','','','','','','',NULL,'',NULL,NULL,NULL,'','','','','','','Y','Y','Y',NULL,'','','',NULL,'','',NULL,NULL,'','','Y','a:0:{}'),
	(0000002278,'Mr.','Reese','Aarav','Aarav','Reese, Aarav','','M','2278','dcd57c0b2f61220eb93fa398ed746b99013d6c497a025073c6b1e937a2bcd8e5','','','N','Full','Y',004,'004',NULL,'2278@localhost','','','',NULL,'',NULL,0,'','','','','','','','','','','','','','','','','','','','','','','','','','','','','','','','','','',NULL,'','','','','','','','','','','',NULL,'',NULL,NULL,NULL,'','','','','','','Y','Y','Y',NULL,'','','',NULL,'','',NULL,NULL,'','','Y','a:0:{}'),
	(0000002279,'Ms.','Callahan','Annika','Annika','Callahan, Annika','','F','2279','dcd57c0b2f61220eb93fa398ed746b99013d6c497a025073c6b1e937a2bcd8e5','','','N','Full','Y',004,'004',NULL,'2279@localhost','','','',NULL,'',NULL,0,'','','','','','','','','','','','','','','','','','','','','','','','','','','','','','','','','','',NULL,'','','','','','','','','','','',NULL,'',NULL,NULL,NULL,'','','','','','','Y','Y','Y',NULL,'','','',NULL,'','',NULL,NULL,'','','Y','a:0:{}'),
	(0000002280,'','Ballard','Lincoln','Lincoln','Ballard, Lincoln','','M','2280','dcd57c0b2f61220eb93fa398ed746b99013d6c497a025073c6b1e937a2bcd8e5','','','N','Full','Y',003,'003',NULL,'2280@localhost','','','',NULL,'',NULL,0,'','','','','','','','','','','','','','','','','','','','','','','','','','','','','','','','','','',NULL,'','','','','','','','','','','',009,'',NULL,NULL,000,'','','','','','','Y','Y','Y',NULL,'','','',NULL,'','',NULL,NULL,'','','Y','a:0:{}'),
	(0000002281,'Ms.','Arnold','Kinsley','Kinsley','Arnold, Kinsley','','F','2281','dcd57c0b2f61220eb93fa398ed746b99013d6c497a025073c6b1e937a2bcd8e5','','','N','Full','Y',004,'004',NULL,'2281@localhost','','','',NULL,'',NULL,0,'','','','','','','','','','','','','','','','','','','','','','','','','','','','','','','','','','',NULL,'','','','','','','','','','','',NULL,'',NULL,NULL,NULL,'','','','','','','Y','Y','Y',NULL,'','','',NULL,'','',NULL,NULL,'','','Y','a:0:{}'),
	(0000002282,'Mr.','Ballard','Ralph','Ralph','Ballard, Ralph','','M','2282','dcd57c0b2f61220eb93fa398ed746b99013d6c497a025073c6b1e937a2bcd8e5','','','N','Full','Y',004,'004',NULL,'2282@localhost','','','',NULL,'',NULL,0,'','','','','','','','','','','','','','','','','','','','','','','','','','','','','','','','','','',NULL,'','','','','','','','','','','',NULL,'',NULL,NULL,NULL,'','','','','','','Y','Y','Y',NULL,'','','',NULL,'','',NULL,NULL,'','','Y','a:0:{}'),
	(0000002283,'','Frye','Theresa','Theresa','Frye, Theresa','','F','2283','dcd57c0b2f61220eb93fa398ed746b99013d6c497a025073c6b1e937a2bcd8e5','','','N','Full','Y',003,'003',NULL,'2283@localhost','','','',NULL,'',NULL,0,'','','','','','','','','','','','','','','','','','','','','','','','','','','','','','','','','','',NULL,'','','','','','','','','','','',NULL,'',NULL,NULL,NULL,'','','','','','','Y','Y','Y',NULL,'','','',NULL,'','',NULL,NULL,'','','Y','a:0:{}'),
	(0000002284,'Mr.','Frye','Emmalee','Emmalee','Frye, Emmalee','','M','2284','dcd57c0b2f61220eb93fa398ed746b99013d6c497a025073c6b1e937a2bcd8e5','','','N','Full','Y',004,'004',NULL,'2284@localhost','','','',NULL,'',NULL,0,'','','','','','','','','','','','','','','','','','','','','','','','','','','','','','','','','','',NULL,'','','','','','','','','','','',NULL,'',NULL,NULL,NULL,'','','','','','','Y','Y','Y',NULL,'','','',NULL,'','',NULL,NULL,'','','Y','a:0:{}'),
	(0000002285,'Ms.','York','Jillian','Jillian','York, Jillian','','F','2285','dcd57c0b2f61220eb93fa398ed746b99013d6c497a025073c6b1e937a2bcd8e5','','','N','Full','Y',004,'004',NULL,'2285@localhost','','','',NULL,'',NULL,0,'','','','','','','','','','','','','','','','','','','','','','','','','','','','','','','','','','',NULL,'','','','','','','','','','','',NULL,'',NULL,NULL,NULL,'','','','','','','Y','Y','Y',NULL,'','','',NULL,'','',NULL,NULL,'','','Y','a:0:{}'),
	(0000002286,'','Beck','Joselyn','Joselyn','Beck, Joselyn','','F','2286','dcd57c0b2f61220eb93fa398ed746b99013d6c497a025073c6b1e937a2bcd8e5','','','N','Full','Y',003,'003',NULL,'2286@localhost','','','',NULL,'',NULL,0,'','','','','','','','','','','','','','','','','','','','','','','','','','','','','','','','','','',NULL,'','','','','','','','','','','',009,'',NULL,NULL,000,'','','','','','','Y','Y','Y',NULL,'','','',NULL,'','',NULL,NULL,'','','Y','a:0:{}'),
	(0000002287,'Mrs.','Blanchard','Alaina','Alaina','Blanchard, Alaina','','F','2287','dcd57c0b2f61220eb93fa398ed746b99013d6c497a025073c6b1e937a2bcd8e5','','','N','Full','Y',004,'004',NULL,'2287@localhost','','','',NULL,'',NULL,0,'','','','','','','','','','','','','','','','','','','','','','','','','','','','','','','','','','',NULL,'','','','','','','','','','','',NULL,'',NULL,NULL,NULL,'','','','','','','Y','Y','Y',NULL,'','','',NULL,'','',NULL,NULL,'','','Y','a:0:{}'),
	(0000002288,'Mr.','Calhoun','Ariel','Ariel','Calhoun, Ariel','','M','2288','dcd57c0b2f61220eb93fa398ed746b99013d6c497a025073c6b1e937a2bcd8e5','','','N','Full','Y',004,'004',NULL,'2288@localhost','','','',NULL,'',NULL,0,'','','','','','','','','','','','','','','','','','','','','','','','','','','','','','','','','','',NULL,'','','','','','','','','','','',NULL,'',NULL,NULL,NULL,'','','','','','','Y','Y','Y',NULL,'','','',NULL,'','',NULL,NULL,'','','Y','a:0:{}'),
	(0000002289,'Mr.','York','Jovan','Jovan','York, Jovan','','M','2289','dcd57c0b2f61220eb93fa398ed746b99013d6c497a025073c6b1e937a2bcd8e5','','','N','Full','Y',006,'006',NULL,'2289@localhost','','','',NULL,'',NULL,0,'','','','','','','','','','','','','','','','','','','','','','','','','','','','','','','','','','',NULL,'','','','','','','','','','','',NULL,'',NULL,NULL,NULL,'','','','','','','Y','Y','Y',NULL,'','','',NULL,'','',NULL,NULL,'','','Y','a:0:{}'),
	(0000002290,'Ms.','Delacruz','Penelope','Penelope','Delacruz, Penelope','','F','2290','dcd57c0b2f61220eb93fa398ed746b99013d6c497a025073c6b1e937a2bcd8e5','','','N','Full','Y',021,'021',NULL,'2290@localhost','','','',NULL,'',NULL,0,'','','','','','','','','','','','','','','','','','','','','','','','','','','','','','','','','','',NULL,'','','','','','','','','','','',NULL,'',NULL,NULL,NULL,'','','','','','','Y','Y','Y',NULL,'','','',NULL,'','',NULL,NULL,'','','Y','a:0:{}'),
	(0000002291,'Mr.','Mueller','Randy','Randy','Mueller, Randy','','M','2291','dcd57c0b2f61220eb93fa398ed746b99013d6c497a025073c6b1e937a2bcd8e5','','','N','Full','Y',021,'021',NULL,'2291@localhost','','','',NULL,'',NULL,0,'','','','','','','','','','','','','','','','','','','','','','','','','','','','','','','','','','',NULL,'','','','','','','','','','','',NULL,'',NULL,NULL,NULL,'','','','','','','Y','Y','Y',NULL,'','','',NULL,'','',NULL,NULL,'','','Y','a:0:{}'),
	(0000002292,'Ms.','Walters','Dulce','Dulce','Walters, Dulce','','F','2292','dcd57c0b2f61220eb93fa398ed746b99013d6c497a025073c6b1e937a2bcd8e5','','','N','Full','Y',021,'021',NULL,'2292@localhost','','','',NULL,'',NULL,0,'','','','','','','','','','','','','','','','','','','','','','','','','','','','','','','','','','',NULL,'','','','','','','','','','','',NULL,'',NULL,NULL,NULL,'','','','','','','Y','Y','Y',NULL,'','','',NULL,'','',NULL,NULL,'','','Y','a:0:{}'),
	(0000002293,'','Solomon','Aidyn','Aidyn','Solomon, Aidyn','','M','2293','dcd57c0b2f61220eb93fa398ed746b99013d6c497a025073c6b1e937a2bcd8e5','','','N','Full','Y',003,'003',NULL,'2293@localhost','','','',NULL,'',NULL,0,'','','','','','','','','','','','','','','','','','','','','','','','','','','','','','','','','','',NULL,'','','','','','','','','','','',NULL,'',NULL,NULL,NULL,'','','','','','','Y','Y','Y',NULL,'','','',NULL,'','',NULL,NULL,'','','Y','a:0:{}'),
	(0000002294,'Mr.','Solomon','Edward','Edward','Solomon, Edward','','M','2294','dcd57c0b2f61220eb93fa398ed746b99013d6c497a025073c6b1e937a2bcd8e5','','','N','Full','Y',004,'004',NULL,'2294@localhost','','','',NULL,'',NULL,0,'','','','','','','','','','','','','','','','','','','','','','','','','','','','','','','','','','',NULL,'','','','','','','','','','','',NULL,'',NULL,NULL,NULL,'','','','','','','Y','Y','Y',NULL,'','','',NULL,'','',NULL,NULL,'','','Y','a:0:{}'),
	(0000002295,'Ms.','Peters','Kara','Kara','Peters, Kara','','F','2295','dcd57c0b2f61220eb93fa398ed746b99013d6c497a025073c6b1e937a2bcd8e5','','','N','Full','Y',004,'004',NULL,'2295@localhost','','','',NULL,'',NULL,0,'','','','','','','','','','','','','','','','','','','','','','','','','','','','','','','','','','',NULL,'','','','','','','','','','','',NULL,'',NULL,NULL,NULL,'','','','','','','Y','Y','Y',NULL,'','','',NULL,'','',NULL,NULL,'','','Y','a:0:{}'),
	(0000002296,'','Simmons','America','America','Simmons, America','','F','2296','dcd57c0b2f61220eb93fa398ed746b99013d6c497a025073c6b1e937a2bcd8e5','','','N','Full','Y',003,'003',NULL,'2296@localhost','','','',NULL,'',NULL,0,'','','','','','','','','','','','','','','','','','','','','','','','','','','','','','','','','','',NULL,'','','','','','','','','','','',NULL,'',NULL,NULL,NULL,'','','','','','','Y','Y','Y',NULL,'','','',NULL,'','',NULL,NULL,'','','Y','a:0:{}'),
	(0000002297,'Ms.','Aguilar','Abigayle','Abigayle','Aguilar, Abigayle','','F','2297','dcd57c0b2f61220eb93fa398ed746b99013d6c497a025073c6b1e937a2bcd8e5','','','N','Full','Y',004,'004',NULL,'2297@localhost','','','',NULL,'',NULL,0,'','','','','','','','','','','','','','','','','','','','','','','','','','','','','','','','','','',NULL,'','','','','','','','','','','',NULL,'',NULL,NULL,NULL,'','','','','','','Y','Y','Y',NULL,'','','',NULL,'','',NULL,NULL,'','','Y','a:0:{}'),
	(0000002298,'Mr.','Simmons','Emiliano','Emiliano','Simmons, Emiliano','','M','2298','dcd57c0b2f61220eb93fa398ed746b99013d6c497a025073c6b1e937a2bcd8e5','','','N','Full','Y',004,'004',NULL,'2298@localhost','','','',NULL,'',NULL,0,'','','','','','','','','','','','','','','','','','','','','','','','','','','','','','','','','','',NULL,'','','','','','','','','','','',NULL,'',NULL,NULL,NULL,'','','','','','','Y','Y','Y',NULL,'','','',NULL,'','',NULL,NULL,'','','Y','a:0:{}'),
	(0000002299,'','Booth','Londyn','Londyn','Booth, Londyn','','F','2299','dcd57c0b2f61220eb93fa398ed746b99013d6c497a025073c6b1e937a2bcd8e5','','','N','Full','Y',003,'003',NULL,'2299@localhost','','','',NULL,'',NULL,0,'','','','','','','','','','','','','','','','','','','','','','','','','','','','uploads/2018/05/rkitao_passportscan_syk8t40vb70qnpmu.pdf','','','','','','',NULL,'','','','','','','','','','','',NULL,'',NULL,NULL,000,'','','','','','','Y','Y','Y',NULL,'','','',NULL,'','',NULL,NULL,'','','Y','a:0:{}'),
	(0000002300,'Mr.','Booth','Yahir','Yahir','Booth, Yahir','','M','2300','dcd57c0b2f61220eb93fa398ed746b99013d6c497a025073c6b1e937a2bcd8e5','','','N','Full','Y',004,'004',NULL,'2300@localhost','','','',NULL,'',NULL,0,'','','','','','','','','','','','','','','','','','','','','','','','','','','','','','','','','','',NULL,'','','','','','','','','','','',NULL,'',NULL,NULL,NULL,'','','','','','','Y','Y','Y',NULL,'','','',NULL,'','',NULL,NULL,'','','Y','a:0:{}'),
	(0000002301,'Mrs.','Booth','Ayana','Ayana','Booth, Ayana','','F','2301','dcd57c0b2f61220eb93fa398ed746b99013d6c497a025073c6b1e937a2bcd8e5','','','N','Full','Y',004,'004',NULL,'2301@localhost','','','',NULL,'',NULL,0,'','','','','','','','','','','','','','','','','','','','','','','','','','','','','','','','','','',NULL,'','','','','','','','','','','',NULL,'',NULL,NULL,NULL,'','','','','','','Y','Y','Y',NULL,'','','',NULL,'','',NULL,NULL,'','','Y','a:0:{}'),
	(0000002302,'','Hopkins','River','River','Hopkins, River','','M','2302','dcd57c0b2f61220eb93fa398ed746b99013d6c497a025073c6b1e937a2bcd8e5','','','N','Full','Y',003,'003',NULL,'2302@localhost','','','',NULL,'',NULL,0,'','','','','','','','','','','','','','','','','','','','','','','','','','','','','','','','','','',NULL,'','','','','','','','','','','',010,'',NULL,NULL,000,'','','','','','','Y','Y','Y',NULL,'','','',NULL,'','',NULL,NULL,'','','Y','a:0:{}'),
	(0000002303,'Ms.','Hatfield','Lara','Lara','Hatfield, Lara','','F','2303','dcd57c0b2f61220eb93fa398ed746b99013d6c497a025073c6b1e937a2bcd8e5','','','N','Full','Y',004,'004',NULL,'2303@localhost','','','',NULL,'',NULL,0,'','','','','','','','','','','','','','','','','','','','','','','','','','','','','','','','','','',NULL,'','','','','','','','','','','',NULL,'',NULL,NULL,NULL,'','','','','','','Y','Y','Y',NULL,'','','',NULL,'','',NULL,NULL,'','','Y','a:0:{}'),
	(0000002304,'Ms.','Hopkins','Alma','Alma','Hopkins, Alma','','F','2304','dcd57c0b2f61220eb93fa398ed746b99013d6c497a025073c6b1e937a2bcd8e5','','','N','Full','Y',004,'004',NULL,'2304@localhost','','','',NULL,'',NULL,0,'','','','','','','','','','','','','','','','','','','','','','','','','','','','','','','','','','',NULL,'','','','','','','','','','','',NULL,'',NULL,NULL,NULL,'','','','','','','Y','Y','Y',NULL,'','','',NULL,'','',NULL,NULL,'','','Y','a:0:{}'),
	(0000002305,'Ms.','Taylor','Shaniya','Shaniya','Taylor, Shaniya','','F','2305','dcd57c0b2f61220eb93fa398ed746b99013d6c497a025073c6b1e937a2bcd8e5','','','N','Full','Y',002,'002',NULL,'2305@localhost','','','',NULL,'',NULL,0,'','','','','','','','','','','','','','','','','','','','','','','','','','','','','','','','','','',NULL,'','','','','','','','','','','',NULL,'',NULL,NULL,NULL,'','','','','','','Y','Y','Y',NULL,'','','',NULL,'','',NULL,NULL,'','','Y','a:0:{}'),
	(0000002306,'','Hatfield','Kaleigh','Kaleigh','Hatfield, Kaleigh','','F','2306','dcd57c0b2f61220eb93fa398ed746b99013d6c497a025073c6b1e937a2bcd8e5','','','N','Full','Y',003,'003',NULL,'2306@localhost','','','',NULL,'',NULL,0,'','','','','','','','','','','','','','','','','','','','','','','','','','','','','','','','','','',NULL,'','','','','','','','','','','',009,'',NULL,NULL,000,'','','','','','','Y','Y','Y',NULL,'','','',NULL,'','',NULL,NULL,'','','Y','a:0:{}'),
	(0000002307,'Ms.','Ballard','Avery','Avery','Ballard, Avery','','F','2307','dcd57c0b2f61220eb93fa398ed746b99013d6c497a025073c6b1e937a2bcd8e5','','','N','Full','Y',004,'004',NULL,'2307@localhost','','','',NULL,'',NULL,0,'','','','','','','','','','','','','','','','','','','','','','','','','','','','','','','','','','',NULL,'','','','','','','','','','','',NULL,'',NULL,NULL,NULL,'','','','','','','Y','Y','Y',NULL,'','','',NULL,'','',NULL,NULL,'','','Y','a:0:{}'),
	(0000002308,'Mr.','Hatfield','Lennon','Lennon','Hatfield, Lennon','','M','2308','dcd57c0b2f61220eb93fa398ed746b99013d6c497a025073c6b1e937a2bcd8e5','','','N','Full','Y',004,'004',NULL,'2308@localhost','','','',NULL,'',NULL,0,'','','','','','','','','','','','','','','','','','','','','','','','','','','','','','','','','','',NULL,'','','','','','','','','','','',NULL,'',NULL,NULL,NULL,'','','','','','','Y','Y','Y',NULL,'','','',NULL,'','',NULL,NULL,'','','Y','a:0:{}'),
	(0000002309,'','Miles','Yamilet','Yamilet','Miles, Yamilet','','F','2309','dcd57c0b2f61220eb93fa398ed746b99013d6c497a025073c6b1e937a2bcd8e5','','','N','Full','Y',003,'003',NULL,'2309@localhost','','','',NULL,'',NULL,0,'','','','','','','','','','','','','','','','','','','','','','','','','','','','','','','','','','',NULL,'','','','','','','','','','','',009,'',NULL,NULL,000,'','','','','','','Y','Y','Y',NULL,'','','',NULL,'','',NULL,NULL,'','','Y','a:0:{}'),
	(0000002310,'Mrs.','Ellison','Frida','Frida','Ellison, Frida','','F','2310','dcd57c0b2f61220eb93fa398ed746b99013d6c497a025073c6b1e937a2bcd8e5','','','N','Full','Y',004,'004',NULL,'2310@localhost','','','',NULL,'',NULL,0,'','','','','','','','','','','','','','','','','','','','','','','','','','','','','','','','','','',NULL,'','','','','','','','','','','',NULL,'',NULL,NULL,NULL,'','','','','','','Y','Y','Y',NULL,'','','',NULL,'','',NULL,NULL,'','','Y','a:0:{}'),
	(0000002311,'Mr.','Allen','Nathanael','Nathanael','Allen, Nathanael','','M','2311','dcd57c0b2f61220eb93fa398ed746b99013d6c497a025073c6b1e937a2bcd8e5','','','N','Full','Y',004,'004',NULL,'2311@localhost','','','',NULL,'',NULL,0,'','','','','','','','','','','','','','','','','','','','','','','','','','','','','','','','','','',NULL,'','','','','','','','','','','',NULL,'',NULL,NULL,NULL,'','','','','','','Y','Y','Y',NULL,'','','',NULL,'','',NULL,NULL,'','','Y','a:0:{}'),
	(0000002313,'','Gardner','Ronin','Ronin','Gardner, Ronin','','M','2313','dcd57c0b2f61220eb93fa398ed746b99013d6c497a025073c6b1e937a2bcd8e5','','','N','Full','Y',003,'003',NULL,'2313@localhost','','','',NULL,'',NULL,0,'','','','','','','','','','','','','','','','','','','','','','','','','','','','','','','','','','',NULL,'','','','','','','','','','','',011,'',NULL,NULL,000,'','','','','','','Y','Y','Y',NULL,'','','',NULL,'','',NULL,NULL,'','','Y','a:0:{}'),
	(0000002314,'Mrs.','Gardner','Madelyn','Madelyn','Gardner, Madelyn','','F','2314','dcd57c0b2f61220eb93fa398ed746b99013d6c497a025073c6b1e937a2bcd8e5','','','N','Full','Y',004,'004',NULL,'2314@localhost','','','',NULL,'',NULL,0,'','','','','','','','','','','','','','','','','','','','','','','','','','','','','','','','','','',NULL,'','','','','','','','','','','',NULL,'',NULL,NULL,NULL,'','','','','','','Y','Y','Y',NULL,'','','',NULL,'','',NULL,NULL,'','','Y','a:0:{}'),
	(0000002315,'Mr.','Gardner','Rohan','Rohan','Gardner, Rohan','','M','2315','dcd57c0b2f61220eb93fa398ed746b99013d6c497a025073c6b1e937a2bcd8e5','','','N','Full','Y',004,'004',NULL,'2315@localhost','','','',NULL,'',NULL,0,'','','','','','','','','','','','','','','','','','','','','','','','','','','','','','','','','','',NULL,'','','','','','','','','','','',NULL,'',NULL,NULL,NULL,'','','','','','','Y','Y','Y',NULL,'','','',NULL,'','',NULL,NULL,'','','Y','a:0:{}'),
	(0000002316,'','Santana','Camilla','Camilla','Santana, Camilla','','M','2316','dcd57c0b2f61220eb93fa398ed746b99013d6c497a025073c6b1e937a2bcd8e5','','','Y','Full','Y',003,'003',NULL,'2316@localhost','','','',NULL,'',NULL,0,'','','','','','','','','','','','','','','','','','','','','','','','','','','','','','','','','','',NULL,'','','','','','','','','','','',010,'',NULL,NULL,000,'','','','','','','Y','Y','Y',NULL,'','','',NULL,'','',NULL,NULL,'','','Y','a:0:{}'),
	(0000002317,'Dr.','Santana','Ivy','Ivy','Santana, Ivy','','F','2317','dcd57c0b2f61220eb93fa398ed746b99013d6c497a025073c6b1e937a2bcd8e5','','','N','Full','Y',004,'004',NULL,'2317@localhost','','','',NULL,'',NULL,0,'','','','','','','','','','','','','','','','','','','','','','','','','','','','','','','','','','',NULL,'','','','','','','','','','','',NULL,'',NULL,NULL,NULL,'','','','','','','Y','Y','Y',NULL,'','','',NULL,'','',NULL,NULL,'','','Y','a:0:{}'),
	(0000002318,'Mr.','Santana','Eugene','Eugene','Santana, Eugene','','M','2318','dcd57c0b2f61220eb93fa398ed746b99013d6c497a025073c6b1e937a2bcd8e5','','','N','Full','Y',004,'004',NULL,'2318@localhost','','','',NULL,'',NULL,0,'','','','','','','','','','','','','','','','','','','','','','','','','','','','','','','','','','',NULL,'','','','','','','','','','','',NULL,'',NULL,NULL,NULL,'','','','','','','Y','Y','Y',NULL,'','','',NULL,'','',NULL,NULL,'','','Y','a:0:{}'),
	(0000002319,'','Golden','Sierra','Sierra','Golden, Sierra','','F','2319','dcd57c0b2f61220eb93fa398ed746b99013d6c497a025073c6b1e937a2bcd8e5','','','N','Full','Y',003,'003',NULL,'2319@localhost','','','',NULL,'',NULL,0,'','','','','','','','','','','','','','','','','','','','','','','','','','','','','','','','','','',NULL,'','','','','','','','','','','',NULL,'',NULL,NULL,NULL,'','','','','','','Y','Y','Y',NULL,'','','',NULL,'','',NULL,NULL,'','','Y','a:0:{}'),
	(0000002320,'Ms.','Solomon','Nathalia','Nathalia','Solomon, Nathalia','','F','2320','dcd57c0b2f61220eb93fa398ed746b99013d6c497a025073c6b1e937a2bcd8e5','','','N','Full','Y',004,'004',NULL,'2320@localhost','','','',NULL,'',NULL,0,'','','','','','','','','','','','','','','','','','','','','','','','','','','','','','','','','','',NULL,'','','','','','','','','','','',NULL,'',NULL,NULL,NULL,'','','','','','','Y','Y','Y',NULL,'','','',NULL,'','',NULL,NULL,'','','Y','a:0:{}'),
	(0000002321,'Mr.','Golden','Nathanael','Nathanael','Golden, Nathanael','','M','2321','dcd57c0b2f61220eb93fa398ed746b99013d6c497a025073c6b1e937a2bcd8e5','','','N','Full','Y',004,'004',NULL,'2321@localhost','','','',NULL,'',NULL,0,'','','','','','','','','','','','','','','','','','','','','','','','','','','','','','','','','','',NULL,'','','','','','','','','','','',NULL,'',NULL,NULL,NULL,'','','','','','','Y','Y','Y',NULL,'','','',NULL,'','',NULL,NULL,'','','Y','a:0:{}'),
	(0000002322,'','Simpson','Abby','Abby','Simpson, Abby','','F','2322','dcd57c0b2f61220eb93fa398ed746b99013d6c497a025073c6b1e937a2bcd8e5','','','N','Full','Y',021,'021',NULL,'2322@localhost','','','',NULL,'',NULL,0,'','','','','','','','','','','','','','','','','','','','','','','','','','','','','','','','','','',NULL,'','','','','','','','','','','',NULL,'',NULL,NULL,NULL,'','','','','','','Y','Y','Y',NULL,'','','',NULL,'','',NULL,NULL,'','','Y','a:0:{}'),
	(0000002323,'','Terrell','Bo','Bo','Terrell, Bo','','M','2323','dcd57c0b2f61220eb93fa398ed746b99013d6c497a025073c6b1e937a2bcd8e5','','','N','Full','Y',003,'003',NULL,'2323@localhost','','','',NULL,'',NULL,0,'','','','','','','','','','','','','','','','','','','','','','','','','','','','uploads/2018/05/alehmuskallio_passportscan_jr6dx4bc6u3uwx.pdf','','','','','','',NULL,'','','','','','','','','','','',NULL,'',NULL,NULL,000,'','','','','','','Y','Y','Y',NULL,'','','',NULL,'','',NULL,NULL,'','','Y','a:0:{}'),
	(0000002324,'Mr.','Terrell','Emmett','Emmett','Terrell, Emmett','','M','2324','dcd57c0b2f61220eb93fa398ed746b99013d6c497a025073c6b1e937a2bcd8e5','','','N','Full','Y',004,'004',NULL,'2324@localhost','','','',NULL,'',NULL,0,'','','','','','','','','','','','','','','','','','','','','','','','','','','','','','','','','','',NULL,'','','','','','','','','','','',NULL,'',NULL,NULL,NULL,'','','','','','','Y','Y','Y',NULL,'','','',NULL,'','',NULL,NULL,'','','Y','a:0:{}'),
	(0000002325,'Mrs.','Maddox','Scarlett','Scarlett','Maddox, Scarlett','','F','2325','dcd57c0b2f61220eb93fa398ed746b99013d6c497a025073c6b1e937a2bcd8e5','','','N','Full','Y',004,'004',NULL,'2325@localhost','','','',NULL,'',NULL,0,'','','','','','','','','','','','','','','','','','','','','','','','','','','','','','','','','','',NULL,'','','','','','','','','','','',NULL,'',NULL,NULL,NULL,'','','','','','','Y','Y','Y',NULL,'','','',NULL,'','',NULL,NULL,'','','Y','a:0:{}'),
	(0000002326,'','Phillips','Annika','Annika','Phillips, Annika','','M','2326','dcd57c0b2f61220eb93fa398ed746b99013d6c497a025073c6b1e937a2bcd8e5','','','N','Full','Y',002,'002',NULL,'2326@localhost','','','',NULL,'',NULL,0,'','','','','','','','','','','','','','','','','','','','','','','','','','','','','','','','','','',NULL,'','','','','','','','','','','',NULL,'',NULL,NULL,NULL,'','','','','','','Y','Y','Y',NULL,'','','',NULL,'','',NULL,NULL,'','','Y','a:0:{}'),
	(0000002327,'','Mcmillan','Aarav','Aarav','Mcmillan, Aarav','','M','2327','dcd57c0b2f61220eb93fa398ed746b99013d6c497a025073c6b1e937a2bcd8e5','','','N','Full','Y',003,'003',NULL,'2327@localhost','','','',NULL,'',NULL,0,'','','','','','','','','','','','','','','','','','','','','','','','','','','','','','','','','','',NULL,'','','','','','','','','','','',009,'',NULL,NULL,000,'','','','','','','Y','Y','Y',NULL,'','','',NULL,'','',NULL,NULL,'','','Y','a:0:{}'),
	(0000002328,'Ms.','Ellison','Monique','Monique','Ellison, Monique','','F','2328','dcd57c0b2f61220eb93fa398ed746b99013d6c497a025073c6b1e937a2bcd8e5','','','N','Full','Y',004,'004',NULL,'2328@localhost','','','',NULL,'',NULL,0,'','','','','','','','','','','','','','','','','','','','','','','','','','','','','','','','','','',NULL,'','','','','','','','','','','',NULL,'',NULL,NULL,NULL,'','','','','','','Y','Y','Y',NULL,'','','',NULL,'','',NULL,NULL,'','','Y','a:0:{}'),
	(0000002329,'Mr.','Mcmillan','Victor','Victor','Mcmillan, Victor','','M','2329','dcd57c0b2f61220eb93fa398ed746b99013d6c497a025073c6b1e937a2bcd8e5','','','N','Full','Y',004,'004',NULL,'2329@localhost','','','',NULL,'',NULL,0,'','','','','','','','','','','','','','','','','','','','','','','','','','','','','','','','','','',NULL,'','','','','','','','','','','',NULL,'',NULL,NULL,NULL,'','','','','','','Y','Y','Y',NULL,'','','',NULL,'','',NULL,NULL,'','','Y','a:0:{}'),
	(0000002330,'','Welch','Jaidyn','Jaidyn','Welch, Jaidyn','','M','2330','dcd57c0b2f61220eb93fa398ed746b99013d6c497a025073c6b1e937a2bcd8e5','','','N','Full','Y',003,'003',NULL,'2330@localhost','','','',NULL,'',NULL,0,'','','','','','','','','','','','','','','','','','','','','','','','','','','','','','','','','','',NULL,'','','','','','','','','','','',NULL,'',NULL,NULL,NULL,'','','','','','','Y','Y','Y',NULL,'','','',NULL,'','',NULL,NULL,'','','Y','a:0:{}'),
	(0000002331,'Dr.','Welch','Carter','Carter','Welch, Carter','','M','2331','dcd57c0b2f61220eb93fa398ed746b99013d6c497a025073c6b1e937a2bcd8e5','','','N','Full','Y',004,'004',NULL,'2331@localhost','','','',NULL,'',NULL,0,'','','','','','','','','','','','','','','','','','','','','','','','','','','','','','','','','','',NULL,'','','','','','','','','','','',NULL,'',NULL,NULL,NULL,'','','','','','','Y','Y','Y',NULL,'','','',NULL,'','',NULL,NULL,'','','Y','a:0:{}'),
	(0000002332,'Miss','Golden','Joselyn','Joselyn','Golden, Joselyn','','F','2332','dcd57c0b2f61220eb93fa398ed746b99013d6c497a025073c6b1e937a2bcd8e5','','','N','Full','Y',004,'004',NULL,'2332@localhost','','','',NULL,'',NULL,0,'','','','','','','','','','','','','','','','','','','','','','','','','','','','','','','','','','',NULL,'','','','','','','','','','','',NULL,'',NULL,NULL,NULL,'','','','','','','Y','Y','Y',NULL,'','','',NULL,'','',NULL,NULL,'','','Y','a:0:{}'),
	(0000002333,'','Boone','Ashton','Ashton','Boone, Ashton','','M','2333','dcd57c0b2f61220eb93fa398ed746b99013d6c497a025073c6b1e937a2bcd8e5','','','N','Full','Y',003,'003',NULL,'2333@localhost','','','',NULL,'',NULL,0,'','','','','','','','','','','','','','','','','','','','','','','','','','','','','','','','','','',NULL,'','','','','','','','','','','',NULL,'',NULL,NULL,NULL,'','','','','','','Y','Y','Y',NULL,'','','',NULL,'','',NULL,NULL,'','','Y','a:0:{}'),
	(0000002334,'','Ellison','Jazmin','Jazmin','Ellison, Jazmin','','F','2334','dcd57c0b2f61220eb93fa398ed746b99013d6c497a025073c6b1e937a2bcd8e5','','','N','Full','Y',003,'003',NULL,'2334@localhost','','','',NULL,'',NULL,0,'','','','','','','','','','','','','','','','','','','','','','','','','','','','','','','','','','',NULL,'','','','','','','','','','','',NULL,'',NULL,NULL,NULL,'','','','','','','Y','Y','Y',NULL,'','','',NULL,'','',NULL,NULL,'','','Y','a:0:{}'),
	(0000002335,'Ms.','Espinoza','Evie','Evie','Espinoza, Evie','','F','2335','dcd57c0b2f61220eb93fa398ed746b99013d6c497a025073c6b1e937a2bcd8e5','','','N','Full','Y',004,'004',NULL,'2335@localhost','','','',NULL,'',NULL,0,'','','','','','','','','','','','','','','','','','','','','','','','','','','','','','','','','','',NULL,'','','','','','','','','','','',NULL,'',NULL,NULL,NULL,'','','','','','','Y','Y','Y',NULL,'','','',NULL,'','',NULL,NULL,'','','Y','a:0:{}'),
	(0000002336,'Mr.','Ellison','Xzavier','Xzavier','Ellison, Xzavier','','M','2336','dcd57c0b2f61220eb93fa398ed746b99013d6c497a025073c6b1e937a2bcd8e5','','','N','Full','Y',004,'004',NULL,'2336@localhost','','','',NULL,'',NULL,0,'','','','','','','','','','','','','','','','','','','','','','','','','','','','','','','','','','',NULL,'','','','','','','','','','','',NULL,'',NULL,NULL,NULL,'','','','','','','Y','Y','Y',NULL,'','','',NULL,'','',NULL,NULL,'','','Y','a:0:{}'),
	(0000002337,'','Blanchard','Frank','Frank','Blanchard, Frank','','M','2337','dcd57c0b2f61220eb93fa398ed746b99013d6c497a025073c6b1e937a2bcd8e5','','','N','Full','Y',003,'003',NULL,'2337@localhost','','','',NULL,'',NULL,0,'','','','','','','','','','','','','','','','','','','','','','','','','','','','','','','','','','',NULL,'','','','','','','','','','','',NULL,'',NULL,NULL,NULL,'','','','','','','Y','Y','Y',NULL,'','','',NULL,'','',NULL,NULL,'','','Y','a:0:{}'),
	(0000002338,'Mr.','Blanchard','Davis','Davis','Blanchard, Davis','','M','2338','dcd57c0b2f61220eb93fa398ed746b99013d6c497a025073c6b1e937a2bcd8e5','','','N','Full','Y',004,'004',NULL,'2338@localhost','','','',NULL,'',NULL,0,'','','','','','','','','','','','','','','','','','','','','','','','','','','','','','','','','','',NULL,'','','','','','','','','','','',NULL,'',NULL,NULL,NULL,'','','','','','','Y','Y','Y',NULL,'','','',NULL,'','',NULL,NULL,'','','Y','a:0:{}'),
	(0000002339,'Ms.','Cardenas','Giuliana','Giuliana','Cardenas, Giuliana','','F','2339','dcd57c0b2f61220eb93fa398ed746b99013d6c497a025073c6b1e937a2bcd8e5','','','N','Full','Y',004,'004',NULL,'2339@localhost','','','',NULL,'',NULL,0,'','','','','','','','','','','','','','','','','','','','','','','','','','','','','','','','','','',NULL,'','','','','','','','','','','',NULL,'',NULL,NULL,NULL,'','','','','','','Y','Y','Y',NULL,'','','',NULL,'','',NULL,NULL,'','','Y','a:0:{}'),
	(0000002340,'','Beck','Marley','Marley','Beck, Marley','','M','2340','dcd57c0b2f61220eb93fa398ed746b99013d6c497a025073c6b1e937a2bcd8e5','','','N','Full','Y',003,'003',NULL,'2340@localhost','','','',NULL,'',NULL,0,'','','','','','','','','','','','','','','','','','','','','','','','','','','','','','','','','','',NULL,'','','','','','','','','','','',NULL,'',NULL,NULL,NULL,'','','','','','','Y','Y','Y',NULL,'','','',NULL,'','',NULL,NULL,'','','Y','a:0:{}'),
	(0000002341,'Mrs.','Schneider','Gisselle','Gisselle','Schneider, Gisselle','','F','2341','dcd57c0b2f61220eb93fa398ed746b99013d6c497a025073c6b1e937a2bcd8e5','','','N','Full','Y',004,'004',NULL,'2341@localhost','','','',NULL,'',NULL,0,'','','','','','','','','','','','','','','','','','','','','','','','','','','','','','','','','','',NULL,'','','','','','','','','','','',NULL,'',NULL,NULL,NULL,'','','','','','','Y','Y','Y',NULL,'','','',NULL,'','',NULL,NULL,'','','Y','a:0:{}'),
	(0000002342,'Mr.','Beck','Hugo','Hugo','Beck, Hugo','','M','2342','dcd57c0b2f61220eb93fa398ed746b99013d6c497a025073c6b1e937a2bcd8e5','','','N','Full','Y',004,'004',NULL,'2342@localhost','','','',NULL,'',NULL,0,'','','','','','','','','','','','','','','','','','','','','','','','','','','','','','','','','','',NULL,'','','','','','','','','','','',NULL,'',NULL,NULL,NULL,'','','','','','','Y','Y','Y',NULL,'','','',NULL,'','',NULL,NULL,'','','Y','a:0:{}');

/*!40000 ALTER TABLE `gibbonPerson` ENABLE KEYS */;
UNLOCK TABLES;


# Dump of table gibbonPlannerEntry
# ------------------------------------------------------------

LOCK TABLES `gibbonPlannerEntry` WRITE;
/*!40000 ALTER TABLE `gibbonPlannerEntry` DISABLE KEYS */;

INSERT INTO `gibbonPlannerEntry` (`gibbonPlannerEntryID`, `gibbonCourseClassID`, `gibbonHookID`, `gibbonUnitID`, `date`, `timeStart`, `timeEnd`, `name`, `summary`, `description`, `teachersNotes`, `homework`, `homeworkDueDateTime`, `homeworkDetails`, `homeworkSubmission`, `homeworkSubmissionDateOpen`, `homeworkSubmissionDrafts`, `homeworkSubmissionType`, `homeworkSubmissionRequired`, `homeworkCrowdAssess`, `homeworkCrowdAssessOtherTeachersRead`, `homeworkCrowdAssessOtherParentsRead`, `homeworkCrowdAssessClassmatesParentsRead`, `homeworkCrowdAssessSubmitterParentsRead`, `homeworkCrowdAssessOtherStudentsRead`, `homeworkCrowdAssessClassmatesRead`, `viewableStudents`, `viewableParents`, `gibbonPersonIDCreator`, `gibbonPersonIDLastEdit`)
VALUES
	(00000000000001,00002153,NULL,0000003065,'2018-08-21','09:40:00','10:50:00','Epic Wallpaper 1','Want To Make Some Eye Candy?, Assessment, Getting Started With Acorn, Fi...','','','N',NULL,'','N',NULL,NULL,'','Optional','N','N','N','N','N','N','N','Y','Y',0000000001,0000000001),
	(00000000000002,00002153,NULL,0000003065,'2018-08-27','11:10:00','12:20:00','Epic Wallpaper 2','Why So Big?, Layers, Finding A Silhouette, Making A Cutout, Find A Backg...','','','N',NULL,'','N',NULL,NULL,'','Optional','N','N','N','N','N','N','N','Y','Y',0000000001,0000000001),
	(00000000000003,00002153,NULL,0000003065,'2018-08-27','14:20:00','15:30:00','Epic Wallpaper 3','Hong Kong Style, Apply Your Background, Playtime, Filters, Playtime','','','N',NULL,'','N',NULL,NULL,'','Optional','N','N','N','N','N','N','N','Y','Y',0000000001,0000000001),
	(00000000000004,00002153,NULL,0000003065,'2018-08-28','09:40:00','10:50:00','Epic Wallpaper 4','Creative Commons License, Text Controls, Playtime','','','N',NULL,'','N',NULL,NULL,'','Optional','N','N','N','N','N','N','N','Y','Y',0000000001,0000000001),
	(00000000000005,00002153,NULL,0000003065,'2018-09-04','09:40:00','10:50:00','Epic Wallpaper 5','Finish, Export & Submit, Raster vs. Vector','','','N',NULL,'','N',NULL,NULL,'','Optional','N','N','N','N','N','N','N','Y','Y',0000000001,0000000001);

/*!40000 ALTER TABLE `gibbonPlannerEntry` ENABLE KEYS */;
UNLOCK TABLES;


# Dump of table gibbonResource
# ------------------------------------------------------------

LOCK TABLES `gibbonResource` WRITE;
/*!40000 ALTER TABLE `gibbonResource` DISABLE KEYS */;

INSERT INTO `gibbonResource` (`gibbonResourceID`, `name`, `description`, `gibbonYearGroupIDList`, `type`, `category`, `purpose`, `tags`, `content`, `gibbonPersonID`, `timestamp`)
VALUES
	(00000000000001,'TED.com','','001,002,003,004,005,006,007','Link','Website','Inspiration','video,expert,allsubjects,self,ted,keynote','http://www.ted.com',0000000001,'2011-10-17 01:14:45'),
	(00000000000002,'rossparker.org','','001,002,003,004,005,006,007','Link','Website','Inspiration','ross parker,resource,blog,teacher,video,cpd,units,lessons','http://rossparker.org',0000000001,'2011-10-17 01:16:14'),
	(00000000000003,'If by Rudyard Kippling','','001,002,003,004,005,006,007','HTML','Poetry','Inspiration','rudyard kipling,poetry,english,literature,self,man,values','<p><span style=\"font-family: Arial;\">IF you can keep your head when all about you <br /> Are losing theirs and blaming it on you,<br /> If you can trust yourself when all men doubt you,<br /> But make allowance for their doubting too;<br /> If you can wait and not be tired by waiting,<br /> Or being lied about, don\'t deal in lies,<br /> Or being hated, don\'t give way to hating,<br /> And yet don\'t look too good, nor talk too wise:<p>If you can dream - and not make dreams your master;<br /> If you can think - and not make thoughts your aim;<br /> If you can meet with Triumph and Disaster<br /> And treat those two impostors just the same;<br /> If you can bear to hear the truth you\'ve spoken<br /> Twisted by knaves to make a trap for fools,<br /> Or watch the things you gave your life to, broken,<br /> And stoop and build \'em up with worn-out tools:</p><p>If you can make one heap of all your winnings <br /> And risk it on one turn of pitch-and-toss,<br /> And lose, and start again at your beginnings<br /> And never breathe a word about your loss;<br /> If you can force your heart and nerve and sinew<br /> To serve your turn long after they are gone,<br /> And so hold on when there is nothing in you<br /> Except the Will which says to them: \'Hold on!\'</p><p>If you can talk with crowds and keep your virtue,<br /> \' Or walk with Kings - nor lose the common touch,<br /> if neither foes nor loving friends can hurt you,<br /> If all men count with you, but none too much;<br /> If you can fill the unforgiving minute<br /> With sixty seconds\' worth of distance run,<br /> Yours is the Earth and everything that\'s in it,<br /> And - which is more - you\'ll be a Man, my son!</p></span></p>',0000000001,'2011-10-17 01:17:53'),
	(00000000000004,'Human Eye in Slow Motion','','001,002,003,004,005,006,007','Link','Video','Other','biology,science,eye','http://www.youtube.com/watch?v=ySMtB5nWxPs#!',0000000001,'2011-10-19 04:13:48'),
	(00000000000005,'iGenius: Steve Jobs','','001,002,003,004,005,006,007','Link','Video','Other','ict,technology,steve jobs,apple,change,culture,business','http://www.youtube.com/watch?v=O1JNLK8fiII#!',0000000001,'2011-10-19 14:44:32'),
	(00000000000006,'The Plastic Bag','','001,002,003,004,005,006,007','HTML','Video','Other','eag,plastic,waste,mockumentary,video,youtube,embed','<p><iframe src=\"http://www.youtube.com/embed/GLgh9h2ePYw\" frameborder=\"0\" height=\"315\" width=\"560\"></iframe></p>',0000000001,'2011-10-21 17:46:18');

/*!40000 ALTER TABLE `gibbonResource` ENABLE KEYS */;
UNLOCK TABLES;


# Dump of table gibbonResourceTag
# ------------------------------------------------------------

LOCK TABLES `gibbonResourceTag` WRITE;
/*!40000 ALTER TABLE `gibbonResourceTag` DISABLE KEYS */;

INSERT INTO `gibbonResourceTag` (`gibbonResourceTagID`, `tag`, `count`)
VALUES
	(000000000001,'allsubjects',1),
	(000000000002,'apple',1),
	(000000000003,'biology',1),
	(000000000004,'blog',1),
	(000000000005,'business',1),
	(000000000006,'change',1),
	(000000000007,'cpd',1),
	(000000000008,'culture',1),
	(000000000009,'eag',1),
	(000000000010,'embed',1),
	(000000000011,'english',1),
	(000000000012,'expert',1),
	(000000000013,'eye',1),
	(000000000014,'ict',1),
	(000000000015,'keynote',1),
	(000000000016,'lessons',1),
	(000000000017,'literature',1),
	(000000000018,'man',1),
	(000000000019,'mockumentary',1),
	(000000000020,'plastic',1),
	(000000000021,'poetry',1),
	(000000000022,'resource',1),
	(000000000023,'ross parker',1),
	(000000000024,'rudyard kipling',1),
	(000000000025,'science',1),
	(000000000026,'self',2),
	(000000000027,'steve jobs',1),
	(000000000028,'teacher',1),
	(000000000029,'technology',1),
	(000000000030,'ted',1),
	(000000000031,'units',1),
	(000000000032,'values',1),
	(000000000033,'video',3),
	(000000000034,'waste',1),
	(000000000035,'youtube',1);

/*!40000 ALTER TABLE `gibbonResourceTag` ENABLE KEYS */;
UNLOCK TABLES;


# Dump of table gibbonRollGroup
# ------------------------------------------------------------

LOCK TABLES `gibbonRollGroup` WRITE;
/*!40000 ALTER TABLE `gibbonRollGroup` DISABLE KEYS */;

INSERT INTO `gibbonRollGroup` (`gibbonRollGroupID`, `gibbonSchoolYearID`, `name`, `nameShort`, `gibbonPersonIDTutor`, `gibbonPersonIDTutor2`, `gibbonPersonIDTutor3`, `gibbonPersonIDEA`, `gibbonPersonIDEA2`, `gibbonPersonIDEA3`, `gibbonSpaceID`, `gibbonRollGroupIDNext`, `attendance`, `website`)
VALUES
	(00123,024,'07.1','07.1',0000000866,NULL,NULL,NULL,NULL,NULL,NULL,00000,'Y',''),
	(00124,024,'07.2','07.2',0000001506,NULL,NULL,NULL,NULL,NULL,NULL,00000,'Y',''),
	(00125,024,'07.3','07.3',0000001778,0000002096,NULL,NULL,NULL,NULL,NULL,00000,'Y',''),
	(00126,024,'08.1','08.1',0000001123,NULL,NULL,NULL,NULL,NULL,NULL,00000,'Y',''),
	(00127,024,'08.2','08.2',0000002134,NULL,NULL,NULL,NULL,NULL,NULL,00000,'Y',''),
	(00128,024,'08.3','08.3',0000002326,NULL,NULL,NULL,NULL,NULL,NULL,00000,'Y',''),
	(00129,024,'09.1','09.1',0000001104,NULL,NULL,NULL,NULL,NULL,NULL,00000,'Y',''),
	(00130,024,'09.2','09.2',0000000198,NULL,NULL,NULL,NULL,NULL,NULL,00000,'Y',''),
	(00132,024,'10.1','10.1',0000002026,NULL,NULL,NULL,NULL,NULL,NULL,00000,'Y',''),
	(00133,024,'10.2','10.2',0000000870,NULL,NULL,NULL,NULL,NULL,NULL,00000,'Y',''),
	(00134,024,'11.1','11.1',0000001776,NULL,NULL,NULL,NULL,NULL,NULL,00000,'Y',''),
	(00135,024,'11.2','11.2',0000001119,NULL,NULL,NULL,NULL,NULL,NULL,00000,'Y',''),
	(00136,024,'12.1','12.1',0000002027,0000001122,NULL,NULL,NULL,NULL,NULL,00000,'Y',''),
	(00137,024,'13.1','13.1',0000000869,NULL,NULL,NULL,NULL,NULL,NULL,00000,'Y',''),
	(00138,024,'12.2','12.2',0000000144,0000001122,NULL,NULL,NULL,NULL,NULL,00000,'Y',''),
	(00140,024,'09.3','09.3',0000002028,NULL,NULL,NULL,NULL,NULL,NULL,00000,'Y',''),
	(00141,024,'11.3','11.3',0000000120,NULL,NULL,NULL,NULL,NULL,NULL,00000,'Y',''),
	(00142,024,'13.2','13.2',0000000867,NULL,NULL,NULL,NULL,NULL,NULL,00000,'Y','');

/*!40000 ALTER TABLE `gibbonRollGroup` ENABLE KEYS */;
UNLOCK TABLES;


# Dump of table gibbonRubric
# ------------------------------------------------------------

LOCK TABLES `gibbonRubric` WRITE;
/*!40000 ALTER TABLE `gibbonRubric` DISABLE KEYS */;

INSERT INTO `gibbonRubric` (`gibbonRubricID`, `name`, `category`, `description`, `active`, `scope`, `gibbonDepartmentID`, `gibbonYearGroupIDList`, `gibbonScaleID`, `gibbonPersonIDCreator`)
VALUES
	(00000016,'Y7-9 ICT & Media Rubric','ICT & Media','Unified rubric for ICT & Media in Key Stage 3.','N','Learning Area',0017,'001,002,003',00015,00000001),
	(00000159,'Approach to Learning Rubric v2','','','Y','School',NULL,'001,002,003,004,005,006,007',NULL,00000001);

/*!40000 ALTER TABLE `gibbonRubric` ENABLE KEYS */;
UNLOCK TABLES;


# Dump of table gibbonRubricCell
# ------------------------------------------------------------

LOCK TABLES `gibbonRubricCell` WRITE;
/*!40000 ALTER TABLE `gibbonRubricCell` DISABLE KEYS */;

INSERT INTO `gibbonRubricCell` (`gibbonRubricCellID`, `gibbonRubricID`, `gibbonRubricColumnID`, `gibbonRubricRowID`, `contents`)
VALUES
	(00000001793,00000016,000000103,000000118,'Able to find data by searching on key terms and then evaluating and refining search. Uses advanced search operators and functions, and searches by media other than text. Aware that some data is more reliable than others and uses and cites multiple sources. Understands that information quality affects reliability, and takes steps to identify and eliminate such data. Able to combine and refine data from multiple sources, using data sorting to improve efficiency.'),
	(00000001792,00000016,000000102,000000118,'Able to find data by searching on key terms and then evaluating and refining search. Uses advanced search operators and functions. Aware that some data is more reliable than others and uses and cites multiple sources. Understands that information quality affects reliability, and takes steps to identify such data. Able to combine and refine data from multiple sources.'),
	(00000001791,00000016,000000101,000000118,'Able to find data by searching on key terms and then evaluating and refining search. Aware that some data is more reliable than others and uses multiple sources. Understands that information quality affects reliability. Able to combine and refine data from multiple sources.'),
	(00000001787,00000016,000000101,000000117,'Interested in using a computer to perform a range of tasks, and able to complete many some such tasks. Displays interest in a range of hardware and software components and how they work together to form a functioning system (e.g. desktop PC). Willing to handle hardware components and work to install and use system and application software. '),
	(00000001788,00000016,000000102,000000117,'Actively uses a computer to perform a wide range of tasks and shows some understanding of when to work offline. Is able to complete all such tasks effectively.  Displays interest in a range of hardware, software and network components and how they work together to form a functioning system (e.g. desktop PC). Willing and able to handle hardware and network components and work to install and use system and application software. Able to make progress in tearing down and rebuilding a system. Selects appropriate tools for the task in hand. Able to use manuals, documentation and online guides to inform progress.'),
	(00000001790,00000016,000000100,000000118,'Able to find data by searching on key terms and then refining search. Aware that some data is more reliable than others. Understands that information quality affects reliability. Able to combine data from multiple sources.'),
	(00000001789,00000016,000000103,000000117,'Actively uses a computer to perform a wide range of tasks, but is discerning in understanding when to work offline. Is able to complete all such tasks effectively using multiple approaches.  Displays interest in a range of hardware, software and network components and how they work together to form a functioning system (e.g. desktop PC). Attempts troubleshooting when problems occur. Willing and able to handle hardware and network components and to install and use system and application software. Able to progress independently in tearing down and rebuilding a system. Selects appropriate tools for the task in hand and uses them carefully to achieve result. Able to use manuals, documentation and online guides to make progress and solve problems.'),
	(00000001785,00000016,000000103,000000116,'Understands that text, images, music and video are protected under copyright law, and that products and ideas can be protected by patents. Able to find, use and attribute materials shared under Creative Commons, and apply such a license to their own work. Makes use of  other permissive licenses, similar to Creative Commons. Understands that copyright can both promote and hinder creativity through the mechanisms of reward and remix. Understands that free sharing of ideas is key to the development of knowledge and education. Is familiar with the consequences of plagiarism.'),
	(00000001786,00000016,000000100,000000117,'Interesting in using a computer for some tasks. Displays interest in a range of hardware and software components within a functioning system (e.g. desktop PC). Willing to install and use application software. '),
	(00000001782,00000016,000000100,000000116,'Understands that text, images, music and video are protected under copyright law. Able to find and use materials shared under Creative Commons licenses. Is familiar with the consequences of plagiarism.'),
	(00000001783,00000016,000000101,000000116,'Understands that text, images, music and video are protected under copyright law. Able to find, use and attribute materials shared under Creative Commons licenses. Is familiar with the consequences of plagiarism.'),
	(00000001784,00000016,000000102,000000116,'Understands that text, images, music and video are protected under copyright law. Able to find, use and attribute materials shared under Creative Commons, and apply such a license to their own work. Understands that copyright can both promote and hinder creativity. Is familiar with the consequences of plagiarism.'),
	(00000001781,00000016,000000103,000000115,'Understands the distinction between the terms ICT and technology, and sees technology as anything man made. Understands that technology is central to and indivisible from modern living. Discusses their experience of using ICT and observations of its use in a variety of settings. Considers and discusses how ICT affects issues of personal safety, sustainability, individual behaviour, interpersonal relationships and societal change on a global scale. '),
	(00000001778,00000016,000000100,000000115,'Understands that the terms ICT and technology have different meanings. Describes their use of ICT and how ICT is used in a variety of other settings. Considers how ICT affects issues of personal safety.'),
	(00000001779,00000016,000000101,000000115,'Understands that the terms ICT and technology have different meanings. Compares their use of ICT with other, non-digital approaches. Considers the use of ICT in a variety of other settings, and how ICT affects issues of personal safety. '),
	(00000001780,00000016,000000102,000000115,'Understands the distinction between the terms ICT and technology, and sees technology as anything man made. Understands that technology is central to modern living. Discusses their experience of using ICT, as well as its use in a variety of other settings. Considers how ICT affects issues of personal safety and sustainability.'),
	(00000001776,00000016,000000102,000000114,'Able to work productively as an individual, in partnership or in a small group. Willing to contribute to a small or large group discussion. In group work, collaboration allows shared thinking and working, combined with individual work as needed.'),
	(00000001777,00000016,000000103,000000114,'Able to work efficiently and productively as an individual, in partnership or in a small group. Willing to contribute to small or large group discussion. In group work, collaboration allows shared thinking, deciding and working, combined with individual work as needed. Group work is effective whether in the same space, or dispersed.'),
	(00000001775,00000016,000000101,000000114,'Able to work productively as an individual, in partnership or in a small group. Willing to contribute to small group discussion.'),
	(00000001770,00000016,000000100,000000113,'Focuses on thinking skills relating to remembering and understanding (see Blooms Taxonomy). Makes links in knowledge between two units. Considers the effects of phenomena.'),
	(00000001771,00000016,000000101,000000113,'Demonstrates development of thinking skills relating to understanding, applying and analyzing (see Blooms Taxonomy). Makes links in knowledge between two units or subjects. Considers the causes and effects of phenomena.'),
	(00000001772,00000016,000000102,000000113,'Demonstrates confidence in thinking skills relating to understanding, applying and analyzing, with development of evaluation and creating (see Blooms Taxonomy). Makes and actively utilises links in knowledge between two units or subjects. Considers the causes, effects and implication of phenomena.'),
	(00000001773,00000016,000000103,000000113,'Demonstrates strong thinking skills in the highest orders of Blooms Taxonomy, including analyzing, evaluating and creating. Makes and actively utilises links in knowledge between two units or subjects. Considers the causes, effects and implications of phenomena. Attempts to make predictions using available information.'),
	(00000001774,00000016,000000100,000000114,'Able to work productively as an individual, or in partnership. Willing to contribute to partnership discussion.'),
	(00000001769,00000016,000000103,000000112,'Integrates a range of tools (e.g. WordPress), technologies (e.g. RSS) and languages (e,g, HTML, Scratch) to produce a fully functioning solution to a genuine problem for a real client. Demonstrates creativity and problem solving in design and implementation. Reviews completed solution to consider fitness for purpose, and uses conclusions to make suggestions to improve work.'),
	(00000001767,00000016,000000101,000000112,'Uses a range of tools (e.g. WordPress), technologies (e.g. RSS) and languages (e,g, HTML, Scratch) to produce a partially functioning solution to a problem. Demonstrates creativity in design and implementation. Considers strengths and weaknesses of solution.'),
	(00000001768,00000016,000000102,000000112,'Integrates a range of tools (e.g. WordPress), technologies (e.g. RSS) and languages (e,g, HTML, Scratch) to produce a fully functioning solution to a genuine problem. Demonstrates creativity and problem solving in design and implementation. Reviews solution to consider fitness for purpose.'),
	(00000001766,00000016,000000100,000000112,'Uses a tool (e.g. WordPress) or technology to produce a partially functioning solution to a problem. Demonstrates creativity. Considers weaknesses of solution.'),
	(00000001764,00000016,000000102,000000111,'Plan and test sequences of software instructions which solve a given problem, and understand the need to be precise when creating instructions. Understands instructions as steps to achieve an outcome, and that computers process instructions sequentially. Able to use and understand conditionals and loops.'),
	(00000001765,00000016,000000103,000000111,'Plan, test and refine sequences of software instructions which efficiently solve a given problem, and understand the need to be precise when creating instructions. Understands instructions as steps to achieve an outcome, and that computers process instructions sequentially. Able to use and understand conditionals, loops and subroutines.'),
	(00000001762,00000016,000000100,000000111,'Uses instruction sequences to control devices in order to achieve a desired outcome. Understands instructions as steps to achieve an outcome.'),
	(00000001763,00000016,000000101,000000111,'Plan and test sequences of software instructions which solve a given problem. Understands instructions as steps to achieve an outcome, and that computers process instructions sequentially'),
	(00000001761,00000016,000000103,000000110,'Able to understand abstract concepts (e.g., how the Internet works) and their importance. Able to relate concepts to each other. Identifies components, their function, importance and relationships, within a complex ICT system (e.g. desktop PC). Uses technical vocabulary and measures (MB, GHz). Understands some key file types that are used to store data, and is able to use appropriate file types, Able to convert between selected file types.'),
	(00000001760,00000016,000000102,000000110,'Able to understand abstract concepts (e.g., how the Internet works). Identifies components, their function and importance, within a complex ICT system (e.g. desktop PC). Uses technical vocabulary and measures (MB, GHz). Understands some key file types that are used to store data, and is able to use appropriate file types,'),
	(00000001758,00000016,000000100,000000110,'Attempting to understand abstract concepts (e.g., how the Internet works). Identifies components within a complex ICT system (e.g. desktop PC). Attempting to use technical vocabulary and measures (MB, GHz). '),
	(00000001759,00000016,000000101,000000110,'Able to understand abstract concepts (e.g., how the Internet works). Identifies components, and their functions, within a complex ICT system (e.g. desktop PC). Uses technical vocabulary and measures (MB, GHz). Understands that data is stored in files of different types.'),
	(00000001757,00000016,000000103,000000109,'Uses ICT to refine and share information in different forms, showing understanding sense of audience and purpose. Understands genre as an existing style guide for communication. Uses a digital portfolio to record and share academic development. Able to reflect in writing, considering what has been learned and its importance. Communicates clearly in academic and technical writing. Confident in talking about ICT in presentations and group discussions.'),
	(00000001756,00000016,000000102,000000109,'Uses ICT to refine and share information in different forms, showing awareness of intended audience and purpose. Uses a digital portfolio to record and share academic development. Able to reflect in writing, considering what has been learned. Developing skills in academic and technical writing. Willing and able to talk about ICT in presentations and group discussions.'),
	(00000001754,00000016,000000100,000000109,'Uses ICT to create, develop, manage and share their work. Uses a digital portfolio to store work. Understands some risks of communicating digitally.'),
	(00000001755,00000016,000000101,000000109,'Uses ICT to present and share information in various forms, showing awareness of intended audience. Uses a digital portfolio to record and share academic development. Able to reflect in writing, considering what has been learned. Willing to talk about ICT in presentations and group discussions. Understands the risks associated with digital communication, including personal safety and information security.'),
	(00000006152,00000159,000000793,000000699,'I am unsettled by challenge and resist leaving my comfort zone.'),
	(00000006153,00000159,000000794,000000699,'I prefer to remain in my comfort zone and need to be encouraged to accept challenge and to be stretched.'),
	(00000006154,00000159,000000795,000000699,'I accept challenge and being stretched in many areas, but I am content to remain in my comfort zone in some others.'),
	(00000006155,00000159,000000796,000000699,'I welcome challenge and enjoy being stretched. I am eager to extend and build on my experience.'),
	(00000006156,00000159,000000797,000000699,'I seek out challenge and prefer to be stretched whenever possible. I work actively to create opportunities to extend and deepen my experience.'),
	(00000006157,00000159,000000793,000000700,'Faced with setback or failure, I am immediately discouraged and tend simply to give up.'),
	(00000006158,00000159,000000794,000000700,'Faced with setback or failure, I am easily discouraged and need plentiful and ongoing support to persevere.'),
	(00000006159,00000159,000000795,000000700,'Faced with setback or failure, I can persevere, though I may need some initial support and encouragement.'),
	(00000006160,00000159,000000796,000000700,'Faced with setback or failure, I persevere. I bounce back from adversity, especially in areas where I am already confident.'),
	(00000006161,00000159,000000797,000000700,'Faced with setback or failure, I am strong and robust. I demonstrate excellent bounce-back- ability, including in areas where I am not already confident.'),
	(00000006162,00000159,000000793,000000701,'I find feedback hard and, when it is critical, sometimes impossible to accept. I reject and do not like receiving advice.'),
	(00000006163,00000159,000000794,000000701,'I adopt a defensive or dismissive attitude to feedback. I often ignore or discount advice.'),
	(00000006164,00000159,000000795,000000701,'I listen to feedback, but do not always act on it. I sometimes follow good advice.'),
	(00000006165,00000159,000000796,000000701,'I engage with feedback and respond to it with acceptance. I take and follow good advice.'),
	(00000006166,00000159,000000797,000000701,'I happily engage with feedback with an open mind and am able to respond readily. I seek and welcome good advice.'),
	(00000006167,00000159,000000793,000000702,'I am disorganised and chaotic.\r\nI have few, if any, strategies for managing or prioritizing my response to multiple demands.'),
	(00000006168,00000159,000000794,000000702,'I am poorly organised. I have some strategies for managing and responding to multiple demands, but they are either inadequate or poorly used. '),
	(00000006169,00000159,000000795,000000702,'I can be organized with support. I have some strategies to manage and respond to multiple demands, but need guidance in using them well.'),
	(00000006170,00000159,000000796,000000702,'I am reliably self-organised. I have sufficient strategies to manage and respond to multiple demands, with few and infrequent lapses.'),
	(00000006171,00000159,000000797,000000702,'I organize myself very well. I have flexible and dependable strategies that allow me to manage multiple demands and anticipate potential change.'),
	(00000006172,00000159,000000793,000000703,'I get stuck easily and do not seek help to move forward. I am prone to prolonged inactivity in class while awaiting help.'),
	(00000006173,00000159,000000794,000000703,'I lack resourcefulness and tend to require teacher input to move on once stuck.'),
	(00000006174,00000159,000000795,000000703,'I can be resourceful. I demonstrate a limited number of strategies to move on when stuck. I use other students to offer possible solutions.'),
	(00000006175,00000159,000000796,000000703,'I am resourceful. I demonstrate a number of strategies to move on when stuck, including seeking support from the teacher and other students, but also changing my approach to tasks when appropriate.'),
	(00000006176,00000159,000000797,000000703,'I am highly resourceful. I demonstrate a wide repertoire of strategies to move on when stuck, including lateral thinking, self-generated research and intelligent trial and error when appropriate.'),
	(00000006177,00000159,000000793,000000704,'I need prompting to begin tasks. I am easily distracted and not able to pay sustained attention. I show little evidence of internal motivation.'),
	(00000006178,00000159,000000794,000000704,'I sometimes need prompting to begin tasks. I am on occasions distracted, though usually regain my focus when reminded. When motivated by external factors, I show some care for the quality of my work.'),
	(00000006179,00000159,000000795,000000704,'I begin tasks promptly.\r\nI stay on task with no or few reminders. When motivated by external factors, I care for the quality of my work.'),
	(00000006180,00000159,000000796,000000704,'I am a self-starter. I stay on task. I care about the quality of my work and I am internally motivated.'),
	(00000006181,00000159,000000797,000000704,'I am a self-starter, who stays on task and is capable of achieving flow. I care about the quality of my work and I am internally motivated.'),
	(00000006182,00000159,000000793,000000705,'I find group work very challenging and will often only work with select friends. On occasions I am disruptive and keep others from working. I am sometimes unaware of or unconcerned about my behaviour.'),
	(00000006183,00000159,000000794,000000705,'I need encouragement to work in a group and am happiest working with friends. I tend only to work well in groups when prompted or assisted.'),
	(00000006184,00000159,000000795,000000705,'I am able to work in a group and cooperate well with other group members. I usually play an effective role within a group and appreciate my responsibilities.'),
	(00000006185,00000159,000000796,000000705,'I am happy to work in a group and facilitate cooperation. I am loyal, play an effective role and take responsibility.'),
	(00000006186,00000159,000000797,000000705,'I flourish when working in a group and making things happen. I can be versatile, playing a range of roles equally well. I am loyal and take responsibility.'),
	(00000006187,00000159,000000793,000000706,'I demonstrate a single way of relating to others and cannot shift between ego states, even when desired or advisable.'),
	(00000006188,00000159,000000794,000000706,'I have a preferred way of relating to others and find it very hard to shift between ego states, even when desired or advisable.'),
	(00000006189,00000159,000000795,000000706,'I have a limited range of ways of relating to others, shifting with effort between ego states when desired and advisable.'),
	(00000006190,00000159,000000796,000000706,'I have a range of ways of relating to others and can typically shift ego states when desired or advisable.'),
	(00000006191,00000159,000000797,000000706,'I am truly versatile in the ways I relate to others and can shift ego states reliably and mindfully.');

/*!40000 ALTER TABLE `gibbonRubricCell` ENABLE KEYS */;
UNLOCK TABLES;


# Dump of table gibbonRubricColumn
# ------------------------------------------------------------

LOCK TABLES `gibbonRubricColumn` WRITE;
/*!40000 ALTER TABLE `gibbonRubricColumn` DISABLE KEYS */;

INSERT INTO `gibbonRubricColumn` (`gibbonRubricColumnID`, `gibbonRubricID`, `title`, `sequenceNumber`, `gibbonScaleGradeID`)
VALUES
	(000000100,00000016,'',1,0000330),
	(000000103,00000016,'',4,0000327),
	(000000102,00000016,'',3,0000328),
	(000000101,00000016,'',2,0000329),
	(000000793,00000159,'Approach 1',1,NULL),
	(000000794,00000159,'Approach 2-3',2,NULL),
	(000000795,00000159,'Approach 4-5',3,NULL),
	(000000796,00000159,'Approach 6',4,NULL),
	(000000797,00000159,'Approach 7',5,NULL);

/*!40000 ALTER TABLE `gibbonRubricColumn` ENABLE KEYS */;
UNLOCK TABLES;


# Dump of table gibbonRubricRow
# ------------------------------------------------------------

LOCK TABLES `gibbonRubricRow` WRITE;
/*!40000 ALTER TABLE `gibbonRubricRow` DISABLE KEYS */;

INSERT INTO `gibbonRubricRow` (`gibbonRubricRowID`, `gibbonRubricID`, `title`, `sequenceNumber`, `gibbonOutcomeID`)
VALUES
	(000000113,00000016,'',5,00000011),
	(000000112,00000016,'',4,00000006),
	(000000111,00000016,'',3,00000007),
	(000000110,00000016,'',2,00000003),
	(000000109,00000016,'',1,00000005),
	(000000114,00000016,'',6,00000009),
	(000000115,00000016,'',7,00000008),
	(000000116,00000016,'',8,00000010),
	(000000117,00000016,'',9,00000004),
	(000000118,00000016,'',10,00000002),
	(000000699,00000159,'',1,00000088),
	(000000700,00000159,'',2,00000087),
	(000000701,00000159,'',3,00000086),
	(000000702,00000159,'',4,00000085),
	(000000703,00000159,'',5,00000084),
	(000000704,00000159,'',6,00000083),
	(000000705,00000159,'',7,00000082),
	(000000706,00000159,'',8,00000081);

/*!40000 ALTER TABLE `gibbonRubricRow` ENABLE KEYS */;
UNLOCK TABLES;


# Dump of table gibbonSchoolYearSpecialDay
# ------------------------------------------------------------

LOCK TABLES `gibbonSchoolYearSpecialDay` WRITE;
/*!40000 ALTER TABLE `gibbonSchoolYearSpecialDay` DISABLE KEYS */;

INSERT INTO `gibbonSchoolYearSpecialDay` (`gibbonSchoolYearSpecialDayID`, `gibbonSchoolYearTermID`, `type`, `name`, `description`, `date`, `schoolOpen`, `schoolStart`, `schoolEnd`, `schoolClose`)
VALUES
	(0000000211,00027,'School Closure','Labour Day','','2018-05-01',NULL,NULL,NULL,NULL),
	(0000000212,00027,'School Closure','Birthday of Buddha','','2018-05-22',NULL,NULL,NULL,NULL),
	(0000000213,00027,'School Closure','Tuen Ng Festival','','2018-06-18',NULL,NULL,NULL,NULL),
	(0000000229,00028,'School Closure','Half Term Break','','2018-10-15',NULL,NULL,NULL,NULL),
	(0000000230,00028,'School Closure','Half Term Break','','2018-10-16',NULL,NULL,NULL,NULL),
	(0000000231,00028,'School Closure','Half Term Break','','2018-10-17',NULL,NULL,NULL,NULL),
	(0000000232,00028,'School Closure','Half Term Break','','2018-10-18',NULL,NULL,NULL,NULL),
	(0000000233,00028,'School Closure','Half Term Break','','2018-10-19',NULL,NULL,NULL,NULL),
	(0000000234,00029,'School Closure','Chinese New Year','','2019-02-04',NULL,NULL,NULL,NULL),
	(0000000235,00029,'School Closure','Chinese New Year','','2019-02-05',NULL,NULL,NULL,NULL),
	(0000000236,00029,'School Closure','Chinese New Year','','2019-02-06',NULL,NULL,NULL,NULL),
	(0000000237,00029,'School Closure','Chinese New Year','','2019-02-07',NULL,NULL,NULL,NULL),
	(0000000238,00029,'School Closure','Chinese New Year','','2019-02-08',NULL,NULL,NULL,NULL),
	(0000000239,00029,'School Closure','Chinese New Year','','2019-02-11',NULL,NULL,NULL,NULL),
	(0000000240,00029,'School Closure','Chinese New Year','','2019-02-12',NULL,NULL,NULL,NULL),
	(0000000241,00028,'School Closure','CAS Week','','2018-10-29',NULL,NULL,NULL,NULL),
	(0000000242,00028,'School Closure','CAS Week','','2018-10-30',NULL,NULL,NULL,NULL),
	(0000000243,00028,'School Closure','CAS Week','','2018-10-31',NULL,NULL,NULL,NULL),
	(0000000244,00028,'School Closure','CAS Week','','2018-11-01',NULL,NULL,NULL,NULL),
	(0000000245,00028,'School Closure','CAS Week','','2018-11-02',NULL,NULL,NULL,NULL),
	(0000000246,00028,'School Closure','Day After Mid-Autumn','','2018-09-25',NULL,NULL,NULL,NULL),
	(0000000247,00028,'School Closure','National Day','','2018-10-01',NULL,NULL,NULL,NULL),
	(0000000248,00029,'School Closure','Ching Ming Festival','','2019-04-05',NULL,NULL,NULL,NULL),
	(0000000249,00030,'School Closure','Labour Day','','2019-05-01',NULL,NULL,NULL,NULL),
	(0000000250,00030,'School Closure','Buddha\'s Birthday','','2019-05-13',NULL,NULL,NULL,NULL),
	(0000000251,00030,'School Closure','Tuen Ng Festival','','2019-06-07',NULL,NULL,NULL,NULL),
	(0000000252,00027,'School Closure','School Closure','','2018-05-21',NULL,NULL,NULL,NULL);

/*!40000 ALTER TABLE `gibbonSchoolYearSpecialDay` ENABLE KEYS */;
UNLOCK TABLES;


# Dump of table gibbonSpace
# ------------------------------------------------------------

LOCK TABLES `gibbonSpace` WRITE;
/*!40000 ALTER TABLE `gibbonSpace` DISABLE KEYS */;

INSERT INTO `gibbonSpace` (`gibbonSpaceID`, `name`, `type`, `capacity`, `computer`, `computerStudent`, `projector`, `tv`, `dvd`, `hifi`, `speakers`, `iwb`, `phoneInternal`, `phoneExternal`, `comment`)
VALUES
	(0000000001,'C101','Classroom',24,'N',0,'N','N','N','N','N','N','101','',''),
	(0000000002,'C102','Classroom',24,'N',0,'N','N','N','N','N','N','102','',''),
	(0000000004,'C103','Classroom',24,'N',0,'N','N','N','N','N','N','103','',''),
	(0000000005,'C104','Classroom',24,'N',0,'N','N','N','N','N','N','104','',''),
	(0000000006,'C106','Classroom',24,'N',0,'N','N','N','N','N','N','106','',''),
	(0000000007,'C107','Classroom',24,'N',0,'N','N','N','N','N','N','107','',''),
	(0000000008,'C105','Classroom',24,'N',0,'N','N','N','N','N','N','105','',''),
	(0000000009,'C108','Classroom',24,'N',0,'N','N','N','N','N','N','108','',''),
	(0000000010,'D002','Classroom',24,'N',0,'N','N','N','N','N','N','402','',''),
	(0000000011,'D004','Laboratory',24,'N',0,'N','N','N','N','N','N','404','',''),
	(0000000012,'B003','Performance',24,'N',0,'N','N','N','N','N','N','218','',''),
	(0000000013,'Library','Library',30,'N',2,'N','N','N','N','N','N','237','',''),
	(0000000014,'Hall','Hall',300,'N',0,'N','N','N','N','N','N','','',''),
	(0000000015,'Court','Outdoor',100,'N',0,'N','N','N','N','N','N','','',''),
	(0000000016,'AHT','Office',0,'N',0,'N','N','N','N','N','N','','',''),
	(0000000017,'C204','Classroom',24,'N',0,'N','N','N','N','N','N','204','',''),
	(0000000018,'C203','Classroom',24,'N',0,'N','N','N','N','N','N','203','',''),
	(0000000019,'C201','Classroom',24,'N',0,'N','N','N','N','N','N','201','',''),
	(0000000020,'C202','Classroom',24,'N',0,'N','N','N','N','N','N','202','',''),
	(0000000021,'C301','Laboratory',24,'N',0,'N','N','N','N','N','N','301','',''),
	(0000000022,'C303','Laboratory',24,'N',0,'N','N','N','N','N','N','303','',''),
	(0000000023,'C309','Classroom',24,'N',0,'N','N','N','N','N','N','309','',''),
	(0000000024,'C205','Classroom',24,'N',0,'N','N','N','N','N','N','205','',''),
	(0000000025,'C206A','Classroom',12,'N',0,'N','N','N','N','N','N','206','',''),
	(0000000026,'C206B','Classroom',12,'N',0,'N','N','N','N','N','N','207','',''),
	(0000000028,'C208','Performance',24,'N',0,'N','N','N','N','N','N','208','',''),
	(0000000029,'C304','Classroom',24,'N',0,'N','N','N','N','N','N','304','',''),
	(0000000030,'C305','Classroom',24,'N',0,'N','N','N','N','N','N','305','',''),
	(0000000031,'C306','Classroom',24,'N',0,'N','N','N','N','N','N','306','',''),
	(0000000032,'C307','Laboratory',24,'N',0,'N','N','N','N','N','N','307','',''),
	(0000000033,'HOS','Office',0,'N',0,'N','N','N','N','N','N','288','',''),
	(0000000034,'C302','Office',0,'Y',0,'N','N','N','N','N','N','302','',''),
	(0000000035,'B002','Office',0,'N',0,'N','N','N','N','N','N','','',''),
	(0000000036,'B001','Office',0,'N',0,'N','N','N','N','N','N','','',''),
	(0000000037,'C308 (Chemical Store)','Storage',0,'N',0,'N','N','N','N','N','N','','',''),
	(0000000038,'House 8','Other',0,'N',0,'N','N','N','N','N','N','','',''),
	(0000000039,'Server Room','Other',0,'N',0,'N','N','N','N','N','N','','',''),
	(0000000040,'House 2','Other',0,'N',0,'N','N','N','N','N','N','','',''),
	(0000000041,'Back Court','Outdoor',0,'N',0,'N','N','N','N','N','N','','',''),
	(0000000042,'House 3','Other',0,'N',0,'N','N','N','N','N','N','','',''),
	(0000000043,'B001A','Classroom',6,'N',0,'N','N','N','N','N','N','227','',''),
	(0000000044,'B001B','Classroom',4,'N',0,'N','N','N','N','N','N','224','',''),
	(0000000045,'B001C (Finance)','Office',0,'N',0,'N','N','N','N','N','N','','',''),
	(0000000046,'D101','Classroom',20,'N',0,'N','N','N','N','N','N','601','',''),
	(0000000047,'D102','Classroom',20,'N',0,'N','N','N','N','N','N','602','',''),
	(0000000048,'D103','Classroom',20,'N',0,'N','N','N','N','N','N','603','',''),
	(0000000049,'D104','Classroom',20,'N',0,'N','N','N','N','N','N','604','',''),
	(0000000050,'D105','Classroom',20,'N',0,'N','N','N','N','N','N','605','',''),
	(0000000051,'D106','Classroom',20,'N',0,'N','N','N','N','N','N','606','',''),
	(0000000052,'D100','Classroom',4,'N',0,'N','N','N','N','N','N','600','',''),
	(0000000053,'D100A (Testing)','Other',6,'N',6,'N','N','N','N','N','N','609','',''),
	(0000000054,'D100B (Admissions)','Office',2,'N',0,'N','N','N','N','N','N','610','',''),
	(0000000055,'D107 (IB Center)','Classroom',30,'N',0,'N','N','N','N','N','N','607','',''),
	(0000000056,'House 1','Other',0,'N',0,'N','N','N','N','N','N','','',''),
	(0000000057,'D201 (Yoga)','Creative Space',30,'N',0,'N','N','N','N','N','N','','',''),
	(0000000058,'D202 (Music)','Creative Space',30,'N',0,'N','N','N','N','N','N','','',''),
	(0000000059,'D203 (Storage)','Creative Space',30,'N',0,'N','N','N','N','N','N','','',''),
	(0000000060,'D204 (Maker Space)','Creative Space',30,'N',0,'N','N','N','N','N','N','','',''),
	(0000000061,'Learning Support','Other',10,'N',0,'N','N','N','N','N','N','231','','');

/*!40000 ALTER TABLE `gibbonSpace` ENABLE KEYS */;
UNLOCK TABLES;


# Dump of table gibbonStaff
# ------------------------------------------------------------

LOCK TABLES `gibbonStaff` WRITE;
/*!40000 ALTER TABLE `gibbonStaff` DISABLE KEYS */;

INSERT INTO `gibbonStaff` (`gibbonStaffID`, `gibbonPersonID`, `type`, `initials`, `jobTitle`, `smartWorkflowHelp`, `firstAidQualified`, `firstAidExpiry`, `countryOfOrigin`, `qualifications`, `biography`, `biographicalGrouping`, `biographicalGroupingPriority`)
VALUES
	(0000000001,0000000001,'Teaching',NULL,'','N','',NULL,'','','','',0),
	(0000000002,0000000136,'Support',NULL,'','N','',NULL,'','','','',0),
	(0000000003,0000000125,'Teaching',NULL,'','Y','',NULL,'','','','',0),
	(0000000004,0000000132,'Teaching',NULL,'','Y','',NULL,'','','','',0),
	(0000000005,0000000145,'Teaching',NULL,'','N','',NULL,'','','','',0),
	(0000000006,0000000123,'Teaching',NULL,'','Y','',NULL,'','','','',0),
	(0000000007,0000000140,'Teaching',NULL,'','N','',NULL,'','','','',0),
	(0000000008,0000000150,'Teaching',NULL,'','Y','',NULL,'','','','',0),
	(0000000009,0000000156,'Support',NULL,'','N','',NULL,'','','','',0),
	(0000000010,0000000121,'Teaching',NULL,'','N','',NULL,'','','','',0),
	(0000000011,0000000137,'Teaching',NULL,'','Y','',NULL,'','','','',0),
	(0000000012,0000000141,'Teaching',NULL,'','Y','',NULL,'','','','',0),
	(0000000013,0000000142,'Teaching',NULL,'','N','',NULL,'','','','',0),
	(0000000014,0000000139,'Support',NULL,'','N','',NULL,'','','','',0),
	(0000000015,0000000117,'Teaching',NULL,'','N','',NULL,'','','','',0),
	(0000000016,0000000120,'Teaching',NULL,'','N','',NULL,'','','','',0),
	(0000000017,0000000151,'Teaching',NULL,'','N','',NULL,'','','','',0),
	(0000000018,0000000143,'Teaching',NULL,'','Y','',NULL,'','','','',0),
	(0000000019,0000000124,'Teaching',NULL,'','N','',NULL,'','','','',0),
	(0000000020,0000000144,'Teaching',NULL,'','Y','',NULL,'','','','',0),
	(0000000021,0000000119,'Teaching',NULL,'','N','',NULL,'','','','',0),
	(0000000023,0000000122,'Teaching',NULL,'','Y','',NULL,'','','','',0),
	(0000000024,0000000370,'Support',NULL,'','N','',NULL,'','','','',0),
	(0000000025,0000000198,'Teaching',NULL,'','N','',NULL,'','','','',0),
	(0000000026,0000000371,'Support',NULL,'','N','',NULL,'','','','',0),
	(0000000027,0000000381,'Support',NULL,'','N','',NULL,'','','','',0),
	(0000000028,0000000385,'Support',NULL,'','N','',NULL,'','','','',0),
	(0000000029,0000000373,'Teaching',NULL,'','N','',NULL,'','','','',0),
	(0000000030,0000000374,'Teaching',NULL,'','N','',NULL,'','','','',0),
	(0000000031,0000000375,'Teaching',NULL,'','N','',NULL,'','','','',0),
	(0000000032,0000000376,'Teaching',NULL,'','Y','',NULL,'','','','',0),
	(0000000033,0000000377,'Teaching',NULL,'','Y','',NULL,'','','','',0),
	(0000000034,0000000378,'Teaching',NULL,'','N','',NULL,'','','','',0),
	(0000000035,0000000564,'Support',NULL,'','N','',NULL,'','','','',0),
	(0000000036,0000000565,'Support',NULL,'','N','',NULL,'','','','',0),
	(0000000037,0000000372,'Support',NULL,'','N','',NULL,'','','','',0),
	(0000000038,0000000579,'Support',NULL,'','N','',NULL,'','','','',0),
	(0000000039,0000000338,'Support',NULL,'','N','',NULL,'','','','',0),
	(0000000040,0000000589,'Teaching',NULL,'','N','',NULL,'','','','',0),
	(0000000041,0000000628,'Support',NULL,'','N','',NULL,'','','','',0),
	(0000000042,0000000689,'Support',NULL,'','N','',NULL,'','','','',0),
	(0000000043,0000000769,'Teaching',NULL,'','N','',NULL,'','','','',0),
	(0000000044,0000000770,'Teaching',NULL,'','N','',NULL,'','','','',0),
	(0000000045,0000000771,'Teaching',NULL,'','N','',NULL,'','','','',0),
	(0000000046,0000000622,'Teaching',NULL,'','Y','',NULL,'','','','',0),
	(0000000047,0000000772,'Teaching',NULL,'','N','',NULL,'','','','',0),
	(0000000048,0000000773,'Teaching',NULL,'','Y','',NULL,'','','','',0),
	(0000000049,0000000774,'Teaching',NULL,'','N','',NULL,'','','','',0),
	(0000000050,0000000775,'Teaching',NULL,'','Y','',NULL,'','','','',0),
	(0000000051,0000000810,'Support',NULL,'','N','',NULL,'','','','',0),
	(0000000052,0000000811,'Support',NULL,'','N','',NULL,'','','','',0),
	(0000000053,0000000812,'Support',NULL,'','N','',NULL,'','','','',0),
	(0000000054,0000000813,'Support',NULL,'','N','',NULL,'','','','',0),
	(0000000055,0000000503,'Support',NULL,'','N','',NULL,'','','','',0),
	(0000000056,0000000824,'Teaching',NULL,'','Y','',NULL,'','','','',0),
	(0000000057,0000000823,'Support',NULL,'','N','',NULL,'','','','',0),
	(0000000058,0000000590,'Support',NULL,'','Y','',NULL,'','','','',0),
	(0000000059,0000000584,'Teaching',NULL,'','Y','',NULL,'','','','',0),
	(0000000060,0000000839,'Teaching',NULL,'','Y','',NULL,'','','','',0),
	(0000000061,0000000866,'Teaching',NULL,'','N','',NULL,'','','','',0),
	(0000000062,0000000867,'Teaching',NULL,'','N','',NULL,'','','','',0),
	(0000000063,0000000868,'Teaching',NULL,'','N','',NULL,'','','','',0),
	(0000000064,0000000869,'Teaching',NULL,'','N','',NULL,'','','','',0),
	(0000000065,0000000870,'Teaching',NULL,'','N','',NULL,'','','','',0),
	(0000000066,0000000871,'Teaching',NULL,'','N','',NULL,'','','','',0),
	(0000000067,0000001053,'Teaching',NULL,'','N','',NULL,'','','','',0),
	(0000000068,0000001054,'Teaching',NULL,'','N','',NULL,'','','','',0),
	(0000000069,0000001055,'Teaching',NULL,'','N','',NULL,'','','','',0),
	(0000000070,0000001056,'Support',NULL,'','N','',NULL,'','','','',0),
	(0000000071,0000001057,'Teaching',NULL,'','N','',NULL,'','','','',0),
	(0000000072,0000001084,'Support',NULL,'','N','',NULL,'','','','',0),
	(0000000073,0000001096,'Support',NULL,'','N','',NULL,'','','','',0),
	(0000000075,0000001104,'Teaching',NULL,'','N','',NULL,'','','','',0),
	(0000000076,0000001110,'Teaching',NULL,'','N','',NULL,'','','','',0),
	(0000000077,0000001112,'Teaching',NULL,'','N','',NULL,'','','','',0),
	(0000000078,0000001131,'Support',NULL,'','N','',NULL,'','','','',0),
	(0000000079,0000001101,'Support',NULL,'','N','',NULL,'','','','',0),
	(0000000080,0000001118,'Teaching',NULL,'','N','',NULL,'','','','',0),
	(0000000081,0000001123,'Teaching',NULL,'','N','',NULL,'','','','',0),
	(0000000082,0000001116,'Teaching',NULL,'','N','',NULL,'','','','',0),
	(0000000083,0000001119,'Teaching',NULL,'','N','',NULL,'','','','',0),
	(0000000084,0000001122,'Teaching',NULL,'','N','',NULL,'','','','',0),
	(0000000085,0000001117,'Teaching',NULL,'','N','',NULL,'','','','',0),
	(0000000086,0000001120,'Teaching',NULL,'','N','',NULL,'','','','',0),
	(0000000087,0000001121,'Teaching',NULL,'','N','',NULL,'','','','',0),
	(0000000089,0000001331,'Support',NULL,'','N','',NULL,'','','','',0),
	(0000000090,0000001489,'Teaching',NULL,'','N','',NULL,'','','','',0),
	(0000000091,0000001501,'Teaching',NULL,'','N','Y',NULL,'','','','',0),
	(0000000092,0000001502,'Teaching',NULL,'','N','',NULL,'','','','',0),
	(0000000093,0000001503,'Teaching',NULL,'','N','',NULL,'','','','',0),
	(0000000094,0000001504,'Teaching',NULL,'','N','',NULL,'','','','',0),
	(0000000095,0000001505,'Teaching',NULL,'','N','',NULL,'','','','',0),
	(0000000096,0000001506,'Teaching',NULL,'','N','',NULL,'','','','',0),
	(0000000097,0000001526,'Teaching',NULL,'','N','',NULL,'','','','',0),
	(0000000098,0000000857,'Support',NULL,'','N','',NULL,'','','','',0),
	(0000000099,0000001517,'Support',NULL,'','N','',NULL,'','','','',0),
	(0000000100,0000001109,'Support',NULL,'','N','',NULL,'','','','',0),
	(0000000101,0000001531,'Teaching',NULL,'','N','',NULL,'','','','',0),
	(0000000102,0000001518,'Support',NULL,'','N','',NULL,'','','','',0),
	(0000000103,0000001580,'Teaching',NULL,'','N','',NULL,'','','','',0),
	(0000000104,0000001581,'Teaching',NULL,'','N','',NULL,'','','','',0),
	(0000000105,0000001579,'Support',NULL,'','N','',NULL,'','','','',0),
	(0000000106,0000001738,'Teaching',NULL,'','N','',NULL,'','','','',0),
	(0000000107,0000001519,'Support',NULL,'','N','',NULL,'','','','',0),
	(0000000108,0000001776,'Teaching',NULL,'','N','',NULL,'','','','',0),
	(0000000109,0000001777,'Teaching',NULL,'','N','',NULL,'','','','',0),
	(0000000110,0000001778,'Teaching',NULL,'','N','',NULL,'','','','',0),
	(0000000111,0000001782,'Finance',NULL,'','N','',NULL,'','','','',0),
	(0000000112,0000001799,'Support',NULL,'','N','',NULL,'','','','',0),
	(0000000113,0000001810,'Finance',NULL,'','N','',NULL,'','','','',0),
	(0000000114,0000001818,'Teaching',NULL,'','Y','',NULL,'','','','',0),
	(0000000115,0000000192,'Support',NULL,'','N','',NULL,'','','','',0),
	(0000000116,0000001873,'Teaching',NULL,'','Y','',NULL,'','','','',0),
	(0000000117,0000002052,'Support',NULL,'','N','',NULL,'','','','',0),
	(0000000118,0000002027,'Teaching',NULL,'','Y','',NULL,'','','','',0),
	(0000000119,0000002059,'Support',NULL,'','Y','',NULL,'','','','',0),
	(0000000120,0000002075,'Support',NULL,'','Y','',NULL,'','','','',0),
	(0000000121,0000002026,'Teaching',NULL,'','N','',NULL,'','','','',0),
	(0000000122,0000002025,'Teaching',NULL,'','N','',NULL,'','','','',0),
	(0000000123,0000002028,'Teaching',NULL,'','N','',NULL,'','','','',0),
	(0000000124,0000002096,'Teaching',NULL,'','Y','',NULL,'','','','',0),
	(0000000125,0000001675,'Teaching',NULL,'','Y','',NULL,'','','','',0),
	(0000000126,0000000965,'Support',NULL,'','Y','',NULL,'','','','',0),
	(0000000127,0000001398,'Support',NULL,'','Y','',NULL,'','','','',0),
	(0000000128,0000001854,'Support Staff',NULL,'','Y','',NULL,'','','','',0),
	(0000000129,0000002132,'Support',NULL,'','Y','',NULL,'','','','',0),
	(0000000130,0000001601,'Support',NULL,'','Y','',NULL,'','','','',0),
	(0000000131,0000002133,'Support',NULL,'','Y','',NULL,'','','','',0),
	(0000000132,0000002134,'Teaching',NULL,'','Y','',NULL,'','','','',0),
	(0000000139,0000002322,'Support',NULL,'','Y','',NULL,'','','','',0),
	(0000000140,0000001089,'Support',NULL,'','Y','',NULL,'','','','',0),
	(0000000141,0000002326,'Teaching',NULL,'','Y','',NULL,'','','','',0);

/*!40000 ALTER TABLE `gibbonStaff` ENABLE KEYS */;
UNLOCK TABLES;


# Dump of table gibbonStudentEnrolment
# ------------------------------------------------------------

LOCK TABLES `gibbonStudentEnrolment` WRITE;
/*!40000 ALTER TABLE `gibbonStudentEnrolment` DISABLE KEYS */;

INSERT INTO `gibbonStudentEnrolment` (`gibbonStudentEnrolmentID`, `gibbonPersonID`, `gibbonSchoolYearID`, `gibbonYearGroupID`, `gibbonRollGroupID`, `rollOrder`)
VALUES
	(00002138,0000002232,024,001,00123,NULL),
	(00002139,0000002283,024,001,00123,NULL),
	(00002140,0000002193,024,001,00123,NULL),
	(00002141,0000002212,024,001,00123,NULL),
	(00002142,0000002150,024,001,00123,NULL),
	(00002143,0000002299,024,001,00123,NULL),
	(00002144,0000002197,024,001,00123,NULL),
	(00002145,0000002256,024,001,00123,NULL),
	(00002146,0000002323,024,001,00123,NULL),
	(00002147,0000002333,024,001,00123,NULL),
	(00002148,0000002243,024,001,00123,NULL),
	(00002149,0000002216,024,001,00123,NULL),
	(00002150,0000002330,024,001,00123,NULL),
	(00002151,0000002209,024,001,00123,NULL),
	(00002152,0000002340,024,001,00123,NULL),
	(00002153,0000002190,024,001,00124,NULL),
	(00002154,0000002334,024,001,00124,NULL),
	(00002155,0000002236,024,001,00124,NULL),
	(00002156,0000002239,024,001,00124,NULL),
	(00002157,0000002187,024,001,00124,NULL),
	(00002158,0000002178,024,001,00124,NULL),
	(00002159,0000002206,024,001,00124,NULL),
	(00002160,0000002274,024,001,00124,NULL),
	(00002161,0000002271,024,001,00124,NULL),
	(00002162,0000002233,024,001,00124,NULL),
	(00002163,0000002253,024,001,00124,NULL),
	(00002164,0000002215,024,001,00124,NULL),
	(00002165,0000002166,024,001,00124,NULL),
	(00002166,0000002247,024,001,00125,NULL),
	(00002167,0000002194,024,001,00125,NULL),
	(00002168,0000002293,024,001,00125,NULL),
	(00002169,0000002250,024,001,00125,NULL),
	(00002170,0000002277,024,001,00125,NULL),
	(00002171,0000002319,024,001,00125,NULL),
	(00002172,0000002337,024,001,00125,NULL),
	(00002173,0000002200,024,001,00125,NULL),
	(00002174,0000002231,024,001,00125,NULL),
	(00002175,0000002268,024,001,00125,NULL),
	(00002176,0000002262,024,001,00125,NULL),
	(00002177,0000002203,024,001,00125,NULL),
	(00002178,0000002296,024,001,00125,NULL),
	(00002179,0000001639,024,003,00129,NULL),
	(00002180,0000001744,024,003,00129,NULL),
	(00002181,0000001730,024,003,00129,NULL),
	(00002182,0000001648,024,003,00140,NULL),
	(00002183,0000001403,024,004,00132,NULL),
	(00002184,0000001276,024,005,00134,NULL),
	(00002185,0000001182,024,005,00134,NULL),
	(00002186,0000001154,024,005,00135,NULL),
	(00002187,0000001160,024,005,00141,NULL),
	(00002188,0000001819,024,006,00138,NULL),
	(00002189,0000000716,024,007,00142,NULL),
	(00002190,0000001514,024,007,00142,NULL),
	(00002191,0000000670,024,007,00142,NULL),
	(00002192,0000001066,024,007,00137,NULL),
	(00002193,0000002169,024,001,00123,NULL),
	(00002194,0000002222,024,001,00123,NULL),
	(00002195,0000002228,024,001,00123,NULL),
	(00002196,0000002172,024,001,00123,NULL),
	(00002197,0000002265,024,001,00123,NULL),
	(00002198,0000002240,024,001,00123,NULL),
	(00002199,0000002225,024,001,00123,NULL),
	(00002200,0000002163,024,001,00123,NULL),
	(00002201,0000002259,024,001,00123,NULL),
	(00002202,0000002175,024,001,00123,NULL),
	(00002203,0000002160,024,001,00123,NULL),
	(00002204,0000002181,024,001,00123,NULL),
	(00002205,0000002219,024,001,00123,NULL),
	(00002206,0000001424,024,004,00133,NULL),
	(00002207,0000000876,024,006,00138,NULL),
	(00002208,0000001520,024,004,00133,NULL),
	(00002209,0000001471,024,004,00133,NULL),
	(00002210,0000001593,024,003,00129,NULL),
	(00002211,0000001382,024,004,00133,NULL),
	(00002212,0000001396,024,004,00132,NULL),
	(00002213,0000001928,024,002,00128,NULL),
	(00002214,0000001538,024,004,00132,NULL),
	(00002215,0000002129,024,002,00128,NULL),
	(00002216,0000001157,024,005,00141,NULL),
	(00002217,0000001894,024,002,00128,NULL),
	(00002218,0000001642,024,003,00129,NULL),
	(00002219,0000001645,024,003,00130,NULL),
	(00002220,0000001291,024,006,00136,NULL),
	(00002221,0000001275,024,005,00134,NULL),
	(00002222,0000000974,024,006,00138,NULL),
	(00002223,0000001571,024,004,00132,NULL),
	(00002224,0000002100,024,005,00134,NULL),
	(00002225,0000002012,024,002,00127,NULL),
	(00002226,0000001358,024,004,00132,NULL),
	(00002227,0000001245,024,005,00135,NULL),
	(00002228,0000000888,024,006,00123,NULL),
	(00002229,0000001251,024,005,00134,NULL),
	(00002230,0000001915,024,002,00126,NULL),
	(00002231,0000001934,024,002,00126,NULL),
	(00002232,0000001016,024,006,00136,NULL),
	(00002233,0000001875,024,002,00128,NULL),
	(00002234,0000001352,024,004,00133,NULL),
	(00002235,0000002106,024,007,00142,NULL),
	(00002236,0000001445,024,004,00133,NULL),
	(00002237,0000001236,024,005,00141,NULL),
	(00002238,0000002120,024,005,00135,NULL),
	(00002239,0000002123,024,002,00128,NULL),
	(00002240,0000001322,024,007,00137,NULL),
	(00002241,0000002093,024,002,00128,NULL),
	(00002242,0000001200,024,005,00135,NULL),
	(00002243,0000001891,024,002,00127,NULL),
	(00002244,0000001019,024,006,00136,NULL),
	(00002245,0000002081,024,003,00130,NULL),
	(00002246,0000001486,024,004,00132,NULL),
	(00002247,0000002113,024,002,00126,NULL),
	(00002248,0000001721,024,003,00129,NULL),
	(00002249,0000000831,024,007,00137,NULL),
	(00002250,0000002009,024,002,00126,NULL),
	(00002251,0000001257,024,005,00141,NULL),
	(00002252,0000000897,024,006,00138,NULL),
	(00002253,0000001022,024,006,00138,NULL),
	(00002254,0000001427,024,004,00132,NULL),
	(00002255,0000001888,024,002,00127,NULL),
	(00002256,0000001905,024,002,00127,NULL),
	(00002257,0000001163,024,005,00134,NULL),
	(00002258,0000001716,024,003,00140,NULL),
	(00002259,0000000678,024,007,00142,NULL),
	(00002260,0000000902,024,006,00138,NULL),
	(00002261,0000001191,024,005,00141,NULL),
	(00002262,0000001686,024,003,00129,NULL),
	(00002263,0000001683,024,007,00137,NULL),
	(00002264,0000001680,024,005,00135,NULL),
	(00002265,0000000905,024,006,00136,NULL),
	(00002266,0000001924,024,002,00127,NULL),
	(00002267,0000001992,024,002,00126,NULL),
	(00002268,0000001226,024,005,00134,NULL),
	(00002269,0000001591,024,003,00129,NULL),
	(00002270,0000001786,024,003,00129,NULL),
	(00002271,0000001393,024,004,00132,NULL),
	(00002272,0000001399,024,004,00132,NULL),
	(00002273,0000001193,024,005,00135,NULL),
	(00002274,0000001430,024,004,00133,NULL),
	(00002275,0000002184,024,006,00138,NULL),
	(00002276,0000002138,024,005,00141,NULL),
	(00002277,0000001367,024,004,00133,NULL),
	(00002278,0000001845,024,004,00132,NULL),
	(00002279,0000002056,024,002,00127,NULL),
	(00002280,0000001848,024,003,00130,NULL),
	(00002281,0000001664,024,003,00129,NULL),
	(00002282,0000001977,024,002,00127,NULL),
	(00002283,0000001974,024,002,00126,NULL),
	(00002284,0000000849,024,007,00137,NULL),
	(00002285,0000002063,024,003,00140,NULL),
	(00002286,0000001885,024,002,00127,NULL),
	(00002287,0000001400,024,004,00132,NULL),
	(00002288,0000001753,024,003,00140,NULL),
	(00002289,0000002313,024,003,00140,NULL),
	(00002290,0000001995,024,002,00126,NULL),
	(00002291,0000001904,024,002,00128,NULL),
	(00002292,0000001989,024,002,00128,NULL),
	(00002293,0000000681,024,007,00137,NULL),
	(00002294,0000000614,024,007,00137,NULL),
	(00002295,0000001440,024,004,00132,NULL),
	(00002296,0000001597,024,003,00129,NULL),
	(00002297,0000001355,024,004,00133,NULL),
	(00002298,0000002033,024,003,00129,NULL),
	(00002299,0000002126,024,004,00133,NULL),
	(00002300,0000001955,024,002,00127,NULL),
	(00002301,0000001986,024,002,00127,NULL),
	(00002302,0000002019,024,002,00128,NULL),
	(00002303,0000001492,024,004,00132,NULL),
	(00002304,0000002035,024,003,00130,NULL),
	(00002305,0000000684,024,007,00142,NULL),
	(00002306,0000001983,024,002,00126,NULL),
	(00002307,0000001259,024,005,00135,NULL),
	(00002308,0000002022,024,002,00128,NULL),
	(00002309,0000001713,024,003,00140,NULL),
	(00002310,0000001931,024,002,00128,NULL),
	(00002311,0000001008,024,006,00136,NULL),
	(00002312,0000001233,024,005,00135,NULL),
	(00002313,0000001483,024,004,00132,NULL),
	(00002314,0000000910,024,006,00136,NULL),
	(00002315,0000001222,024,005,00134,NULL),
	(00002316,0000001870,024,002,00126,NULL),
	(00002317,0000002000,024,002,00127,NULL),
	(00002318,0000002309,024,003,00129,NULL),
	(00002319,0000001901,024,002,00126,NULL),
	(00002320,0000001700,024,003,00130,NULL),
	(00002321,0000000913,024,006,00136,NULL),
	(00002322,0000000640,024,007,00142,NULL),
	(00002323,0000001474,024,007,00142,NULL),
	(00002324,0000000719,024,007,00137,NULL),
	(00002325,0000001313,024,006,00136,NULL),
	(00002326,0000001914,024,002,00126,NULL),
	(00002327,0000001391,024,004,00132,NULL),
	(00002328,0000001477,024,004,00132,NULL),
	(00002329,0000001980,024,002,00126,NULL),
	(00002330,0000001925,024,002,00126,NULL),
	(00002331,0000001861,024,006,00138,NULL),
	(00002332,0000001794,024,003,00129,NULL),
	(00002333,0000000922,024,006,00136,NULL),
	(00002334,0000002141,024,002,00127,NULL),
	(00002335,0000002072,024,002,00127,NULL),
	(00002336,0000001548,024,005,00135,NULL),
	(00002337,0000001617,024,003,00130,NULL),
	(00002338,0000001207,024,005,00141,NULL),
	(00002339,0000000925,024,006,00136,NULL),
	(00002340,0000001585,024,004,00133,NULL),
	(00002341,0000001377,024,004,00132,NULL),
	(00002342,0000001654,024,003,00140,NULL),
	(00002343,0000001811,024,007,00137,NULL),
	(00002344,0000002040,024,002,00128,NULL),
	(00002345,0000001814,024,005,00135,NULL),
	(00002346,0000001254,024,005,00135,NULL),
	(00002347,0000001913,024,002,00127,NULL),
	(00002348,0000001858,024,003,00140,NULL),
	(00002349,0000002145,024,005,00134,NULL),
	(00002350,0000002280,024,002,00126,NULL),
	(00002351,0000001898,024,002,00127,NULL),
	(00002352,0000001911,024,002,00128,NULL),
	(00002353,0000001735,024,003,00130,NULL),
	(00002354,0000001612,024,003,00130,NULL),
	(00002355,0000001864,024,002,00126,NULL),
	(00002356,0000002327,024,002,00126,NULL),
	(00002357,0000001600,024,003,00129,NULL),
	(00002358,0000001970,024,002,00128,NULL),
	(00002359,0000002037,024,002,00127,NULL),
	(00002360,0000000649,024,007,00137,NULL),
	(00002361,0000001960,024,002,00128,NULL),
	(00002362,0000001288,024,006,00138,NULL),
	(00002363,0000001706,024,003,00130,NULL),
	(00002364,0000002006,024,002,00126,NULL),
	(00002365,0000000928,024,006,00138,NULL),
	(00002366,0000001086,024,007,00142,NULL),
	(00002367,0000001532,024,006,00138,NULL),
	(00002368,0000001535,024,004,00133,NULL),
	(00002369,0000000655,024,007,00142,NULL),
	(00002370,0000000986,024,006,00138,NULL),
	(00002371,0000001388,024,004,00133,NULL),
	(00002372,0000001465,024,004,00133,NULL),
	(00002373,0000001831,024,003,00140,NULL),
	(00002374,0000001166,024,005,00134,NULL),
	(00002375,0000000931,024,006,00136,NULL),
	(00002376,0000002087,024,003,00130,NULL),
	(00002377,0000000934,024,006,00136,NULL),
	(00002378,0000000937,024,006,00138,NULL),
	(00002379,0000001791,024,003,00129,NULL),
	(00002380,0000000699,024,007,00142,NULL),
	(00002381,0000001410,024,004,00133,NULL),
	(00002382,0000001796,024,003,00140,NULL),
	(00002383,0000001998,024,002,00126,NULL),
	(00002384,0000001178,024,005,00134,NULL),
	(00002385,0000001937,024,002,00126,NULL),
	(00002386,0000001667,024,003,00140,NULL),
	(00002387,0000001627,024,003,00130,NULL),
	(00002388,0000001242,024,005,00141,NULL),
	(00002389,0000001921,024,002,00127,NULL),
	(00002390,0000002049,024,002,00128,NULL),
	(00002391,0000000941,024,006,00136,NULL),
	(00002392,0000001615,024,003,00130,NULL),
	(00002393,0000002119,024,003,00129,NULL),
	(00002394,0000000989,024,006,00138,NULL),
	(00002395,0000001918,024,002,00127,NULL),
	(00002396,0000001507,024,004,00132,NULL),
	(00002397,0000002316,024,004,00132,NULL),
	(00002398,0000000947,024,006,00138,NULL),
	(00002399,0000000944,024,006,00138,NULL),
	(00002400,0000001528,024,005,00135,NULL),
	(00002401,0000001616,024,003,00140,NULL),
	(00002402,0000000992,024,006,00136,NULL),
	(00002403,0000001964,024,002,00127,NULL),
	(00002404,0000000518,024,007,00142,NULL),
	(00002405,0000001692,024,004,00133,NULL),
	(00002406,0000001867,024,004,00133,NULL),
	(00002407,0000001609,024,003,00140,NULL),
	(00002408,0000001773,024,003,00130,NULL),
	(00002409,0000002029,024,002,00128,NULL),
	(00002410,0000001631,024,004,00132,NULL),
	(00002411,0000001878,024,002,00126,NULL),
	(00002412,0000001263,024,005,00134,NULL),
	(00002413,0000001879,024,002,00128,NULL),
	(00002414,0000001801,024,003,00129,NULL),
	(00002415,0000002116,024,002,00128,NULL),
	(00002416,0000001657,024,003,00140,NULL),
	(00002417,0000001201,024,005,00135,NULL),
	(00002418,0000002109,024,005,00134,NULL),
	(00002419,0000001761,024,003,00129,NULL),
	(00002420,0000001739,024,003,00130,NULL),
	(00002421,0000002306,024,004,00132,NULL),
	(00002422,0000001374,024,004,00132,NULL),
	(00002423,0000001882,024,002,00126,NULL),
	(00002424,0000001014,024,006,00136,NULL),
	(00002425,0000002079,024,002,00128,NULL),
	(00002426,0000000843,024,007,00137,NULL),
	(00002427,0000001958,024,002,00126,NULL),
	(00002428,0000002016,024,002,00128,NULL),
	(00002429,0000001783,024,003,00130,NULL),
	(00002430,0000000964,024,006,00138,NULL),
	(00002431,0000001621,024,003,00140,NULL),
	(00002432,0000002097,024,003,00129,NULL),
	(00002433,0000001628,024,003,00140,NULL),
	(00002434,0000000543,024,007,00137,NULL),
	(00002435,0000001378,024,004,00133,NULL),
	(00002436,0000002135,024,002,00127,NULL),
	(00002437,0000001946,024,002,00127,NULL),
	(00002438,0000002103,024,005,00141,NULL),
	(00002439,0000001940,024,002,00127,NULL),
	(00002440,0000001364,024,004,00133,NULL),
	(00002441,0000002302,024,002,00127,NULL),
	(00002442,0000002090,024,005,00135,NULL),
	(00002443,0000001416,024,004,00133,NULL),
	(00002444,0000001603,024,003,00140,NULL),
	(00002445,0000001594,024,003,00140,NULL),
	(00002446,0000001897,024,002,00126,NULL),
	(00002447,0000001214,024,005,00134,NULL),
	(00002448,0000002066,024,003,00130,NULL),
	(00002449,0000001204,024,005,00134,NULL),
	(00002450,0000001710,024,004,00132,NULL),
	(00002451,0000002286,024,004,00132,NULL),
	(00002452,0000001828,024,003,00130,NULL),
	(00002453,0000001179,024,005,00141,NULL),
	(00002454,0000001779,024,003,00129,NULL),
	(00002455,0000001677,024,003,00130,NULL),
	(00002456,0000000970,024,006,00136,NULL),
	(00002457,0000000673,024,007,00142,NULL),
	(00002458,0000002084,024,004,00133,NULL),
	(00002459,0000002076,024,002,00128,NULL);

/*!40000 ALTER TABLE `gibbonStudentEnrolment` ENABLE KEYS */;
UNLOCK TABLES;


# Dump of table gibbonTT
# ------------------------------------------------------------

LOCK TABLES `gibbonTT` WRITE;
/*!40000 ALTER TABLE `gibbonTT` DISABLE KEYS */;

INSERT INTO `gibbonTT` (`gibbonTTID`, `gibbonSchoolYearID`, `name`, `nameShort`, `nameShortDisplay`, `gibbonYearGroupIDList`, `active`)
VALUES
	(00000009,024,'2018-2019 TT','2018-2019TT','Timetable Day Short Name','001,002,003,004,005,006,007','Y');

/*!40000 ALTER TABLE `gibbonTT` ENABLE KEYS */;
UNLOCK TABLES;


# Dump of table gibbonTTColumn
# ------------------------------------------------------------

LOCK TABLES `gibbonTTColumn` WRITE;
/*!40000 ALTER TABLE `gibbonTTColumn` DISABLE KEYS */;

INSERT INTO `gibbonTTColumn` (`gibbonTTColumnID`, `name`, `nameShort`)
VALUES
	(000033,'2018-19 Mon','201819Mo'),
	(000034,'2018-19 Tue','201819Tu'),
	(000035,'2018-19 Wed','201819We'),
	(000036,'2018-19 Thu','201819Th'),
	(000037,'2018-19 Fri','201819Fri');

/*!40000 ALTER TABLE `gibbonTTColumn` ENABLE KEYS */;
UNLOCK TABLES;


# Dump of table gibbonTTColumnRow
# ------------------------------------------------------------

LOCK TABLES `gibbonTTColumnRow` WRITE;
/*!40000 ALTER TABLE `gibbonTTColumnRow` DISABLE KEYS */;

INSERT INTO `gibbonTTColumnRow` (`gibbonTTColumnRowID`, `gibbonTTColumnID`, `name`, `nameShort`, `timeStart`, `timeEnd`, `type`)
VALUES
	(00000261,000033,'Registration','Reg','08:15:00','08:30:00','Pastoral'),
	(00000262,000033,'Period 1','P1','08:30:00','09:40:00','Lesson'),
	(00000263,000033,'Period 2','P2','09:40:00','10:50:00','Lesson'),
	(00000264,000033,'Break 1','B1','10:50:00','11:10:00','Break'),
	(00000265,000033,'Period 3','P3','11:10:00','12:20:00','Lesson'),
	(00000266,000033,'Break 2','B2','12:20:00','13:10:00','Break'),
	(00000267,000033,'Period 4','P4','13:10:00','14:20:00','Lesson'),
	(00000268,000033,'Period 5','P5','14:20:00','15:30:00','Lesson'),
	(00000269,000034,'Registration','Reg','08:15:00','08:30:00','Pastoral'),
	(00000270,000034,'Period 1','P1','08:30:00','09:40:00','Lesson'),
	(00000271,000034,'Period 2','P2','09:40:00','10:50:00','Lesson'),
	(00000272,000034,'Break 1','B1','10:50:00','11:10:00','Break'),
	(00000273,000034,'Period 3','P3','11:10:00','12:20:00','Lesson'),
	(00000274,000034,'Break 2','B2','12:20:00','13:10:00','Break'),
	(00000275,000034,'Period 4','P4','13:10:00','14:20:00','Lesson'),
	(00000276,000034,'Activities','Act','14:20:00','15:30:00','Other'),
	(00000277,000035,'Period 1','P1','09:10:00','10:20:00','Lesson'),
	(00000278,000035,'Period 2','P2','10:40:00','11:50:00','Lesson'),
	(00000279,000035,'Break 1','B1','10:20:00','10:40:00','Break'),
	(00000280,000035,'Period 3','P3','12:40:00','13:50:00','Lesson'),
	(00000281,000035,'Break 2','B2','11:50:00','12:40:00','Break'),
	(00000282,000035,'Period 4','P4','13:50:00','15:00:00','Lesson'),
	(00000283,000035,'Meetings','Mee','15:00:00','16:30:00','Other'),
	(00000284,000036,'Registration','Reg','08:15:00','08:30:00','Pastoral'),
	(00000285,000036,'Period 1','P1','08:30:00','09:40:00','Lesson'),
	(00000286,000036,'Period 2','P2','09:40:00','10:50:00','Lesson'),
	(00000287,000036,'Break 1','B1','10:50:00','11:10:00','Break'),
	(00000288,000036,'Period 3','P3','11:10:00','12:20:00','Lesson'),
	(00000289,000036,'Break 2','B2','12:20:00','13:10:00','Break'),
	(00000290,000036,'Period 4','P4','13:10:00','14:20:00','Lesson'),
	(00000291,000036,'Period 5','P5','14:20:00','15:30:00','Lesson'),
	(00000292,000037,'Tutorial','Reg','08:15:00','08:30:00','Pastoral'),
	(00000293,000037,'Period 1','P1','08:30:00','09:40:00','Lesson'),
	(00000294,000037,'Period 2','P2','09:40:00','10:50:00','Lesson'),
	(00000295,000037,'Break 1','B1','10:50:00','11:10:00','Break'),
	(00000296,000037,'Period 3','P3','11:10:00','12:20:00','Lesson'),
	(00000297,000037,'Break 2','B2','12:20:00','13:10:00','Break'),
	(00000298,000037,'Period 4','P4','13:10:00','14:20:00','Lesson'),
	(00000299,000037,'Period 5','P5','14:20:00','15:30:00','Lesson'),
	(00000300,000033,'Meetings','Meet','15:30:00','16:30:00','Other'),
	(00000301,000035,'Tutorial','Tut','08:15:00','09:10:00','Pastoral');

/*!40000 ALTER TABLE `gibbonTTColumnRow` ENABLE KEYS */;
UNLOCK TABLES;


# Dump of table gibbonTTDay
# ------------------------------------------------------------

LOCK TABLES `gibbonTTDay` WRITE;
/*!40000 ALTER TABLE `gibbonTTDay` DISABLE KEYS */;

INSERT INTO `gibbonTTDay` (`gibbonTTDayID`, `gibbonTTID`, `gibbonTTColumnID`, `name`, `nameShort`, `color`, `fontColor`)
VALUES
	(0000000051,00000009,000033,'Mon 1 Red','Mo1R','cc0000','ffffff'),
	(0000000052,00000009,000034,'Tue 1 Red','Tu1R','cc0000','ffffff'),
	(0000000053,00000009,000035,'Wed 1 Red','We1R','cc0000','ffffff'),
	(0000000054,00000009,000036,'Thu 1 Red','Th1R','cc0000','ffffff'),
	(0000000055,00000009,000037,'Fri 1 Red','Fr1R','cc0000','ffffff'),
	(0000000056,00000009,000033,'Mon 2 Blue','Mo2B','0000cc','ffffff'),
	(0000000057,00000009,000034,'Tue 2 Blue','Tu2B','0000cc','ffffff'),
	(0000000058,00000009,000035,'Wed 2 Blue','We2B','0000cc','ffffff'),
	(0000000059,00000009,000036,'Thu 2 Blue','Th2B','0000cc','ffffff'),
	(0000000060,00000009,000037,'Fri 2 Blue','Fr2B','0000cc','ffffff');

/*!40000 ALTER TABLE `gibbonTTDay` ENABLE KEYS */;
UNLOCK TABLES;


# Dump of table gibbonTTDayDate
# ------------------------------------------------------------

LOCK TABLES `gibbonTTDayDate` WRITE;
/*!40000 ALTER TABLE `gibbonTTDayDate` DISABLE KEYS */;

INSERT INTO `gibbonTTDayDate` (`gibbonTTDayDateID`, `gibbonTTDayID`, `date`)
VALUES
	(0000001459,0000000053,'2018-08-15'),
	(0000001460,0000000053,'2018-08-29'),
	(0000001461,0000000053,'2018-09-12'),
	(0000001462,0000000053,'2018-09-26'),
	(0000001463,0000000053,'2018-10-10'),
	(0000001464,0000000053,'2018-11-07'),
	(0000001465,0000000053,'2018-11-21'),
	(0000001466,0000000053,'2018-12-05'),
	(0000001467,0000000053,'2019-01-09'),
	(0000001468,0000000053,'2019-01-23'),
	(0000001469,0000000053,'2019-02-13'),
	(0000001470,0000000053,'2019-02-27'),
	(0000001471,0000000053,'2019-03-13'),
	(0000001472,0000000053,'2019-03-27'),
	(0000001473,0000000053,'2019-04-10'),
	(0000001474,0000000053,'2019-05-08'),
	(0000001475,0000000053,'2019-05-22'),
	(0000001476,0000000053,'2019-06-05'),
	(0000001477,0000000053,'2019-06-19'),
	(0000001478,0000000054,'2018-08-16'),
	(0000001479,0000000054,'2018-08-30'),
	(0000001480,0000000054,'2018-09-13'),
	(0000001481,0000000054,'2018-09-27'),
	(0000001482,0000000054,'2018-10-11'),
	(0000001483,0000000054,'2018-11-08'),
	(0000001484,0000000054,'2018-11-22'),
	(0000001485,0000000054,'2018-12-06'),
	(0000001486,0000000054,'2019-01-10'),
	(0000001487,0000000054,'2019-01-24'),
	(0000001488,0000000054,'2019-02-14'),
	(0000001489,0000000054,'2019-02-28'),
	(0000001490,0000000054,'2019-03-14'),
	(0000001491,0000000054,'2019-03-28'),
	(0000001492,0000000054,'2019-04-11'),
	(0000001493,0000000054,'2019-05-09'),
	(0000001494,0000000054,'2019-05-23'),
	(0000001495,0000000054,'2019-06-06'),
	(0000001496,0000000054,'2019-06-20'),
	(0000001497,0000000055,'2018-08-17'),
	(0000001498,0000000055,'2018-08-31'),
	(0000001499,0000000055,'2018-09-14'),
	(0000001500,0000000055,'2018-09-28'),
	(0000001501,0000000055,'2018-10-12'),
	(0000001502,0000000055,'2018-11-09'),
	(0000001503,0000000055,'2018-11-23'),
	(0000001504,0000000055,'2018-12-07'),
	(0000001505,0000000055,'2019-01-11'),
	(0000001506,0000000055,'2019-01-25'),
	(0000001507,0000000055,'2019-02-15'),
	(0000001508,0000000055,'2019-03-01'),
	(0000001509,0000000055,'2019-03-15'),
	(0000001510,0000000055,'2019-03-29'),
	(0000001511,0000000055,'2019-04-12'),
	(0000001512,0000000055,'2019-05-10'),
	(0000001513,0000000055,'2019-05-24'),
	(0000001514,0000000055,'2019-06-21'),
	(0000001515,0000000051,'2018-08-27'),
	(0000001516,0000000051,'2018-09-10'),
	(0000001517,0000000051,'2018-09-24'),
	(0000001518,0000000051,'2018-10-08'),
	(0000001519,0000000051,'2018-11-05'),
	(0000001520,0000000051,'2018-11-19'),
	(0000001521,0000000051,'2018-12-03'),
	(0000001522,0000000051,'2019-01-07'),
	(0000001523,0000000051,'2019-01-21'),
	(0000001524,0000000051,'2019-02-25'),
	(0000001525,0000000051,'2019-03-11'),
	(0000001526,0000000051,'2019-03-25'),
	(0000001527,0000000051,'2019-04-08'),
	(0000001528,0000000051,'2019-05-06'),
	(0000001529,0000000051,'2019-05-20'),
	(0000001530,0000000051,'2019-06-03'),
	(0000001531,0000000051,'2019-06-17'),
	(0000001532,0000000052,'2018-08-28'),
	(0000001533,0000000052,'2018-09-11'),
	(0000001534,0000000052,'2018-10-09'),
	(0000001535,0000000052,'2018-11-06'),
	(0000001536,0000000052,'2018-11-20'),
	(0000001537,0000000052,'2018-12-04'),
	(0000001538,0000000052,'2019-01-08'),
	(0000001539,0000000052,'2019-01-22'),
	(0000001540,0000000052,'2019-02-26'),
	(0000001541,0000000052,'2019-03-12'),
	(0000001542,0000000052,'2019-03-26'),
	(0000001543,0000000052,'2019-04-09'),
	(0000001544,0000000052,'2019-05-07'),
	(0000001545,0000000052,'2019-05-21'),
	(0000001546,0000000052,'2019-06-04'),
	(0000001547,0000000052,'2019-06-18'),
	(0000001548,0000000056,'2018-08-20'),
	(0000001549,0000000056,'2018-09-03'),
	(0000001550,0000000056,'2018-09-17'),
	(0000001551,0000000056,'2018-10-22'),
	(0000001552,0000000056,'2018-11-12'),
	(0000001553,0000000056,'2018-11-26'),
	(0000001554,0000000056,'2018-12-10'),
	(0000001555,0000000056,'2019-01-14'),
	(0000001556,0000000056,'2019-01-28'),
	(0000001557,0000000056,'2019-02-18'),
	(0000001558,0000000056,'2019-03-04'),
	(0000001559,0000000056,'2019-03-18'),
	(0000001560,0000000056,'2019-04-01'),
	(0000001561,0000000056,'2019-04-29'),
	(0000001562,0000000056,'2019-05-27'),
	(0000001563,0000000056,'2019-06-10'),
	(0000001564,0000000056,'2019-06-24'),
	(0000001565,0000000057,'2018-08-21'),
	(0000001566,0000000057,'2018-09-04'),
	(0000001567,0000000057,'2018-09-18'),
	(0000001568,0000000057,'2018-10-02'),
	(0000001569,0000000057,'2018-10-23'),
	(0000001570,0000000057,'2018-11-13'),
	(0000001571,0000000057,'2018-11-27'),
	(0000001572,0000000057,'2018-12-11'),
	(0000001573,0000000057,'2019-01-15'),
	(0000001574,0000000057,'2019-01-29'),
	(0000001575,0000000057,'2019-02-19'),
	(0000001576,0000000057,'2019-03-05'),
	(0000001577,0000000057,'2019-03-19'),
	(0000001578,0000000057,'2019-04-02'),
	(0000001579,0000000057,'2019-04-30'),
	(0000001580,0000000057,'2019-05-14'),
	(0000001581,0000000057,'2019-05-28'),
	(0000001582,0000000057,'2019-06-11'),
	(0000001583,0000000057,'2019-06-25'),
	(0000001584,0000000058,'2018-08-22'),
	(0000001585,0000000058,'2018-09-05'),
	(0000001586,0000000058,'2018-09-19'),
	(0000001587,0000000058,'2018-10-03'),
	(0000001588,0000000058,'2018-10-24'),
	(0000001589,0000000058,'2018-11-14'),
	(0000001590,0000000058,'2018-11-28'),
	(0000001591,0000000058,'2018-12-12'),
	(0000001592,0000000058,'2019-01-16'),
	(0000001593,0000000058,'2019-01-30'),
	(0000001594,0000000058,'2019-02-20'),
	(0000001595,0000000058,'2019-03-06'),
	(0000001596,0000000058,'2019-03-20'),
	(0000001597,0000000058,'2019-04-03'),
	(0000001598,0000000058,'2019-05-15'),
	(0000001599,0000000058,'2019-05-29'),
	(0000001600,0000000058,'2019-06-12'),
	(0000001601,0000000058,'2019-06-26'),
	(0000001602,0000000059,'2018-08-23'),
	(0000001603,0000000059,'2018-09-06'),
	(0000001604,0000000059,'2018-09-20'),
	(0000001605,0000000059,'2018-10-04'),
	(0000001606,0000000059,'2018-10-25'),
	(0000001607,0000000059,'2018-11-15'),
	(0000001608,0000000059,'2018-11-29'),
	(0000001609,0000000059,'2018-12-13'),
	(0000001610,0000000059,'2019-01-17'),
	(0000001611,0000000059,'2019-01-31'),
	(0000001612,0000000059,'2019-02-21'),
	(0000001613,0000000059,'2019-03-07'),
	(0000001614,0000000059,'2019-03-21'),
	(0000001615,0000000059,'2019-04-04'),
	(0000001616,0000000059,'2019-05-02'),
	(0000001617,0000000059,'2019-05-16'),
	(0000001618,0000000059,'2019-05-30'),
	(0000001619,0000000059,'2019-06-13'),
	(0000001620,0000000059,'2019-06-27'),
	(0000001621,0000000060,'2018-08-24'),
	(0000001622,0000000060,'2018-09-07'),
	(0000001623,0000000060,'2018-09-21'),
	(0000001624,0000000060,'2018-10-05'),
	(0000001625,0000000060,'2018-10-26'),
	(0000001626,0000000060,'2018-11-16'),
	(0000001627,0000000060,'2018-11-30'),
	(0000001628,0000000060,'2018-12-14'),
	(0000001629,0000000060,'2019-01-18'),
	(0000001630,0000000060,'2019-02-01'),
	(0000001631,0000000060,'2019-02-22'),
	(0000001632,0000000060,'2019-03-08'),
	(0000001633,0000000060,'2019-03-22'),
	(0000001634,0000000060,'2019-05-03'),
	(0000001635,0000000060,'2019-05-17'),
	(0000001636,0000000060,'2019-05-31'),
	(0000001637,0000000060,'2019-06-14'),
	(0000001638,0000000060,'2019-06-28');

/*!40000 ALTER TABLE `gibbonTTDayDate` ENABLE KEYS */;
UNLOCK TABLES;


# Dump of table gibbonTTDayRowClass
# ------------------------------------------------------------

LOCK TABLES `gibbonTTDayRowClass` WRITE;
/*!40000 ALTER TABLE `gibbonTTDayRowClass` DISABLE KEYS */;

INSERT INTO `gibbonTTDayRowClass` (`gibbonTTDayRowClassID`, `gibbonTTColumnRowID`, `gibbonTTDayID`, `gibbonCourseClassID`, `gibbonSpaceID`)
VALUES
	(000000011974,00000296,0000000055,00002137,00007),
	(000000011975,00000293,0000000060,00002137,00007),
	(000000011976,00000268,0000000051,00002136,00007),
	(000000011977,00000268,0000000056,00002136,00007),
	(000000011978,00000296,0000000060,00002135,00007),
	(000000011979,00000278,0000000058,00002135,00007),
	(000000011980,00000294,0000000055,00002208,00007),
	(000000011981,00000294,0000000060,00002208,00007),
	(000000011982,00000273,0000000052,00002208,00007),
	(000000011983,00000275,0000000052,00002208,00007),
	(000000011984,00000275,0000000057,00002208,00007),
	(000000011985,00000285,0000000054,00002005,00007),
	(000000011986,00000286,0000000054,00002005,00007),
	(000000011987,00000285,0000000059,00002005,00007),
	(000000011988,00000270,0000000052,00002005,00007),
	(000000011989,00000270,0000000057,00002005,00007),
	(000000011990,00000267,0000000051,00002037,00007),
	(000000011991,00000267,0000000056,00002037,00007),
	(000000011992,00000288,0000000054,00002037,00007),
	(000000011993,00000288,0000000059,00002037,00007),
	(000000011994,00000290,0000000059,00002037,00007),
	(000000011995,00000285,0000000054,00002140,00010),
	(000000011996,00000288,0000000054,00002140,00008),
	(000000011997,00000285,0000000059,00002140,00010),
	(000000011998,00000288,0000000059,00002140,00005),
	(000000011999,00000282,0000000058,00002140,00005),
	(000000012000,00000294,0000000055,00002139,00031),
	(000000012001,00000294,0000000060,00002139,00031),
	(000000012002,00000263,0000000051,00002139,00031),
	(000000012003,00000286,0000000054,00002139,00031),
	(000000012004,00000286,0000000059,00002139,00031),
	(000000012005,00000294,0000000055,00002138,00030),
	(000000012006,00000268,0000000051,00002138,00030),
	(000000012007,00000288,0000000054,00002138,00030),
	(000000012008,00000288,0000000059,00002138,00030),
	(000000012009,00000273,0000000057,00002138,00030),
	(000000012010,00000293,0000000055,00002174,00030),
	(000000012011,00000299,0000000060,00002174,00030),
	(000000012012,00000291,0000000059,00002174,00030),
	(000000012013,00000280,0000000053,00002174,00030),
	(000000012014,00000282,0000000053,00002174,00030),
	(000000012015,00000280,0000000058,00002174,00030),
	(000000012016,00000299,0000000055,00002173,00030),
	(000000012017,00000290,0000000054,00002173,00030),
	(000000012018,00000270,0000000052,00002173,00030),
	(000000012019,00000278,0000000053,00002173,00030),
	(000000012020,00000278,0000000058,00002173,00030),
	(000000012021,00000282,0000000058,00002173,00030),
	(000000012022,00000299,0000000055,00002172,00023),
	(000000012023,00000299,0000000060,00002172,00023),
	(000000012024,00000267,0000000051,00002172,00023),
	(000000012025,00000262,0000000056,00002172,00023),
	(000000012026,00000280,0000000053,00002172,00023),
	(000000012027,00000280,0000000058,00002172,00023),
	(000000012028,00000285,0000000054,00002065,00032),
	(000000012029,00000285,0000000059,00002065,00032),
	(000000012030,00000275,0000000052,00002065,00032),
	(000000012031,00000275,0000000057,00002065,00032),
	(000000012032,00000293,0000000055,00002103,00032),
	(000000012033,00000293,0000000060,00002103,00032),
	(000000012034,00000299,0000000055,00002066,00032),
	(000000012035,00000299,0000000060,00002066,00032),
	(000000012036,00000277,0000000053,00002066,00032),
	(000000012037,00000277,0000000058,00002066,00032),
	(000000012038,00000291,0000000054,00002104,00032),
	(000000012039,00000291,0000000059,00002104,00032),
	(000000012040,00000278,0000000053,00002104,00032),
	(000000012041,00000278,0000000058,00002104,00032),
	(000000012042,00000299,0000000055,00002142,00047),
	(000000012043,00000299,0000000060,00002142,00047),
	(000000012044,00000267,0000000051,00002142,00047),
	(000000012045,00000267,0000000056,00002142,00047),
	(000000012046,00000277,0000000053,00002142,00047),
	(000000012047,00000277,0000000058,00002142,00047),
	(000000012048,00000299,0000000055,00002141,00050),
	(000000012049,00000299,0000000060,00002141,00050),
	(000000012050,00000267,0000000051,00002141,00050),
	(000000012051,00000267,0000000056,00002141,00050),
	(000000012052,00000277,0000000053,00002141,00050),
	(000000012053,00000277,0000000058,00002141,00050),
	(000000012054,00000268,0000000051,00002176,00047),
	(000000012055,00000268,0000000056,00002176,00047),
	(000000012056,00000286,0000000054,00002176,00047),
	(000000012057,00000286,0000000059,00002176,00047),
	(000000012058,00000273,0000000052,00002176,00047),
	(000000012059,00000273,0000000057,00002176,00047),
	(000000012060,00000268,0000000051,00002175,00050),
	(000000012061,00000268,0000000056,00002175,00050),
	(000000012062,00000286,0000000054,00002175,00050),
	(000000012063,00000286,0000000059,00002175,00050),
	(000000012064,00000273,0000000052,00002175,00050),
	(000000012065,00000273,0000000057,00002175,00050),
	(000000012066,00000298,0000000055,00002210,00050),
	(000000012067,00000298,0000000060,00002210,00050),
	(000000012068,00000291,0000000054,00002210,00050),
	(000000012069,00000291,0000000059,00002210,00050),
	(000000012070,00000282,0000000053,00002210,00050),
	(000000012071,00000282,0000000058,00002210,00050),
	(000000012072,00000298,0000000055,00002209,00049),
	(000000012073,00000298,0000000060,00002209,00049),
	(000000012074,00000291,0000000054,00002209,00049),
	(000000012075,00000291,0000000059,00002209,00049),
	(000000012076,00000282,0000000053,00002209,00049),
	(000000012077,00000282,0000000058,00002209,00049),
	(000000012078,00000293,0000000055,00002007,00050),
	(000000012079,00000293,0000000060,00002007,00050),
	(000000012080,00000265,0000000051,00002007,00050),
	(000000012081,00000265,0000000056,00002007,00050),
	(000000012082,00000288,0000000054,00002007,00050),
	(000000012083,00000288,0000000059,00002007,00050),
	(000000012084,00000293,0000000055,00002006,00049),
	(000000012085,00000293,0000000060,00002006,00049),
	(000000012086,00000265,0000000051,00002006,00049),
	(000000012087,00000265,0000000056,00002006,00049),
	(000000012088,00000288,0000000054,00002006,00049),
	(000000012089,00000288,0000000059,00002006,00049),
	(000000012090,00000262,0000000051,00002039,00048),
	(000000012091,00000262,0000000056,00002039,00048),
	(000000012092,00000270,0000000052,00002039,00048),
	(000000012093,00000270,0000000057,00002039,00048),
	(000000012094,00000278,0000000053,00002039,00047),
	(000000012095,00000278,0000000058,00002039,00047),
	(000000012096,00000262,0000000051,00002038,00050),
	(000000012097,00000262,0000000056,00002038,00050),
	(000000012098,00000270,0000000052,00002038,00050),
	(000000012099,00000270,0000000057,00002038,00050),
	(000000012100,00000278,0000000053,00002038,00050),
	(000000012101,00000278,0000000058,00002038,00050),
	(000000012102,00000296,0000000055,00002068,00022),
	(000000012103,00000296,0000000060,00002068,00022),
	(000000012104,00000270,0000000052,00002068,00022),
	(000000012105,00000270,0000000057,00002068,00022),
	(000000012106,00000286,0000000054,00002106,00022),
	(000000012107,00000286,0000000059,00002106,00022),
	(000000012108,00000262,0000000051,00002069,00022),
	(000000012109,00000262,0000000056,00002069,00022),
	(000000012110,00000288,0000000054,00002069,00022),
	(000000012111,00000288,0000000059,00002069,00022),
	(000000012112,00000271,0000000052,00002107,00022),
	(000000012113,00000271,0000000057,00002107,00022),
	(000000012114,00000280,0000000053,00002107,00022),
	(000000012115,00000280,0000000058,00002107,00022),
	(000000012116,00000299,0000000055,00002144,00049),
	(000000012117,00000299,0000000060,00002144,00049),
	(000000012118,00000267,0000000051,00002144,00049),
	(000000012119,00000267,0000000056,00002144,00049),
	(000000012120,00000277,0000000053,00002144,00049),
	(000000012121,00000277,0000000058,00002144,00049),
	(000000012122,00000299,0000000055,00002143,00048),
	(000000012123,00000299,0000000060,00002143,00048),
	(000000012124,00000267,0000000051,00002143,00048),
	(000000012125,00000267,0000000056,00002143,00048),
	(000000012126,00000277,0000000053,00002143,00048),
	(000000012127,00000277,0000000058,00002143,00048),
	(000000012128,00000268,0000000051,00002178,00048),
	(000000012129,00000268,0000000056,00002178,00048),
	(000000012130,00000286,0000000054,00002178,00048),
	(000000012131,00000286,0000000059,00002178,00048),
	(000000012132,00000273,0000000052,00002178,00048),
	(000000012133,00000273,0000000057,00002178,00048),
	(000000012134,00000268,0000000051,00002177,00049),
	(000000012135,00000268,0000000056,00002177,00049),
	(000000012136,00000286,0000000054,00002177,00049),
	(000000012137,00000286,0000000059,00002177,00049),
	(000000012138,00000273,0000000052,00002177,00049),
	(000000012139,00000273,0000000057,00002177,00049),
	(000000012140,00000298,0000000055,00002211,00047),
	(000000012141,00000298,0000000060,00002211,00047),
	(000000012142,00000291,0000000054,00002211,00047),
	(000000012143,00000291,0000000059,00002211,00047),
	(000000012144,00000282,0000000053,00002211,00047),
	(000000012145,00000282,0000000058,00002211,00047),
	(000000012146,00000298,0000000055,00002241,00048),
	(000000012147,00000298,0000000060,00002241,00048),
	(000000012148,00000291,0000000054,00002241,00048),
	(000000012149,00000291,0000000059,00002241,00048),
	(000000012150,00000282,0000000053,00002241,00048),
	(000000012151,00000282,0000000058,00002241,00048),
	(000000012152,00000293,0000000055,00002009,00047),
	(000000012153,00000293,0000000060,00002009,00047),
	(000000012154,00000265,0000000051,00002009,00047),
	(000000012155,00000265,0000000056,00002009,00047),
	(000000012156,00000288,0000000054,00002009,00047),
	(000000012157,00000288,0000000059,00002009,00047),
	(000000012158,00000293,0000000055,00002008,00048),
	(000000012159,00000293,0000000060,00002008,00048),
	(000000012160,00000265,0000000051,00002008,00048),
	(000000012161,00000265,0000000056,00002008,00048),
	(000000012162,00000288,0000000054,00002008,00048),
	(000000012163,00000288,0000000059,00002008,00048),
	(000000012164,00000262,0000000051,00002040,00049),
	(000000012165,00000262,0000000056,00002040,00049),
	(000000012166,00000270,0000000052,00002040,00049),
	(000000012167,00000270,0000000057,00002040,00049),
	(000000012168,00000278,0000000053,00002040,00049),
	(000000012169,00000278,0000000058,00002040,00049),
	(000000012170,00000294,0000000055,00002070,00049),
	(000000012171,00000294,0000000060,00002070,00049),
	(000000012172,00000263,0000000051,00002070,00049),
	(000000012173,00000263,0000000056,00002070,00049),
	(000000012174,00000271,0000000052,00002070,00049),
	(000000012175,00000271,0000000057,00002070,00049),
	(000000012176,00000280,0000000053,00002070,00049),
	(000000012177,00000280,0000000058,00002070,00049),
	(000000012178,00000296,0000000055,00002109,00050),
	(000000012179,00000296,0000000060,00002109,00050),
	(000000012180,00000290,0000000054,00002109,00050),
	(000000012181,00000290,0000000059,00002109,00050),
	(000000012182,00000275,0000000052,00002109,00050),
	(000000012183,00000275,0000000057,00002109,00050),
	(000000012184,00000294,0000000055,00002071,00048),
	(000000012185,00000294,0000000060,00002071,00048),
	(000000012186,00000263,0000000051,00002071,00048),
	(000000012187,00000263,0000000056,00002071,00048),
	(000000012188,00000296,0000000055,00002110,00047),
	(000000012189,00000296,0000000060,00002110,00047),
	(000000012190,00000275,0000000052,00002110,00047),
	(000000012191,00000275,0000000057,00002110,00047),
	(000000012192,00000262,0000000051,00002181,00047),
	(000000012193,00000271,0000000052,00002181,00047),
	(000000012194,00000262,0000000056,00002180,00047),
	(000000012195,00000270,0000000057,00002180,00047),
	(000000012196,00000270,0000000052,00002179,00047),
	(000000012197,00000271,0000000057,00002179,00047),
	(000000012198,00000285,0000000054,00002010,00028),
	(000000012199,00000286,0000000054,00002010,00028),
	(000000012200,00000285,0000000059,00002010,00028),
	(000000012201,00000270,0000000052,00002010,00028),
	(000000012202,00000270,0000000057,00002010,00028),
	(000000012203,00000267,0000000051,00002041,00012),
	(000000012204,00000267,0000000056,00002041,00012),
	(000000012205,00000288,0000000054,00002041,00028),
	(000000012206,00000288,0000000059,00002041,00012),
	(000000012207,00000290,0000000059,00002041,00012),
	(000000012208,00000296,0000000055,00002011,00030),
	(000000012209,00000296,0000000060,00002011,00030),
	(000000012210,00000267,0000000051,00002011,00030),
	(000000012211,00000267,0000000056,00002011,00030),
	(000000012212,00000286,0000000059,00002011,00030),
	(000000012213,00000298,0000000055,00002042,00030),
	(000000012214,00000298,0000000060,00002042,00030),
	(000000012215,00000263,0000000051,00002042,00030),
	(000000012216,00000263,0000000056,00002042,00030),
	(000000012217,00000291,0000000054,00002042,00030),
	(000000012218,00000299,0000000055,00002073,00031),
	(000000012219,00000299,0000000060,00002073,00031),
	(000000012220,00000277,0000000053,00002073,00031),
	(000000012221,00000277,0000000058,00002073,00031),
	(000000012222,00000262,0000000051,00002250,00031),
	(000000012223,00000262,0000000056,00002250,00031),
	(000000012224,00000285,0000000054,00002074,00031),
	(000000012225,00000285,0000000059,00002074,00031),
	(000000012226,00000275,0000000052,00002074,00031),
	(000000012227,00000275,0000000057,00002074,00031),
	(000000012228,00000298,0000000055,00002111,00031),
	(000000012229,00000298,0000000060,00002111,00031),
	(000000012230,00000282,0000000053,00002111,00031),
	(000000012231,00000282,0000000058,00002111,00031),
	(000000012232,00000290,0000000054,00002146,00005),
	(000000012233,00000290,0000000059,00002146,00005),
	(000000012234,00000275,0000000052,00002146,00002),
	(000000012235,00000275,0000000057,00002146,00002),
	(000000012236,00000280,0000000053,00002146,00019),
	(000000012237,00000280,0000000058,00002146,00005),
	(000000012238,00000290,0000000054,00002145,00004),
	(000000012239,00000290,0000000059,00002145,00004),
	(000000012240,00000275,0000000052,00002145,00004),
	(000000012241,00000275,0000000057,00002145,00004),
	(000000012242,00000280,0000000053,00002145,00004),
	(000000012243,00000280,0000000058,00002145,00004),
	(000000012244,00000290,0000000054,00002147,00009),
	(000000012245,00000290,0000000059,00002147,00008),
	(000000012246,00000275,0000000052,00002147,00009),
	(000000012247,00000275,0000000057,00002147,00009),
	(000000012248,00000280,0000000053,00002147,00009),
	(000000012249,00000280,0000000058,00002147,00009),
	(000000012250,00000294,0000000055,00002182,00001),
	(000000012251,00000294,0000000060,00002182,00004),
	(000000012252,00000263,0000000051,00002182,00004),
	(000000012253,00000263,0000000056,00002182,00004),
	(000000012254,00000285,0000000054,00002182,00001),
	(000000012255,00000285,0000000059,00002182,00001),
	(000000012256,00000294,0000000055,00002184,00002),
	(000000012257,00000294,0000000060,00002184,00002),
	(000000012258,00000263,0000000051,00002184,00002),
	(000000012259,00000263,0000000056,00002184,00002),
	(000000012260,00000285,0000000054,00002184,00002),
	(000000012261,00000285,0000000059,00002184,00002),
	(000000012262,00000294,0000000055,00002183,00006),
	(000000012263,00000294,0000000060,00002183,00006),
	(000000012264,00000263,0000000051,00002183,00006),
	(000000012265,00000263,0000000056,00002183,00006),
	(000000012266,00000285,0000000054,00002183,00006),
	(000000012267,00000285,0000000059,00002183,00006),
	(000000012268,00000294,0000000055,00002234,00005),
	(000000012269,00000294,0000000060,00002234,00005),
	(000000012270,00000263,0000000051,00002234,00008),
	(000000012271,00000263,0000000056,00002234,00008),
	(000000012272,00000285,0000000054,00002234,00008),
	(000000012273,00000285,0000000059,00002234,00008),
	(000000012274,00000296,0000000055,00002212,00006),
	(000000012275,00000296,0000000060,00002212,00006),
	(000000012276,00000270,0000000052,00002212,00006),
	(000000012277,00000270,0000000057,00002212,00006),
	(000000012278,00000278,0000000053,00002212,00006),
	(000000012279,00000278,0000000058,00002212,00006),
	(000000012280,00000296,0000000055,00002213,00008),
	(000000012281,00000296,0000000060,00002213,00008),
	(000000012282,00000270,0000000052,00002213,00008),
	(000000012283,00000270,0000000057,00002213,00008),
	(000000012284,00000278,0000000053,00002213,00008),
	(000000012285,00000278,0000000058,00002213,00008),
	(000000012286,00000296,0000000055,00002214,00002),
	(000000012287,00000296,0000000060,00002214,00002),
	(000000012288,00000270,0000000052,00002214,00002),
	(000000012289,00000270,0000000057,00002214,00002),
	(000000012290,00000278,0000000053,00002214,00002),
	(000000012291,00000278,0000000058,00002214,00002),
	(000000012292,00000298,0000000055,00002014,00001),
	(000000012293,00000298,0000000060,00002014,00001),
	(000000012294,00000262,0000000051,00002014,00001),
	(000000012295,00000262,0000000056,00002014,00001),
	(000000012296,00000277,0000000053,00002014,00001),
	(000000012297,00000277,0000000058,00002014,00001),
	(000000012298,00000298,0000000055,00002012,00004),
	(000000012299,00000298,0000000060,00002012,00004),
	(000000012300,00000262,0000000051,00002012,00004),
	(000000012301,00000262,0000000056,00002012,00004),
	(000000012302,00000277,0000000053,00002012,00004),
	(000000012303,00000277,0000000058,00002012,00004),
	(000000012304,00000298,0000000055,00002013,00002),
	(000000012305,00000298,0000000060,00002013,00002),
	(000000012306,00000262,0000000051,00002013,00002),
	(000000012307,00000262,0000000056,00002013,00006),
	(000000012308,00000277,0000000053,00002013,00002),
	(000000012309,00000277,0000000058,00002013,00002),
	(000000012310,00000299,0000000055,00002044,00001),
	(000000012311,00000299,0000000060,00002044,00001),
	(000000012312,00000290,0000000054,00002044,00001),
	(000000012313,00000291,0000000059,00002044,00001),
	(000000012314,00000273,0000000057,00002044,00001),
	(000000012315,00000280,0000000053,00002044,00001),
	(000000012316,00000280,0000000058,00002044,00001),
	(000000012317,00000299,0000000055,00002045,00006),
	(000000012318,00000299,0000000060,00002045,00006),
	(000000012319,00000290,0000000054,00002045,00006),
	(000000012320,00000291,0000000059,00002045,00006),
	(000000012321,00000273,0000000057,00002045,00006),
	(000000012322,00000280,0000000053,00002045,00006),
	(000000012323,00000280,0000000058,00002045,00006),
	(000000012324,00000299,0000000055,00002043,00002),
	(000000012325,00000299,0000000060,00002043,00002),
	(000000012326,00000290,0000000054,00002043,00002),
	(000000012327,00000291,0000000059,00002043,00002),
	(000000012328,00000273,0000000057,00002043,00002),
	(000000012329,00000280,0000000053,00002043,00002),
	(000000012330,00000280,0000000058,00002043,00002),
	(000000012331,00000280,0000000053,00002017,00008),
	(000000012332,00000282,0000000053,00002017,00008),
	(000000012333,00000280,0000000058,00002017,00008),
	(000000012334,00000282,0000000058,00002017,00008),
	(000000012335,00000280,0000000053,00002016,00005),
	(000000012336,00000282,0000000053,00002016,00004),
	(000000012337,00000280,0000000058,00002016,00011),
	(000000012338,00000282,0000000058,00002016,00009),
	(000000012339,00000293,0000000060,00002046,00028),
	(000000012340,00000271,0000000052,00002046,00008),
	(000000012341,00000273,0000000052,00002046,00005),
	(000000012342,00000271,0000000057,00002046,00008),
	(000000012343,00000293,0000000060,00002238,00008),
	(000000012344,00000271,0000000052,00002238,00006),
	(000000012345,00000273,0000000052,00002238,00006),
	(000000012346,00000271,0000000057,00002238,00006),
	(000000012347,00000296,0000000055,00002076,00004),
	(000000012348,00000296,0000000060,00002076,00004),
	(000000012349,00000267,0000000051,00002076,00004),
	(000000012350,00000267,0000000056,00002076,00004),
	(000000012351,00000286,0000000054,00002076,00004),
	(000000012352,00000286,0000000059,00002076,00004),
	(000000012353,00000270,0000000052,00002076,00004),
	(000000012354,00000270,0000000057,00002076,00004),
	(000000012355,00000282,0000000053,00002113,00001),
	(000000012356,00000282,0000000058,00002113,00001),
	(000000012357,00000293,0000000055,00002112,00004),
	(000000012358,00000293,0000000060,00002112,00004),
	(000000012359,00000267,0000000051,00002078,00002),
	(000000012360,00000267,0000000056,00002078,00002),
	(000000012361,00000286,0000000054,00002078,00002),
	(000000012362,00000286,0000000059,00002078,00002),
	(000000012363,00000263,0000000051,00002115,00001),
	(000000012364,00000263,0000000056,00002115,00001),
	(000000012365,00000270,0000000052,00002115,00001),
	(000000012366,00000270,0000000057,00002115,00001),
	(000000012367,00000291,0000000054,00002114,00004),
	(000000012368,00000291,0000000059,00002114,00004),
	(000000012369,00000278,0000000053,00002114,00004),
	(000000012370,00000278,0000000058,00002114,00004),
	(000000012371,00000262,0000000051,00002079,00011),
	(000000012372,00000262,0000000056,00002079,00011),
	(000000012373,00000288,0000000054,00002079,00011),
	(000000012374,00000288,0000000059,00002079,00011),
	(000000012375,00000298,0000000055,00002116,00011),
	(000000012376,00000298,0000000060,00002116,00011),
	(000000012377,00000282,0000000053,00002116,00011),
	(000000012378,00000282,0000000058,00002116,00011),
	(000000012379,00000296,0000000055,00002018,00011),
	(000000012380,00000296,0000000060,00002018,00011),
	(000000012381,00000267,0000000051,00002018,00011),
	(000000012382,00000267,0000000056,00002018,00011),
	(000000012383,00000286,0000000059,00002018,00011),
	(000000012384,00000298,0000000055,00002048,00022),
	(000000012385,00000298,0000000060,00002048,00022),
	(000000012386,00000263,0000000051,00002048,00022),
	(000000012387,00000263,0000000056,00002048,00022),
	(000000012388,00000291,0000000054,00002048,00022),
	(000000012389,00000263,0000000051,00002150,00028),
	(000000012390,00000263,0000000056,00002150,00028),
	(000000012391,00000278,0000000053,00002150,00028),
	(000000012392,00000296,0000000055,00002149,00028),
	(000000012393,00000265,0000000056,00002149,00028),
	(000000012394,00000271,0000000057,00002149,00012),
	(000000012395,00000293,0000000055,00002148,00028),
	(000000012396,00000265,0000000051,00002148,00028),
	(000000012397,00000268,0000000056,00002148,00012),
	(000000012398,00000299,0000000055,00002187,00028),
	(000000012399,00000293,0000000060,00002187,00012),
	(000000012400,00000277,0000000053,00002187,00012),
	(000000012401,00000277,0000000058,00002187,00012),
	(000000012402,00000267,0000000051,00002186,00028),
	(000000012403,00000291,0000000054,00002186,00028),
	(000000012404,00000291,0000000059,00002186,00028),
	(000000012405,00000277,0000000053,00002186,00028),
	(000000012406,00000298,0000000055,00002185,00028),
	(000000012407,00000298,0000000060,00002185,00028),
	(000000012408,00000291,0000000054,00002185,00012),
	(000000012409,00000291,0000000059,00002185,00012),
	(000000012410,00000294,0000000055,00002215,00028),
	(000000012411,00000294,0000000060,00002215,00028),
	(000000012412,00000273,0000000052,00002215,00028),
	(000000012413,00000275,0000000052,00002215,00028),
	(000000012414,00000275,0000000057,00002215,00028),
	(000000012415,00000265,0000000051,00002153,00009),
	(000000012416,00000268,0000000051,00002153,00009),
	(000000012417,00000271,0000000052,00002153,00009),
	(000000012418,00000271,0000000057,00002153,00009),
	(000000012419,00000263,0000000056,00002152,00009),
	(000000012420,00000291,0000000054,00002152,00009),
	(000000012421,00000282,0000000053,00002152,00009),
	(000000012422,00000278,0000000058,00002152,00009),
	(000000012423,00000263,0000000051,00002151,00009),
	(000000012424,00000265,0000000056,00002151,00009),
	(000000012425,00000291,0000000059,00002151,00009),
	(000000012426,00000278,0000000053,00002151,00009),
	(000000012427,00000298,0000000055,00002190,00006),
	(000000012428,00000298,0000000060,00002190,00006),
	(000000012429,00000296,0000000055,00002189,00009),
	(000000012430,00000296,0000000060,00002189,00009),
	(000000012431,00000282,0000000053,00002188,00006),
	(000000012432,00000282,0000000058,00002188,00006),
	(000000012433,00000263,0000000056,00002217,00005),
	(000000012434,00000286,0000000059,00002217,00006),
	(000000012435,00000267,0000000051,00002216,00006),
	(000000012436,00000267,0000000056,00002216,00006),
	(000000012437,00000265,0000000051,00002237,00001),
	(000000012438,00000286,0000000054,00002237,00001),
	(000000012439,00000285,0000000054,00002118,00005),
	(000000012440,00000285,0000000059,00002118,00005),
	(000000012441,00000275,0000000052,00002118,00005),
	(000000012442,00000275,0000000057,00002118,00005),
	(000000012443,00000296,0000000055,00002248,00005),
	(000000012444,00000296,0000000060,00002248,00005),
	(000000012445,00000270,0000000052,00002248,00005),
	(000000012446,00000270,0000000057,00002248,00005),
	(000000012447,00000296,0000000055,00002019,00029),
	(000000012448,00000296,0000000060,00002019,00029),
	(000000012449,00000267,0000000051,00002019,00029),
	(000000012450,00000267,0000000056,00002019,00029),
	(000000012451,00000286,0000000059,00002019,00029),
	(000000012452,00000298,0000000055,00002050,00029),
	(000000012453,00000298,0000000060,00002050,00029),
	(000000012454,00000263,0000000051,00002050,00029),
	(000000012455,00000263,0000000056,00002050,00029),
	(000000012456,00000291,0000000054,00002050,00029),
	(000000012457,00000271,0000000052,00002240,00029),
	(000000012458,00000271,0000000057,00002240,00029),
	(000000012459,00000280,0000000053,00002240,00029),
	(000000012460,00000280,0000000058,00002240,00029),
	(000000012461,00000268,0000000051,00002120,00029),
	(000000012462,00000268,0000000056,00002120,00029),
	(000000012463,00000290,0000000054,00002120,00029),
	(000000012464,00000290,0000000059,00002120,00029),
	(000000012465,00000286,0000000054,00002156,00005),
	(000000012466,00000286,0000000059,00002156,00005),
	(000000012467,00000291,0000000059,00002156,00005),
	(000000012468,00000282,0000000053,00002156,00005),
	(000000012469,00000288,0000000054,00002155,00005),
	(000000012470,00000285,0000000059,00002155,00004),
	(000000012471,00000288,0000000059,00002155,00008),
	(000000012472,00000271,0000000052,00002155,00005),
	(000000012473,00000286,0000000054,00002154,00008),
	(000000012474,00000291,0000000054,00002154,00008),
	(000000012475,00000286,0000000059,00002154,00008),
	(000000012476,00000282,0000000058,00002154,00004),
	(000000012477,00000291,0000000054,00002193,00010),
	(000000012478,00000270,0000000057,00002193,00010),
	(000000012479,00000278,0000000053,00002193,00010),
	(000000012480,00000278,0000000058,00002193,00010),
	(000000012481,00000299,0000000060,00002192,00017),
	(000000012482,00000290,0000000059,00002192,00017),
	(000000012483,00000280,0000000053,00002192,00017),
	(000000012484,00000280,0000000058,00002192,00017),
	(000000012485,00000293,0000000055,00002191,00031),
	(000000012486,00000293,0000000060,00002191,00031),
	(000000012487,00000278,0000000053,00002191,00031),
	(000000012488,00000278,0000000058,00002191,00031),
	(000000012489,00000293,0000000055,00002219,00008),
	(000000012490,00000293,0000000060,00002219,00002),
	(000000012491,00000265,0000000051,00002219,00008),
	(000000012492,00000265,0000000056,00002219,00008),
	(000000012493,00000290,0000000054,00002218,00010),
	(000000012494,00000271,0000000052,00002218,00010),
	(000000012495,00000271,0000000057,00002218,00010),
	(000000012496,00000280,0000000058,00002218,00010),
	(000000012497,00000293,0000000055,00002236,00002),
	(000000012498,00000262,0000000056,00002236,00002),
	(000000012499,00000290,0000000059,00002236,00002),
	(000000012500,00000271,0000000052,00002236,00002),
	(000000012501,00000294,0000000055,00002021,00029),
	(000000012502,00000294,0000000060,00002021,00029),
	(000000012503,00000275,0000000052,00002020,00001),
	(000000012504,00000275,0000000057,00002020,00001),
	(000000012505,00000267,0000000051,00002221,00031),
	(000000012506,00000267,0000000056,00002221,00031),
	(000000012507,00000290,0000000054,00002221,00031),
	(000000012508,00000290,0000000059,00002221,00031),
	(000000012509,00000273,0000000057,00002221,00031),
	(000000012510,00000280,0000000053,00002221,00031),
	(000000012511,00000293,0000000055,00002220,00029),
	(000000012512,00000293,0000000060,00002220,00029),
	(000000012513,00000265,0000000051,00002220,00029),
	(000000012514,00000262,0000000056,00002220,00029),
	(000000012515,00000286,0000000054,00002220,00029),
	(000000012516,00000288,0000000059,00002220,00029),
	(000000012517,00000299,0000000055,00002239,00029),
	(000000012518,00000299,0000000060,00002239,00029),
	(000000012519,00000262,0000000051,00002239,00029),
	(000000012520,00000265,0000000056,00002239,00029),
	(000000012521,00000288,0000000054,00002239,00029),
	(000000012522,00000273,0000000057,00002239,00029),
	(000000012523,00000299,0000000055,00002157,00026),
	(000000012524,00000299,0000000060,00002157,00026),
	(000000012525,00000267,0000000051,00002157,00026),
	(000000012526,00000267,0000000056,00002157,00026),
	(000000012527,00000277,0000000053,00002157,00026),
	(000000012528,00000277,0000000058,00002157,00026),
	(000000012529,00000268,0000000051,00002194,00026),
	(000000012530,00000268,0000000056,00002194,00026),
	(000000012531,00000286,0000000054,00002194,00026),
	(000000012532,00000286,0000000059,00002194,00026),
	(000000012533,00000273,0000000052,00002194,00026),
	(000000012534,00000273,0000000057,00002194,00026),
	(000000012535,00000298,0000000055,00002222,00026),
	(000000012536,00000298,0000000060,00002222,00026),
	(000000012537,00000291,0000000054,00002222,00026),
	(000000012538,00000291,0000000059,00002222,00026),
	(000000012539,00000282,0000000053,00002222,00026),
	(000000012540,00000282,0000000058,00002222,00026),
	(000000012541,00000293,0000000055,00002022,00026),
	(000000012542,00000293,0000000060,00002022,00026),
	(000000012543,00000265,0000000051,00002022,00026),
	(000000012544,00000265,0000000056,00002022,00026),
	(000000012545,00000288,0000000054,00002022,00026),
	(000000012546,00000288,0000000059,00002022,00026),
	(000000012547,00000262,0000000051,00002052,00026),
	(000000012548,00000262,0000000056,00002052,00026),
	(000000012549,00000270,0000000052,00002052,00026),
	(000000012550,00000270,0000000057,00002052,00026),
	(000000012551,00000278,0000000053,00002052,00026),
	(000000012552,00000278,0000000058,00002052,00026),
	(000000012553,00000298,0000000055,00002161,00018),
	(000000012554,00000298,0000000060,00002161,00018),
	(000000012555,00000262,0000000051,00002161,00018),
	(000000012556,00000262,0000000056,00002161,00018),
	(000000012557,00000270,0000000052,00002161,00018),
	(000000012558,00000270,0000000057,00002161,00018),
	(000000012559,00000298,0000000055,00002159,00017),
	(000000012560,00000298,0000000060,00002159,00017),
	(000000012561,00000262,0000000051,00002159,00017),
	(000000012562,00000262,0000000056,00002159,00017),
	(000000012563,00000270,0000000052,00002159,00017),
	(000000012564,00000270,0000000057,00002159,00017),
	(000000012565,00000298,0000000055,00002158,00020),
	(000000012566,00000298,0000000060,00002158,00020),
	(000000012567,00000262,0000000051,00002158,00020),
	(000000012568,00000262,0000000056,00002158,00020),
	(000000012569,00000270,0000000052,00002158,00020),
	(000000012570,00000270,0000000057,00002158,00020),
	(000000012571,00000265,0000000051,00002197,00020),
	(000000012572,00000265,0000000056,00002197,00020),
	(000000012573,00000288,0000000054,00002197,00020),
	(000000012574,00000288,0000000059,00002197,00020),
	(000000012575,00000275,0000000052,00002197,00020),
	(000000012576,00000275,0000000057,00002197,00020),
	(000000012577,00000265,0000000051,00002196,00017),
	(000000012578,00000265,0000000056,00002196,00017),
	(000000012579,00000288,0000000054,00002196,00017),
	(000000012580,00000288,0000000059,00002196,00017),
	(000000012581,00000275,0000000052,00002196,00017),
	(000000012582,00000275,0000000057,00002196,00017),
	(000000012583,00000265,0000000051,00002195,00018),
	(000000012584,00000265,0000000056,00002195,00018),
	(000000012585,00000288,0000000054,00002195,00018),
	(000000012586,00000288,0000000059,00002195,00018),
	(000000012587,00000275,0000000052,00002195,00018),
	(000000012588,00000275,0000000057,00002195,00018),
	(000000012589,00000265,0000000051,00002235,00019),
	(000000012590,00000265,0000000056,00002235,00019),
	(000000012591,00000288,0000000054,00002235,00019),
	(000000012592,00000288,0000000059,00002235,00019),
	(000000012593,00000275,0000000052,00002235,00019),
	(000000012594,00000275,0000000057,00002235,00019),
	(000000012595,00000268,0000000051,00002225,00020),
	(000000012596,00000268,0000000056,00002225,00020),
	(000000012597,00000285,0000000054,00002225,00020),
	(000000012598,00000285,0000000059,00002225,00020),
	(000000012599,00000277,0000000053,00002225,00020),
	(000000012600,00000277,0000000058,00002225,00020),
	(000000012601,00000268,0000000051,00002223,00018),
	(000000012602,00000268,0000000056,00002223,00018),
	(000000012603,00000285,0000000054,00002223,00018),
	(000000012604,00000285,0000000059,00002223,00018),
	(000000012605,00000277,0000000053,00002223,00018),
	(000000012606,00000277,0000000058,00002223,00018),
	(000000012607,00000268,0000000051,00002224,00017),
	(000000012608,00000268,0000000056,00002224,00017),
	(000000012609,00000285,0000000054,00002224,00017),
	(000000012610,00000285,0000000059,00002224,00017),
	(000000012611,00000277,0000000053,00002224,00017),
	(000000012612,00000277,0000000058,00002224,00017),
	(000000012613,00000299,0000000055,00002024,00019),
	(000000012614,00000299,0000000060,00002024,00019),
	(000000012615,00000263,0000000051,00002024,00019),
	(000000012616,00000263,0000000056,00002024,00019),
	(000000012617,00000271,0000000052,00002024,00019),
	(000000012618,00000271,0000000057,00002024,00019),
	(000000012619,00000299,0000000055,00002023,00020),
	(000000012620,00000299,0000000060,00002023,00020),
	(000000012621,00000263,0000000051,00002023,00020),
	(000000012622,00000263,0000000056,00002023,00020),
	(000000012623,00000271,0000000052,00002023,00020),
	(000000012624,00000271,0000000057,00002023,00020),
	(000000012625,00000299,0000000055,00002025,00018),
	(000000012626,00000299,0000000060,00002025,00018),
	(000000012627,00000263,0000000051,00002025,00018),
	(000000012628,00000263,0000000056,00002025,00018),
	(000000012629,00000271,0000000052,00002025,00018),
	(000000012630,00000271,0000000057,00002025,00018),
	(000000012631,00000296,0000000055,00002054,00019),
	(000000012632,00000296,0000000060,00002054,00019),
	(000000012633,00000286,0000000054,00002054,00019),
	(000000012634,00000286,0000000059,00002054,00019),
	(000000012635,00000282,0000000053,00002054,00019),
	(000000012636,00000282,0000000058,00002054,00019),
	(000000012637,00000296,0000000055,00002055,00017),
	(000000012638,00000296,0000000060,00002055,00017),
	(000000012639,00000286,0000000054,00002055,00017),
	(000000012640,00000286,0000000059,00002055,00017),
	(000000012641,00000282,0000000053,00002055,00017),
	(000000012642,00000282,0000000058,00002055,00017),
	(000000012643,00000296,0000000055,00002053,00018),
	(000000012644,00000296,0000000060,00002053,00018),
	(000000012645,00000286,0000000054,00002053,00018),
	(000000012646,00000286,0000000059,00002053,00018),
	(000000012647,00000282,0000000053,00002053,00018),
	(000000012648,00000282,0000000058,00002053,00018),
	(000000012649,00000268,0000000051,00002082,00019),
	(000000012650,00000268,0000000056,00002082,00019),
	(000000012651,00000290,0000000054,00002082,00019),
	(000000012652,00000290,0000000059,00002082,00019),
	(000000012653,00000273,0000000052,00002082,00019),
	(000000012654,00000273,0000000057,00002082,00019),
	(000000012655,00000278,0000000053,00002082,00019),
	(000000012656,00000278,0000000058,00002082,00019),
	(000000012657,00000294,0000000055,00002121,00019),
	(000000012658,00000294,0000000060,00002121,00019),
	(000000012659,00000267,0000000051,00002121,00019),
	(000000012660,00000267,0000000056,00002121,00019),
	(000000012661,00000277,0000000053,00002121,00019),
	(000000012662,00000277,0000000058,00002121,00019),
	(000000012663,00000273,0000000052,00002083,00017),
	(000000012664,00000273,0000000057,00002083,00017),
	(000000012665,00000278,0000000053,00002083,00017),
	(000000012666,00000278,0000000058,00002083,00017),
	(000000012667,00000294,0000000055,00002122,00017),
	(000000012668,00000294,0000000060,00002122,00017),
	(000000012669,00000267,0000000051,00002122,00017),
	(000000012670,00000267,0000000056,00002122,00017),
	(000000012671,00000294,0000000055,00002226,00008),
	(000000012672,00000294,0000000060,00002226,00008),
	(000000012673,00000273,0000000052,00002226,00008),
	(000000012674,00000275,0000000052,00002226,00008),
	(000000012675,00000275,0000000057,00002226,00008),
	(000000012676,00000285,0000000054,00002026,00009),
	(000000012677,00000286,0000000054,00002026,00009),
	(000000012678,00000285,0000000059,00002026,00009),
	(000000012679,00000270,0000000052,00002026,00009),
	(000000012680,00000270,0000000057,00002026,00009),
	(000000012681,00000267,0000000051,00002057,00009),
	(000000012682,00000267,0000000056,00002057,00009),
	(000000012683,00000288,0000000054,00002057,00009),
	(000000012684,00000288,0000000059,00002057,00009),
	(000000012685,00000290,0000000059,00002057,00009),
	(000000012686,00000273,0000000052,00002084,00018),
	(000000012687,00000273,0000000057,00002084,00018),
	(000000012688,00000278,0000000053,00002084,00018),
	(000000012689,00000278,0000000058,00002084,00018),
	(000000012690,00000294,0000000055,00002123,00020),
	(000000012691,00000294,0000000060,00002123,00020),
	(000000012692,00000267,0000000051,00002123,00020),
	(000000012693,00000267,0000000056,00002123,00020),
	(000000012694,00000294,0000000055,00002164,00015),
	(000000012695,00000294,0000000060,00002164,00015),
	(000000012696,00000265,0000000056,00002164,00014),
	(000000012697,00000273,0000000057,00002164,00014),
	(000000012698,00000293,0000000060,00002163,00015),
	(000000012699,00000265,0000000051,00002163,00014),
	(000000012700,00000285,0000000054,00002163,00014),
	(000000012701,00000278,0000000053,00002163,00014),
	(000000012702,00000293,0000000060,00002162,00014),
	(000000012703,00000263,0000000056,00002162,00014),
	(000000012704,00000273,0000000052,00002162,00014),
	(000000012705,00000282,0000000053,00002162,00014),
	(000000012706,00000267,0000000051,00002200,00014),
	(000000012707,00000262,0000000056,00002200,00014),
	(000000012708,00000290,0000000054,00002200,00014),
	(000000012709,00000271,0000000057,00002200,00014),
	(000000012710,00000298,0000000055,00002199,00014),
	(000000012711,00000298,0000000060,00002199,00014),
	(000000012712,00000282,0000000053,00002199,00015),
	(000000012713,00000277,0000000058,00002199,00014),
	(000000012714,00000262,0000000051,00002198,00014),
	(000000012715,00000267,0000000056,00002198,00014),
	(000000012716,00000290,0000000059,00002198,00014),
	(000000012717,00000271,0000000052,00002198,00014),
	(000000012718,00000299,0000000055,00002228,00014),
	(000000012719,00000299,0000000060,00002228,00015),
	(000000012720,00000262,0000000051,00002228,00015),
	(000000012721,00000288,0000000054,00002228,00014),
	(000000012722,00000280,0000000058,00002228,00015),
	(000000012723,00000299,0000000055,00002227,00015),
	(000000012724,00000299,0000000060,00002227,00014),
	(000000012725,00000263,0000000051,00002227,00015),
	(000000012726,00000265,0000000056,00002227,00015),
	(000000012727,00000290,0000000059,00002227,00015),
	(000000012728,00000263,0000000051,00002244,00014),
	(000000012729,00000263,0000000056,00002244,00015),
	(000000012730,00000290,0000000054,00002244,00015),
	(000000012731,00000286,0000000059,00002244,00014),
	(000000012732,00000271,0000000057,00002244,00015),
	(000000012733,00000291,0000000054,00002028,00015),
	(000000012734,00000291,0000000059,00002028,00015),
	(000000012735,00000275,0000000052,00002028,00014),
	(000000012736,00000275,0000000057,00002028,00014),
	(000000012737,00000294,0000000055,00002027,00014),
	(000000012738,00000294,0000000060,00002027,00014),
	(000000012739,00000291,0000000054,00002027,00014),
	(000000012740,00000291,0000000059,00002027,00014),
	(000000012741,00000293,0000000055,00002058,00014),
	(000000012742,00000268,0000000051,00002058,00015),
	(000000012743,00000268,0000000056,00002058,00015),
	(000000012744,00000293,0000000055,00002059,00015),
	(000000012745,00000268,0000000051,00002059,00014),
	(000000012746,00000268,0000000056,00002059,00014),
	(000000012747,00000291,0000000054,00002088,00021),
	(000000012748,00000291,0000000059,00002088,00021),
	(000000012749,00000282,0000000053,00002088,00021),
	(000000012750,00000282,0000000058,00002088,00021),
	(000000012751,00000286,0000000054,00002126,00021),
	(000000012752,00000286,0000000059,00002126,00021),
	(000000012753,00000298,0000000055,00002089,00021),
	(000000012754,00000298,0000000060,00002089,00021),
	(000000012755,00000265,0000000051,00002089,00021),
	(000000012756,00000265,0000000056,00002089,00021),
	(000000012757,00000263,0000000051,00002246,00021),
	(000000012758,00000263,0000000056,00002246,00021),
	(000000012759,00000270,0000000052,00002246,00021),
	(000000012760,00000270,0000000057,00002246,00021),
	(000000012761,00000288,0000000054,00002085,00046),
	(000000012762,00000288,0000000059,00002085,00046),
	(000000012763,00000299,0000000055,00002124,00046),
	(000000012764,00000299,0000000060,00002124,00046),
	(000000012765,00000298,0000000055,00002090,00023),
	(000000012766,00000298,0000000060,00002090,00023),
	(000000012767,00000265,0000000051,00002090,00023),
	(000000012768,00000265,0000000056,00002090,00023),
	(000000012769,00000277,0000000053,00002127,00030),
	(000000012770,00000277,0000000058,00002127,00030),
	(000000012771,00000291,0000000054,00002091,00023),
	(000000012772,00000291,0000000059,00002091,00023),
	(000000012773,00000282,0000000053,00002091,00023),
	(000000012774,00000282,0000000058,00002091,00023),
	(000000012775,00000262,0000000051,00002251,00030),
	(000000012776,00000262,0000000056,00002251,00030),
	(000000012777,00000285,0000000054,00002251,00030),
	(000000012778,00000285,0000000059,00002251,00030),
	(000000012779,00000293,0000000055,00002167,00011),
	(000000012780,00000296,0000000060,00002167,00021),
	(000000012781,00000268,0000000056,00002167,00011),
	(000000012782,00000291,0000000054,00002167,00011),
	(000000012783,00000273,0000000052,00002167,00011),
	(000000012784,00000278,0000000058,00002167,00011),
	(000000012785,00000293,0000000055,00002166,00020),
	(000000012786,00000296,0000000060,00002166,00020),
	(000000012787,00000291,0000000059,00002166,00020),
	(000000012788,00000273,0000000052,00002166,00020),
	(000000012789,00000273,0000000057,00002166,00020),
	(000000012790,00000282,0000000058,00002166,00020),
	(000000012791,00000296,0000000055,00002165,00021),
	(000000012792,00000294,0000000060,00002165,00021),
	(000000012793,00000285,0000000054,00002165,00021),
	(000000012794,00000285,0000000059,00002165,00021),
	(000000012795,00000271,0000000052,00002165,00021),
	(000000012796,00000271,0000000057,00002165,00021),
	(000000012797,00000296,0000000055,00002203,00032),
	(000000012798,00000296,0000000060,00002203,00032),
	(000000012799,00000267,0000000056,00002203,00032),
	(000000012800,00000290,0000000059,00002203,00032),
	(000000012801,00000270,0000000052,00002203,00032),
	(000000012802,00000282,0000000058,00002203,00032),
	(000000012803,00000293,0000000055,00002202,00023),
	(000000012804,00000293,0000000060,00002202,00023),
	(000000012805,00000262,0000000051,00002202,00023),
	(000000012806,00000267,0000000056,00002202,00023),
	(000000012807,00000271,0000000052,00002202,00023),
	(000000012808,00000271,0000000057,00002202,00023),
	(000000012810,00000296,0000000055,00002201,00023),
	(000000012811,00000296,0000000060,00002201,00023),
	(000000012812,00000290,0000000054,00002201,00023),
	(000000012813,00000270,0000000057,00002201,00023),
	(000000012814,00000277,0000000053,00002201,00023),
	(000000012815,00000263,0000000051,00002230,00032),
	(000000012816,00000262,0000000056,00002230,00032),
	(000000012817,00000286,0000000054,00002230,00032),
	(000000012818,00000288,0000000059,00002230,00032),
	(000000012819,00000271,0000000052,00002230,00032),
	(000000012820,00000271,0000000057,00002230,00032),
	(000000012821,00000262,0000000051,00002229,00032),
	(000000012822,00000263,0000000056,00002229,00032),
	(000000012823,00000288,0000000054,00002229,00032),
	(000000012824,00000286,0000000059,00002229,00032),
	(000000012825,00000273,0000000057,00002229,00032),
	(000000012826,00000280,0000000053,00002229,00032),
	(000000012827,00000293,0000000060,00002245,00021),
	(000000012828,00000267,0000000051,00002245,00021),
	(000000012829,00000267,0000000056,00002245,00021),
	(000000012830,00000288,0000000059,00002245,00021),
	(000000012831,00000280,0000000053,00002245,00021),
	(000000012832,00000280,0000000058,00002245,00021),
	(000000012833,00000268,0000000051,00002031,00021),
	(000000012834,00000268,0000000056,00002031,00021),
	(000000012835,00000290,0000000054,00002031,00021),
	(000000012836,00000290,0000000059,00002031,00021),
	(000000012837,00000273,0000000052,00002031,00021),
	(000000012838,00000273,0000000057,00002031,00021),
	(000000012839,00000278,0000000053,00002031,00021),
	(000000012840,00000278,0000000058,00002031,00021),
	(000000012841,00000268,0000000051,00002030,00022),
	(000000012842,00000268,0000000056,00002030,00022),
	(000000012843,00000290,0000000054,00002030,00022),
	(000000012844,00000290,0000000059,00002030,00022),
	(000000012845,00000273,0000000052,00002030,00022),
	(000000012846,00000273,0000000057,00002030,00022),
	(000000012847,00000278,0000000053,00002030,00022),
	(000000012848,00000278,0000000058,00002030,00022),
	(000000012849,00000294,0000000055,00002061,00022),
	(000000012850,00000294,0000000060,00002061,00022),
	(000000012851,00000265,0000000051,00002061,00022),
	(000000012852,00000265,0000000056,00002061,00022),
	(000000012853,00000285,0000000054,00002061,00022),
	(000000012854,00000285,0000000059,00002061,00022),
	(000000012855,00000275,0000000052,00002061,00022),
	(000000012856,00000275,0000000057,00002061,00022),
	(000000012857,00000277,0000000053,00002061,00022),
	(000000012858,00000277,0000000058,00002061,00022),
	(000000012859,00000294,0000000055,00002060,00011),
	(000000012860,00000294,0000000060,00002060,00011),
	(000000012861,00000265,0000000051,00002060,00011),
	(000000012862,00000265,0000000056,00002060,00011),
	(000000012863,00000285,0000000054,00002060,00011),
	(000000012864,00000285,0000000059,00002060,00011),
	(000000012865,00000275,0000000052,00002060,00011),
	(000000012866,00000275,0000000057,00002060,00011),
	(000000012867,00000277,0000000053,00002060,00011),
	(000000012868,00000277,0000000058,00002060,00011),
	(000000012869,00000299,0000000055,00002168,00010),
	(000000012870,00000299,0000000060,00002168,00010),
	(000000012871,00000267,0000000051,00002168,00046),
	(000000012872,00000267,0000000056,00002168,00046),
	(000000012873,00000277,0000000053,00002168,00010),
	(000000012874,00000277,0000000058,00002168,00010),
	(000000012875,00000268,0000000051,00002204,00010),
	(000000012876,00000268,0000000056,00002204,00010),
	(000000012877,00000286,0000000054,00002204,00010),
	(000000012878,00000286,0000000059,00002204,00010),
	(000000012879,00000273,0000000052,00002204,00010),
	(000000012880,00000273,0000000057,00002204,00010),
	(000000012881,00000298,0000000055,00002231,00010),
	(000000012882,00000298,0000000060,00002231,00010),
	(000000012883,00000291,0000000054,00002231,00010),
	(000000012884,00000291,0000000059,00002231,00010),
	(000000012885,00000282,0000000053,00002231,00010),
	(000000012886,00000282,0000000058,00002231,00010),
	(000000012887,00000293,0000000055,00002033,00010),
	(000000012888,00000293,0000000060,00002033,00010),
	(000000012889,00000265,0000000051,00002033,00010),
	(000000012890,00000265,0000000056,00002033,00010),
	(000000012891,00000288,0000000054,00002033,00010),
	(000000012892,00000288,0000000059,00002033,00010),
	(000000012893,00000262,0000000051,00002062,00046),
	(000000012894,00000262,0000000056,00002062,00046),
	(000000012895,00000270,0000000052,00002062,00046),
	(000000012896,00000270,0000000057,00002062,00046),
	(000000012897,00000278,0000000053,00002062,00046),
	(000000012898,00000278,0000000058,00002062,00046),
	(000000012899,00000271,0000000052,00002093,00046),
	(000000012900,00000271,0000000057,00002093,00046),
	(000000012901,00000280,0000000053,00002093,00046),
	(000000012902,00000280,0000000058,00002093,00046),
	(000000012903,00000290,0000000054,00002242,00046),
	(000000012904,00000290,0000000059,00002242,00046),
	(000000012905,00000294,0000000055,00002094,00046),
	(000000012906,00000294,0000000060,00002094,00046),
	(000000012907,00000263,0000000051,00002094,00046),
	(000000012908,00000263,0000000056,00002094,00046),
	(000000012909,00000296,0000000055,00002242,00046),
	(000000012910,00000296,0000000060,00002242,00046),
	(000000012911,00000275,0000000052,00002242,00046),
	(000000012912,00000275,0000000057,00002242,00046),
	(000000012913,00000267,0000000051,00002092,00008),
	(000000012914,00000267,0000000056,00002092,00008),
	(000000012915,00000271,0000000052,00002096,00028),
	(000000012916,00000271,0000000057,00002096,00028),
	(000000012917,00000280,0000000053,00002096,00028),
	(000000012918,00000280,0000000058,00002096,00028),
	(000000012919,00000268,0000000051,00002097,00028),
	(000000012920,00000268,0000000056,00002097,00028),
	(000000012921,00000290,0000000054,00002097,00028),
	(000000012922,00000290,0000000059,00002097,00028),
	(000000012923,00000293,0000000055,00002098,00006),
	(000000012924,00000293,0000000060,00002098,00006),
	(000000012925,00000265,0000000051,00002131,00002),
	(000000012926,00000265,0000000056,00002131,00002),
	(000000012927,00000288,0000000054,00002131,00002),
	(000000012928,00000288,0000000059,00002131,00002),
	(000000012929,00000298,0000000055,00002101,00007),
	(000000012930,00000298,0000000060,00002101,00007),
	(000000012931,00000265,0000000051,00002101,00007),
	(000000012932,00000265,0000000056,00002101,00007),
	(000000012933,00000277,0000000053,00002133,00007),
	(000000012934,00000277,0000000058,00002133,00007),
	(000000012935,00000291,0000000054,00002102,00007),
	(000000012936,00000291,0000000059,00002102,00007),
	(000000012937,00000282,0000000053,00002102,00007),
	(000000012938,00000282,0000000058,00002102,00007),
	(000000012939,00000271,0000000052,00002134,00007),
	(000000012940,00000271,0000000057,00002134,00007),
	(000000012941,00000280,0000000053,00002134,00007),
	(000000012942,00000280,0000000058,00002134,00007),
	(000000012943,00000277,0000000058,00002201,00023),
	(000000012986,00000273,0000000052,00002000,00033),
	(000000012987,00000276,0000000057,00002259,NULL),
	(000000012988,00000276,0000000052,00002259,NULL);

/*!40000 ALTER TABLE `gibbonTTDayRowClass` ENABLE KEYS */;
UNLOCK TABLES;


# Dump of table gibbonTTDayRowClassException
# ------------------------------------------------------------

LOCK TABLES `gibbonTTDayRowClassException` WRITE;
/*!40000 ALTER TABLE `gibbonTTDayRowClassException` DISABLE KEYS */;

INSERT INTO `gibbonTTDayRowClassException` (`gibbonTTDayRowClassExceptionID`, `gibbonTTDayRowClassID`, `gibbonPersonID`)
VALUES
	(00000000001336,000000012090,0000001119),
	(00000000001337,000000012091,0000001119),
	(00000000001338,000000012092,0000001119),
	(00000000001339,000000012093,0000001119),
	(00000000001340,000000012094,0000000140),
	(00000000001341,000000012095,0000000140),
	(00000000001342,000000012250,0000000867),
	(00000000001343,000000012251,0000001502),
	(00000000001344,000000012252,0000001502),
	(00000000001345,000000012253,0000001502),
	(00000000001346,000000012254,0000000867),
	(00000000001347,000000012255,0000000867),
	(00000000001348,000000012694,0000000373),
	(00000000001349,000000012695,0000000373),
	(00000000001350,000000012696,0000002134),
	(00000000001351,000000012697,0000002134),
	(00000000001352,000000012869,0000000144),
	(00000000001353,000000012870,0000000144),
	(00000000001354,000000012871,0000001776),
	(00000000001355,000000012872,0000001776),
	(00000000001356,000000012873,0000000144),
	(00000000001357,000000012874,0000000144),
	(00000000001358,000000012497,0000001778),
	(00000000001359,000000012788,0000002134),
	(00000000001360,000000012785,0000002134),
	(00000000001361,000000012789,0000001117),
	(00000000001362,000000012790,0000001117),
	(00000000001363,000000012787,0000001117),
	(00000000001364,000000012786,0000002134),
	(00000000001365,000000012717,0000001776),
	(00000000001366,000000012714,0000002134),
	(00000000001367,000000012716,0000001776),
	(00000000001368,000000012715,0000002134),
	(00000000001369,000000012445,0000001313),
	(00000000001370,000000012446,0000001313),
	(00000000001371,000000012443,0000001313),
	(00000000001372,000000012444,0000001313);

/*!40000 ALTER TABLE `gibbonTTDayRowClassException` ENABLE KEYS */;
UNLOCK TABLES;


# Dump of table gibbonUnit
# ------------------------------------------------------------

LOCK TABLES `gibbonUnit` WRITE;
/*!40000 ALTER TABLE `gibbonUnit` DISABLE KEYS */;

INSERT INTO `gibbonUnit` (`gibbonUnitID`, `gibbonCourseID`, `name`, `active`, `description`, `tags`, `map`, `ordering`, `attachment`, `details`, `embeddable`, `license`, `sharedPublic`, `gibbonPersonIDCreator`, `gibbonPersonIDLastEdit`)
VALUES
	(0000003065,00000803,'Epic Wallpaper','Y','In this short unit students learn about graphics whilst designing their own epic wallpaper.','creativity,graphic design,ict,problem solving,technology,design','Y',0,'','<table style=\"width: 100%;\">\r\n<tbody>\r\n<tr>\r\n<td style=\"vertical-align: top;\" colspan=\"2\"><span style=\"text-decoration: underline; font-weight: bold;\">Guiding Question</span><br /> Want To Make Some Eye Candy?</td>\r\n</tr>\r\n<tr>\r\n<td style=\"width: 50%; vertical-align: top;\"><span style=\"text-decoration: underline; font-weight: bold;\">Outcomes/Learning Objectives</span><br /> <span style=\"text-decoration: none; font-weight: normal; font-style: italic; font-size: 85%;\">If you use want to use Gibbon\'s Outcomes, use the outcome blocks above instead of this section.</span><br />\r\n<ul style=\"margin-top: 0px;\">\r\n<li>Learn how to use the Acorn image editing application, including the following:\r\n<ul>\r\n<li>How to remove the background from an image.</li>\r\n<li>The importance and power of layers.</li>\r\n<li>How to use filters.</li>\r\n</ul>\r\n</li>\r\n<li>Understand the difference between raster and vector images.</li>\r\n<li>Understand the differences between common raster formats, including jpg, png and gif.</li>\r\n<li>Understanding some ideas from typography, including type face, kerning and line spacing.</li>\r\n</ul>\r\n</td>\r\n<td style=\"width: 50%; vertical-align: top;\">\r\n<p><span style=\"text-decoration: underline; font-weight: bold;\">Differentiation</span><br /> <span style=\"text-decoration: none; font-weight: normal; font-style: italic; font-size: 85%;\">Differentiation by outcome or task? What will G&amp;T students be expected to do? How ill you use questioning to challenge all students? What have you done to support EAL needs?</span></p>\r\n<ul>\r\n<li>All technical terminology will be clearly explained, which will help EAL and native speakers alike.</li>\r\n<li>Questioning and discussion will be used to assess student differences, and the teacher will respond accordingly.</li>\r\n<li>Questioning and discussion will allow students to ask catch up or advance their knowledge through their own initiative.</li>\r\n<li>The teacher will work closely with students on an individual basis to ascertain and develop their understanding.</li>\r\n</ul>\r\n</td>\r\n</tr>\r\n<tr>\r\n<td style=\"width: 50%; vertical-align: top;\">\r\n<p><span style=\"text-decoration: underline; font-weight: bold;\">Assessment</span><br /> <span style=\"text-decoration: none; font-weight: normal; font-style: italic; font-size: 85%;\">What task(s) will allow students the opportunity to respond to the unit question? How will students show what they have understood? For IB, check subject guides and master assessment calendar.</span></p>\r\n<ul>\r\n<li>Wallpaper design</li>\r\n</ul>\r\n</td>\r\n<td style=\"width: 50%; vertical-align: top;\">\r\n<p><span style=\"text-decoration: underline; font-weight: bold;\">AfL</span><br /> <span style=\"text-decoration: none; font-weight: normal; font-style: italic; font-size: 85%;\">How will peer and self-assessment be used, rubrics, questioning be used to support learning? How will you deepen students\' comprehension and hit higher tier of Blooms Taxonomy?</span></p>\r\n<ul>\r\n<li>Discussion and questioning will be used throughout to assess student progress.</li>\r\n</ul>\r\n</td>\r\n</tr>\r\n<tr>\r\n<td style=\"width: 50%; vertical-align: top;\"><span style=\"text-decoration: underline; font-weight: bold;\">Activities &amp; Lessons</span><br /> <span style=\"text-decoration: none; font-weight: normal; font-style: italic; font-size: 85%;\">If you use want to use Gibbon\'s Smart Blocks, use the content blocks below instead of this section.</span><br />\r\n<ul>\r\n<li>See content blocks below.</li>\r\n</ul>\r\n</td>\r\n<td style=\"width: 50%; vertical-align: top;\">\r\n<p><span style=\"text-decoration: underline; font-weight: bold;\">Resources</span></p>\r\n<ul>\r\n<li>See content blocks below.</li>\r\n</ul>\r\n</td>\r\n</tr>\r\n<tr>\r\n<td style=\"width: 50%; vertical-align: top;\">\r\n<p><span style=\"text-decoration: underline; font-weight: bold;\">Interdisciplinary Links </span><br /> <span style=\"text-decoration: none; font-weight: normal; font-style: italic; font-size: 85%;\">Do not try and force this. What areas of other subjects might this reflect and/discuss language. For IB, links with ToK.</span></p>\r\n<p>&nbsp;</p>\r\n</td>\r\n<td style=\"width: 50%; vertical-align: top;\">\r\n<p><span style=\"text-decoration: underline; font-weight: bold;\">IB Learner Profile Links</span><br /> <span style=\"text-decoration: none; font-weight: normal; font-style: italic; font-size: 85%;\">How does the unit reflect IB Learner Profile attributes?</span></p>\r\n<ul>\r\n<li>NA</li>\r\n</ul>\r\n</td>\r\n</tr>\r\n<tr>\r\n<td style=\"vertical-align: top;\" colspan=\"2\">\r\n<p><span style=\"text-decoration: underline; font-weight: bold;\">Approaches to Learning</span><br /> <span style=\"text-decoration: none; font-weight: normal; font-style: italic; font-size: 85%;\">How will this unit contribute to the overall development of subject-specific and general approaches to learning skills?</span></p>\r\n<ul>\r\n<li>Students will be encouraged to work independently.</li>\r\n<li>Students will be encouraged to solve their own problems.</li>\r\n<li>Students will be encouraged to experiment and try new things as they search for a solution which works for them.</li>\r\n</ul>\r\n</td>\r\n</tr>\r\n<tr>\r\n<td style=\"vertical-align: top;\" colspan=\"2\">\r\n<p><span style=\"text-decoration: underline; font-weight: bold;\">Teacher Reflection</span><br /> <span style=\"text-decoration: none; font-weight: normal; font-style: italic; font-size: 85%;\">What was successful? What needs changing? Alternative Assessments and Lesson Ideas? What other Differentiation Ideas/Plans could be used?</span></p>\r\n<ul>\r\n<li>2012-13: this unit was run as Sell A Teacher, and whilst it was successful, there was less time for it next year, so it is being shortened and re-focused.</li>\r\n<li>2014-15: this has proven to be one of the most popular units in Year 7, so it has been shifted to be the first unit of the year. Extra information on Creative Commons and Hong Kong culture have been added.</li>\r\n</ul>\r\n</td>\r\n</tr>\r\n</tbody>\r\n</table>','N','',NULL,0000000001,0000000001);

/*!40000 ALTER TABLE `gibbonUnit` ENABLE KEYS */;
UNLOCK TABLES;


# Dump of table gibbonUnitBlock
# ------------------------------------------------------------

LOCK TABLES `gibbonUnitBlock` WRITE;
/*!40000 ALTER TABLE `gibbonUnitBlock` DISABLE KEYS */;

INSERT INTO `gibbonUnitBlock` (`gibbonUnitBlockID`, `gibbonUnitID`, `title`, `type`, `length`, `contents`, `teachersNotes`, `sequenceNumber`, `gibbonOutcomeIDList`)
VALUES
	(000000039667,0000003065,'Want To Make Some Eye Candy?','The Pitch','5','<ul>\r\n<li>Graphic software allows us to make something out of nothing, to express our creativity.</li>\r\n<li>Do you want to learn how to make some epic wallpaper for your laptop?</li>\r\n</ul>\r\n<p><a style=\"font-weight: bold;\" href=\"https://gibbon.ichk.edu.hk/uploads/2013/06/Epic Moose Wallpaper_-4kd34vi9t0b3dsi.png\" target=\"_blank\"><img class=\"resource\" style=\"max-width: 500px; display: block; margin-left: auto; margin-right: auto;\" src=\"https://gibbon.ichk.edu.hk/uploads/2013/06/Epic Moose Wallpaper_-4kd34vi9t0b3dsi.png\" alt=\"\" /></a></p>','',0,''),
	(000000039668,0000003065,'Assessment','What To Expect','5','<ul>\r\n<li>At the end of this unit you will submit your wallpaper design as a PNG file, and this will be assessed.</li>\r\n<li>The focuses of this assessment will be:</li>\r\n<ul>\r\n<li>How attractive your design is.</li>\r\n<li>The quality and care reflected in your design work.</li>\r\n<li>Your use of CC.</li>\r\n<li>Your use of drop shadow and 3D effects.</li>\r\n<li>Your use of typography.</li>\r\n</ul>\r\n<li>You will receive a comment and an Approaches To Learning grade, but no Attainment grade.</li>\r\n</ul>','',1,''),
	(000000039669,0000003065,'Getting Started With Acorn','Hands On','10','<ul>\r\n<li>Acorn is software which allows you to edit graphic files.</li>\r\n<li>Can you use Spotlight to find and launch Acorn?</li>\r\n<li>Once you have launched Acorn, create a new image sized at 1680 x 1050 <span style=\"text-decoration: underline;\"><strong>pixels</strong></span> with resolution 72 <span style=\"text-decoration: underline;\"><strong>dpi</strong></span>:</li>\r\n</ul>\r\n<p><a style=\"font-weight: bold;\" href=\"https://gibbon.ichk.edu.hk/uploads/2013/06/Acorn New Image Window_qo6nfntkpfxmtzf.png\" target=\"_blank\"><img class=\"resource\" style=\"max-width: 500px; display: block; margin-left: auto; margin-right: auto;\" src=\"https://gibbon.ichk.edu.hk/uploads/2013/06/Acorn New Image Window_qo6nfntkpfxmtzf.png\" alt=\"\" /></a></p>\r\n<ul>\r\n<li>Save your new file as a .acorn image.</li>\r\n</ul>','',2,''),
	(000000039670,0000003065,'Find A CC Texture','Teacher Talk & Hands On','40','<p><strong>Creative Commons</strong></p>\r\n<ul>\r\n<li>Let\'s discuss some of the following ideas:</li>\r\n<ul>\r\n<li>Is it legal to use everything we find on the Internet?</li>\r\n<li>What is copyright law?</li>\r\n<li>Who does copyright law protect?</li>\r\n<li>What are the dangers of copyright law?</li>\r\n<li>What is Creative Commons (CC)?</li>\r\n</ul>\r\n<li>If we want to a) be creative &amp; remix and b) stay out of trouble, Creative Commons gives us a huge collection of media to work with.</li>\r\n</ul>\r\n<p><strong>Your CC Texture</strong></p>\r\n<ul>\r\n<li>The foreground (front) of your wallpaper is going to be a texture (such as a wall, or some wood, or some metal).</li>\r\n<li>Can you find a <span style=\"text-decoration: underline;\"><strong>large</strong></span> (see image below for help), <span style=\"text-decoration: underline;\"><strong>Creative Commons</strong></span> licensed texture to use?</li>\r\n</ul>\r\n<p><a style=\"font-weight: bold;\" href=\"https://gibbon.ichk.edu.hk/uploads/2013/06/Google Image Search Size_8bhpcqeqhdi62-k.png\" target=\"_blank\"><img class=\"resource\" style=\"max-width: 500px; display: block; margin-left: auto; margin-right: auto;\" src=\"https://gibbon.ichk.edu.hk/uploads/2013/06/Google Image Search Size_8bhpcqeqhdi62-k.png\" alt=\"\" /></a></p>\r\n<p>&nbsp;</p>\r\n<ul>\r\n<li>Once you have found the texture you want, save the <span style=\"text-decoration: underline;\"><strong>largest</strong></span> version of it you can.</li>\r\n<li>Also, bookmark the link for the page holding the image, for Creative Commons attribution later on.</li>\r\n</ul>','',3,''),
	(000000039671,0000003065,'Use Your Texture','Hands On','10','<ul>\r\n<li>Now that you have saved your texture, drag the file into your Acorn image.</li>\r\n<li>You might want to <span style=\"text-decoration: underline;\"><strong>resize</strong></span> your image to fit. You can do this using Layer &gt; Rotate And Transform &gt; Scale And Rotate in the top menu bar.</li>\r\n<li>You should now have something that looks like this:</li>\r\n</ul>\r\n<p><a style=\"font-weight: bold;\" href=\"https://gibbon.ichk.edu.hk/uploads/2013/06/Texture In Acorn_t4xm9jhuocw5dk_6.png\" target=\"_blank\"><img class=\"resource\" style=\"max-width: 500px; display: block; margin-left: auto; margin-right: auto;\" src=\"https://gibbon.ichk.edu.hk/uploads/2013/06/Texture In Acorn_t4xm9jhuocw5dk_6.png\" alt=\"\" /></a></p>','',4,''),
	(000000039672,0000003065,'Why So Big?','Discussion','5','<ul>\r\n<li>Why do you think we want to use only really large images in this project? Let\'s discuss this question as a class.</li>\r\n</ul>','',5,''),
	(000000039673,0000003065,'Layers','Teacher Talk','20','<ul>\r\n<li>I now want you to think about layers in graphics software like Acorn: I will explain the principles behind layers in graphics, so you can improve your understanding.</li>\r\n<li>Let\'s discuss why you think layers are useful?</li>\r\n<li>Do you know which file formats maintain layers?</li>\r\n<li>Did you know that in Acorn you can change the name of your layers to help keep your work organised? It can get really confusing when you have dozens of layers.</li>\r\n</ul>','',6,''),
	(000000039674,0000003065,'Finding A Silhouette','Hands On','15','<ul>\r\n<li>As part of your wallpaper, you will cut a hole in the foreground so we can see behind it.</li>\r\n<li>To do this you need to A) find a silhouette of the shape you want to cut out B) draw your own shape to cut out.</li>\r\n<li>Let\'s try option A first: please search the web to find a Creative Commons license&nbsp; of the shape you wish to cut out.</li>\r\n<li>Like with the texture, once you find the image you want, download it and also bookmark the page you found it from for your Creative Commons attribution.</li>\r\n<li>Hopefully you have something like this:</li>\r\n</ul>\r\n<p><a style=\"font-weight: bold;\" href=\"https://gibbon.ichk.edu.hk/uploads/2013/06/Silhouette_2jbkmii-8t5qhm-u.jpg\" target=\"_blank\"><img class=\"resource\" style=\"max-width: 500px; display: block; margin-left: auto; margin-right: auto;\" src=\"https://gibbon.ichk.edu.hk/uploads/2013/06/Silhouette_2jbkmii-8t5qhm-u.jpg\" alt=\"\" /></a></p>','',7,''),
	(000000039675,0000003065,'Making A Cutout','Hands On','15','<ul>\r\n<li>Now we are going to use your silhouette to make a cutout in your foreground</li>\r\n<li>Drag your saved cutout file into your wallpaper image in Acorn, and then <span style=\"text-decoration: underline;\"><strong>resize</strong></span> and <span style=\"text-decoration: underline;\"><strong>position</strong></span> as desired.</li>\r\n<li>Use the <span style=\"text-decoration: underline;\"><strong>Magic Wand</strong></span> (see image below) tool and shift key, to select all the parts of you silhouette.</li>\r\n</ul>\r\n<p><a style=\"font-weight: bold;\" href=\"https://gibbon.ichk.edu.hk/uploads/2013/06/Magic Wand Select Tool_jhdh997zyqqtr_s.png\" target=\"_blank\"><img class=\"resource\" style=\"max-width: 500px; display: block; margin-left: auto; margin-right: auto;\" src=\"https://gibbon.ichk.edu.hk/uploads/2013/06/Magic Wand Select Tool_jhdh997zyqqtr_s.png\" alt=\"\" /></a></p>\r\n<ul>\r\n<li>Now make the foreground layer active:</li>\r\n</ul>\r\n<p><a style=\"font-weight: bold;\" href=\"https://gibbon.ichk.edu.hk/uploads/2013/06/Foreground Layer Active_pzzxc2734p5hq3zs.png\" target=\"_blank\"><img class=\"resource\" style=\"max-width: 500px; display: block; margin-left: auto; margin-right: auto;\" src=\"https://gibbon.ichk.edu.hk/uploads/2013/06/Foreground Layer Active_pzzxc2734p5hq3zs.png\" alt=\"\" /></a></p>\r\n<ul>\r\n<li>Press the delete key to delete the silhouette shape from the foreground.</li>\r\n<li>Now right click on the layer with the silhouette and delete the layer. You should now see through your foreground into the transparent background:</li>\r\n</ul>\r\n<p><a style=\"font-weight: bold;\" href=\"https://gibbon.ichk.edu.hk/uploads/2013/06/Cutout_iy9qvi0hgbdx2yk2.png\" target=\"_blank\"><img class=\"resource\" style=\"max-width: 500px; display: block; margin-left: auto; margin-right: auto;\" src=\"https://gibbon.ichk.edu.hk/uploads/2013/06/Cutout_iy9qvi0hgbdx2yk2.png\" alt=\"\" /></a></p>','',8,''),
	(000000039676,0000003065,'Find A Background','Hands On','15','<ul>\r\n<li>The final main part of your wallpaper will be a background that contrasts against the foreground.</li>\r\n<li>Search online to find an interesting background image available under Creative Commons.</li>\r\n<li>Remember to bookmark the page containing the image so that you can attribute it later on.</li>\r\n<li>As an example, the following image might make a good background:</li>\r\n</ul>\r\n<p><a style=\"font-weight: bold;\" href=\"https://gibbon.ichk.edu.hk/uploads/2013/06/Example Background_-67mh3_-bypt0xeu.png\" target=\"_blank\"><img class=\"resource\" style=\"max-width: 500px; display: block; margin-left: auto; margin-right: auto;\" src=\"https://gibbon.ichk.edu.hk/uploads/2013/06/Example Background_-67mh3_-bypt0xeu.png\" alt=\"\" /></a></p>','',9,''),
	(000000039677,0000003065,'Hong Kong Style','Inspiration','15','<ul>\r\n<li>Hong Kong has its own, unique style: a result of Eastern and Western influences working side-by-side for many decades.</li>\r\n<li>If we were to create a Hong Kong-style wallpaper, what might it look like?</li>\r\n<ul>\r\n<li>Let\'s use the Think-Pair-Share thinking routine to come up with some ideas of what this might look like.</li>\r\n</ul>\r\n<li><em>I have prepared my own Epic Hong Kong Wallpaper, which is hidden in the Teacher\'s Notes.</em></li>\r\n<li style=\"text-align: left;\">We can learn about Hong Kong style using the two videos:</li>\r\n</ul>\r\n<p style=\"text-align: center;\"><iframe width=\"560\" height=\"315\" src=\"https://player.vimeo.com/video/166929892\" frameborder=\"0\" webkitallowfullscreen=\"webkitallowfullscreen\" mozallowfullscreen=\"mozallowfullscreen\" allowfullscreen=\"allowfullscreen\"></iframe></p>\r\n<p style=\"text-align: center;\"><iframe width=\"560\" height=\"315\" src=\"https://www.youtube.com/embed/6YosDqsWvyU\" frameborder=\"0\" allowfullscreen=\"allowfullscreen\"></iframe></p>','<p><a target=\"_blank\" style=\"font-weight: bold;\" href=\"https://gibbon.ichk.edu.hk/uploads/2015/07/EpicHongKongWallpaperweb_t9ezjr52f0yxnmvw.png\"><img class=\"resource\" style=\"max-width: 500px; display: block; margin-left: auto; margin-right: auto;\" src=\"https://gibbon.ichk.edu.hk/uploads/2015/07/EpicHongKongWallpaperweb_t9ezjr52f0yxnmvw.png\" /></a></p>',10,''),
	(000000039678,0000003065,'Apply Your Background','Hands On','5','<ul>\r\n<li>Now take your downloaded background, and drag it into your wallpaper image.</li>\r\n<li>In the layers view, drag the background image layer (which will be on top) and move it behind the foreground:</li>\r\n</ul>\r\n<p><a style=\"font-weight: bold;\" href=\"https://gibbon.ichk.edu.hk/uploads/2013/06/Layers View_kz4i9-uvyfcsupy.png\" target=\"_blank\"><img class=\"resource\" style=\"max-width: 500px; display: block; margin-left: auto; margin-right: auto;\" src=\"https://gibbon.ichk.edu.hk/uploads/2013/06/Layers View_kz4i9-uvyfcsupy.png\" alt=\"\" /></a></p>\r\n<ul>\r\n<li>Now use the <span style=\"text-decoration: underline;\"><strong>move</strong></span> and <span style=\"text-decoration: underline;\"><strong>resize</strong></span> tools to put your background in just the right position.</li>\r\n</ul>','',11,''),
	(000000039679,0000003065,'Playtime','Hands On','15','<ul>\r\n<li>You now have some time to keep playing with your wallpaper.</li>\r\n<li>How can you improve the way your work looks?</li>\r\n</ul>','',12,''),
	(000000039680,0000003065,'Filters','Teacher Talk','20','<ul>\r\n<li>Filters are effects which you can apply to your graphics to make them look different.</li>\r\n<li>Filters can make your work more interesting, creative and original.</li>\r\n<li>Some fun filters to try include:\r\n<ul>\r\n<li>Motion blur</li>\r\n<li>Drop Shadow</li>\r\n<li>Tilt shift</li>\r\n</ul>\r\n</li>\r\n<li>Try to make your top layer active, and then apply a drop shadow. Reapply the same shadow a few times, and it will make the foreground appear to pop out from the background.</li>\r\n</ul>\r\n<p><a style=\"font-weight: bold;\" href=\"https://gibbon.ichk.edu.hk/uploads/2013/06/Foreground Pop Example_qd39pijmcdfx0enj.png\" target=\"_blank\"><img class=\"resource\" style=\"max-width: 500px; display: block; margin-left: auto; margin-right: auto;\" src=\"https://gibbon.ichk.edu.hk/uploads/2013/06/Foreground Pop Example_qd39pijmcdfx0enj.png\" alt=\"\" /></a></p>','',13,''),
	(000000039681,0000003065,'Playtime','Hands On','15','<ul>\r\n<li>You now have the remainder of the lesson to keep playing with your wallpaper.</li>\r\n<li>How can you improve the way your work looks?</li>\r\n</ul>','',14,''),
	(000000039682,0000003065,'Creative Commons License','Hands On','10','<ul>\r\n<li>As you are almost finished with your wallpaper, now is a good time to apply your Creative Commons License.</li>\r\n<li>Go to the <a style=\"font-weight: bold;\" href=\"http://creativecommons.org/choose\" target=\"_blank\">Creative Common License Chooser</a> and choose the license you want to use.</li>\r\n<li>Copy the license image and text to your work, and then add your attribution.</li>\r\n</ul>\r\n<hr />\r\n<p></p>\r\n<ul>\r\n<li><span style=\"background-color: #ff99cc;\"><strong>Going forward, you need to use Creative Commons for your ICT work, whenever you are</strong></span></li>\r\n<ul>\r\n<li><span style=\"background-color: #ff99cc;\"><strong>a) remixing work created by others or </strong></span></li>\r\n<li><span style=\"background-color: #ff99cc;\"><strong>b) creating work that you intend to share online</strong></span></li>\r\n</ul>\r\n</ul>','',15,''),
	(000000039683,0000003065,'Text Controls','Teacher Talk','10','<ul>\r\n<li>How much time do you spend thinking about text and font? Do you know any history?</li>\r\n</ul>\r\n<p><iframe width=\"560\" height=\"315\" style=\"display: block; margin-left: auto; margin-right: auto;\" src=\"//www.youtube.com/embed/wOgIkxAfJsk\" frameborder=\"0\"></iframe></p>\r\n<ul>\r\n<li>When using Acorn, you have lots of&nbsp; control over text and how it is displayed. Some useful controls include:\r\n<ul>\r\n<li>Font type</li>\r\n<li>Kerning</li>\r\n<li>Line height</li>\r\n<li>Size</li>\r\n<li>Color</li>\r\n</ul>\r\n</li>\r\n<li>You can also get more fonts to install on your computer, from sites such as <a href=\"http://www.1001freefonts.com\">http://www.1001freefonts.com</a>.</li>\r\n<li>Can you make the text on your work look more interesting?</li>\r\n</ul>','',16,''),
	(000000039684,0000003065,'Playtime','Hands On','50','<ul>\r\n<li>You now have the remainder of the lesson to keep playing with your wallpaper.</li>\r\n<li>How can you improve the way your work looks?</li>\r\n</ul>','',17,''),
	(000000039685,0000003065,'Finish, Export & Submit','Hands On','50','<ul>\r\n<li>You now have 35 minutes to put the finishing touches on your work.</li>\r\n<li>The video below might help you if you are stuck getting your CC license set up and put into Acorn:</li>\r\n</ul>\r\n<p style=\"text-align: center;\"><iframe width=\"560\" height=\"315\" src=\"https://www.youtube.com/embed/0NFLmAlTDVE?rel=0\" frameborder=\"0\" allowfullscreen=\"allowfullscreen\"></iframe></p>\r\n<ul>\r\n<li>Leave enough time to save your work as a PNG file: png files can be opened by people who don\'t have Acorn, and are also smaller than Acorn files. When you save, you will lose your layers though, so keep the Acorn file as well in case you want to go back and edit some more.</li>\r\n<li>Finally, submit your work to Gibbon.</li>\r\n</ul>','',18,''),
	(000000039686,0000003065,'Raster vs. Vector','Teacher Talk','20','<ul>\r\n<li>To finish this unit, let\'s consider the ideas of <span style=\"text-decoration: underline;\"><strong>raster</strong></span> and <span style=\"text-decoration: underline;\"><strong>vector</strong></span> graphics.</li>\r\n<li>See <em>Teachers Notes</em> for details.</li>\r\n</ul>','<ul>\r\n<li>Teacher to introduce students to how graphics are represented, stored and displayed on computers.</li>\r\n<li>Most graphics programs store graphics as raster images. <br />\r\n<ul>\r\n<li>What is a raster?</li>\r\n<li>When are rasters good?</li>\r\n<li>Example raster formats? What are their strengths and weaknesses.</li>\r\n</ul>\r\n</li>\r\n<li>Some programs store graphics as vector images\r\n<ul>\r\n<li>What is a vector?</li>\r\n<li>When are vectors good?</li>\r\n<li>Example vector formats?</li>\r\n</ul>\r\n</li>\r\n<li>The Acorn file format (.acorn) uses raster for most elements, but some things (like text) are stored as vectors.</li>\r\n<li>Students should use the .acorn format whilst working on the box.</li>\r\n</ul>',19,'');

/*!40000 ALTER TABLE `gibbonUnitBlock` ENABLE KEYS */;
UNLOCK TABLES;


# Dump of table gibbonUnitClass
# ------------------------------------------------------------

LOCK TABLES `gibbonUnitClass` WRITE;
/*!40000 ALTER TABLE `gibbonUnitClass` DISABLE KEYS */;

INSERT INTO `gibbonUnitClass` (`gibbonUnitClassID`, `gibbonUnitID`, `gibbonCourseClassID`, `running`)
VALUES
	(000000005430,0000003065,00002151,'Y'),
	(000000005431,0000003065,00002152,'Y'),
	(000000005432,0000003065,00002153,'Y');

/*!40000 ALTER TABLE `gibbonUnitClass` ENABLE KEYS */;
UNLOCK TABLES;


# Dump of table gibbonUnitClassBlock
# ------------------------------------------------------------

LOCK TABLES `gibbonUnitClassBlock` WRITE;
/*!40000 ALTER TABLE `gibbonUnitClassBlock` DISABLE KEYS */;

INSERT INTO `gibbonUnitClassBlock` (`gibbonUnitClassBlockID`, `gibbonUnitClassID`, `gibbonPlannerEntryID`, `gibbonUnitBlockID`, `title`, `type`, `length`, `contents`, `teachersNotes`, `sequenceNumber`, `complete`, `gibbonOutcomeIDList`)
VALUES
	(00000000000001,000000005432,00000000000001,000000039667,'Want To Make Some Eye Candy?','The Pitch','5','<ul>\r\n<li>Graphic software allows us to make something out of nothing, to express our creativity.</li>\r\n<li>Do you want to learn how to make some epic wallpaper for your laptop?</li>\r\n</ul>\r\n<p><a style=\"font-weight: bold;\" target=\"_blank\" href=\"https://gibbon.ichk.edu.hk/uploads/2013/06/Epic Moose Wallpaper_-4kd34vi9t0b3dsi.png\"><img style=\"max-width: 500px; display: block; margin-left: auto; margin-right: auto;\" class=\"resource\" src=\"https://gibbon.ichk.edu.hk/uploads/2013/06/Epic Moose Wallpaper_-4kd34vi9t0b3dsi.png\" /></a></p>','',0,'N',''),
	(00000000000002,000000005432,00000000000001,000000039668,'Assessment','What To Expect','5','<ul>\r\n<li>At the end of this unit you will submit your wallpaper design as a PNG file, and this will be assessed.</li>\r\n<li>The focuses of this assessment will be:</li>\r\n<ul>\r\n<li>How attractive your design is.</li>\r\n<li>The quality and care reflected in your design work.</li>\r\n<li>Your use of CC.</li>\r\n<li>Your use of drop shadow and 3D effects.</li>\r\n<li>Your use of typography.</li>\r\n</ul>\r\n<li>You will receive a comment and an Approaches To Learning grade, but no Attainment grade.</li>\r\n</ul>','',1,'N',''),
	(00000000000003,000000005432,00000000000001,000000039669,'Getting Started With Acorn','Hands On','10','<ul>\r\n<li>Acorn is software which allows you to edit graphic files.</li>\r\n<li>Can you use Spotlight to find and launch Acorn?</li>\r\n<li>Once you have launched Acorn, create a new image sized at 1680 x 1050 <span style=\"text-decoration: underline;\"><strong>pixels</strong></span> with resolution 72 <span style=\"text-decoration: underline;\"><strong>dpi</strong></span>:</li>\r\n</ul>\r\n<p><a style=\"font-weight: bold;\" target=\"_blank\" href=\"https://gibbon.ichk.edu.hk/uploads/2013/06/Acorn New Image Window_qo6nfntkpfxmtzf.png\"><img style=\"max-width: 500px; display: block; margin-left: auto; margin-right: auto;\" class=\"resource\" src=\"https://gibbon.ichk.edu.hk/uploads/2013/06/Acorn New Image Window_qo6nfntkpfxmtzf.png\" /></a></p>\r\n<ul>\r\n<li>Save your new file as a .acorn image.</li>\r\n</ul>','',2,'N',''),
	(00000000000004,000000005432,00000000000001,000000039670,'Find A CC Texture','Teacher Talk & Hands On','40','<p><strong>Creative Commons</strong></p>\r\n<ul>\r\n<li>Let\'s discuss some of the following ideas:</li>\r\n<ul>\r\n<li>Is it legal to use everything we find on the Internet?</li>\r\n<li>What is copyright law?</li>\r\n<li>Who does copyright law protect?</li>\r\n<li>What are the dangers of copyright law?</li>\r\n<li>What is Creative Commons (CC)?</li>\r\n</ul>\r\n<li>If we want to a) be creative &amp; remix and b) stay out of trouble, Creative Commons gives us a huge collection of media to work with.</li>\r\n</ul>\r\n<p><strong>Your CC Texture</strong></p>\r\n<ul>\r\n<li>The foreground (front) of your wallpaper is going to be a texture (such as a wall, or some wood, or some metal).</li>\r\n<li>Can you find a <span style=\"text-decoration: underline;\"><strong>large</strong></span> (see image below for help), <span style=\"text-decoration: underline;\"><strong>Creative Commons</strong></span> licensed texture to use?</li>\r\n</ul>\r\n<p><a style=\"font-weight: bold;\" target=\"_blank\" href=\"https://gibbon.ichk.edu.hk/uploads/2013/06/Google Image Search Size_8bhpcqeqhdi62-k.png\"><img style=\"max-width: 500px; display: block; margin-left: auto; margin-right: auto;\" class=\"resource\" src=\"https://gibbon.ichk.edu.hk/uploads/2013/06/Google Image Search Size_8bhpcqeqhdi62-k.png\" /></a></p>\r\n<p>&nbsp;</p>\r\n<ul>\r\n<li>Once you have found the texture you want, save the <span style=\"text-decoration: underline;\"><strong>largest</strong></span> version of it you can.</li>\r\n<li>Also, bookmark the link for the page holding the image, for Creative Commons attribution later on.</li>\r\n</ul>','',3,'N',''),
	(00000000000005,000000005432,00000000000001,000000039671,'Use Your Texture','Hands On','10','<ul>\r\n<li>Now that you have saved your texture, drag the file into your Acorn image.</li>\r\n<li>You might want to <span style=\"text-decoration: underline;\"><strong>resize</strong></span> your image to fit. You can do this using Layer &gt; Rotate And Transform &gt; Scale And Rotate in the top menu bar.</li>\r\n<li>You should now have something that looks like this:</li>\r\n</ul>\r\n<p><a style=\"font-weight: bold;\" target=\"_blank\" href=\"https://gibbon.ichk.edu.hk/uploads/2013/06/Texture In Acorn_t4xm9jhuocw5dk_6.png\"><img style=\"max-width: 500px; display: block; margin-left: auto; margin-right: auto;\" class=\"resource\" src=\"https://gibbon.ichk.edu.hk/uploads/2013/06/Texture In Acorn_t4xm9jhuocw5dk_6.png\" /></a></p>','',4,'N',''),
	(00000000000006,000000005432,00000000000002,000000039672,'Why So Big?','Discussion','5','<ul>\r\n<li>Why do you think we want to use only really large images in this project? Let\'s discuss this question as a class.</li>\r\n</ul>','',5,'N',''),
	(00000000000007,000000005432,00000000000002,000000039673,'Layers','Teacher Talk','20','<ul>\r\n<li>I now want you to think about layers in graphics software like Acorn: I will explain the principles behind layers in graphics, so you can improve your understanding.</li>\r\n<li>Let\'s discuss why you think layers are useful?</li>\r\n<li>Do you know which file formats maintain layers?</li>\r\n<li>Did you know that in Acorn you can change the name of your layers to help keep your work organised? It can get really confusing when you have dozens of layers.</li>\r\n</ul>','',6,'N',''),
	(00000000000008,000000005432,00000000000002,000000039674,'Finding A Silhouette','Hands On','15','<ul>\r\n<li>As part of your wallpaper, you will cut a hole in the foreground so we can see behind it.</li>\r\n<li>To do this you need to A) find a silhouette of the shape you want to cut out B) draw your own shape to cut out.</li>\r\n<li>Let\'s try option A first: please search the web to find a Creative Commons license&nbsp; of the shape you wish to cut out.</li>\r\n<li>Like with the texture, once you find the image you want, download it and also bookmark the page you found it from for your Creative Commons attribution.</li>\r\n<li>Hopefully you have something like this:</li>\r\n</ul>\r\n<p><a style=\"font-weight: bold;\" target=\"_blank\" href=\"https://gibbon.ichk.edu.hk/uploads/2013/06/Silhouette_2jbkmii-8t5qhm-u.jpg\"><img style=\"max-width: 500px; display: block; margin-left: auto; margin-right: auto;\" class=\"resource\" src=\"https://gibbon.ichk.edu.hk/uploads/2013/06/Silhouette_2jbkmii-8t5qhm-u.jpg\" /></a></p>','',7,'N',''),
	(00000000000009,000000005432,00000000000002,000000039675,'Making A Cutout','Hands On','15','<ul>\r\n<li>Now we are going to use your silhouette to make a cutout in your foreground</li>\r\n<li>Drag your saved cutout file into your wallpaper image in Acorn, and then <span style=\"text-decoration: underline;\"><strong>resize</strong></span> and <span style=\"text-decoration: underline;\"><strong>position</strong></span> as desired.</li>\r\n<li>Use the <span style=\"text-decoration: underline;\"><strong>Magic Wand</strong></span> (see image below) tool and shift key, to select all the parts of you silhouette.</li>\r\n</ul>\r\n<p><a style=\"font-weight: bold;\" target=\"_blank\" href=\"https://gibbon.ichk.edu.hk/uploads/2013/06/Magic Wand Select Tool_jhdh997zyqqtr_s.png\"><img style=\"max-width: 500px; display: block; margin-left: auto; margin-right: auto;\" class=\"resource\" src=\"https://gibbon.ichk.edu.hk/uploads/2013/06/Magic Wand Select Tool_jhdh997zyqqtr_s.png\" /></a></p>\r\n<ul>\r\n<li>Now make the foreground layer active:</li>\r\n</ul>\r\n<p><a style=\"font-weight: bold;\" target=\"_blank\" href=\"https://gibbon.ichk.edu.hk/uploads/2013/06/Foreground Layer Active_pzzxc2734p5hq3zs.png\"><img style=\"max-width: 500px; display: block; margin-left: auto; margin-right: auto;\" class=\"resource\" src=\"https://gibbon.ichk.edu.hk/uploads/2013/06/Foreground Layer Active_pzzxc2734p5hq3zs.png\" /></a></p>\r\n<ul>\r\n<li>Press the delete key to delete the silhouette shape from the foreground.</li>\r\n<li>Now right click on the layer with the silhouette and delete the layer. You should now see through your foreground into the transparent background:</li>\r\n</ul>\r\n<p><a style=\"font-weight: bold;\" target=\"_blank\" href=\"https://gibbon.ichk.edu.hk/uploads/2013/06/Cutout_iy9qvi0hgbdx2yk2.png\"><img style=\"max-width: 500px; display: block; margin-left: auto; margin-right: auto;\" class=\"resource\" src=\"https://gibbon.ichk.edu.hk/uploads/2013/06/Cutout_iy9qvi0hgbdx2yk2.png\" /></a></p>','',8,'N',''),
	(00000000000010,000000005432,00000000000002,000000039676,'Find A Background','Hands On','15','<ul>\r\n<li>The final main part of your wallpaper will be a background that contrasts against the foreground.</li>\r\n<li>Search online to find an interesting background image available under Creative Commons.</li>\r\n<li>Remember to bookmark the page containing the image so that you can attribute it later on.</li>\r\n<li>As an example, the following image might make a good background:</li>\r\n</ul>\r\n<p><a style=\"font-weight: bold;\" target=\"_blank\" href=\"https://gibbon.ichk.edu.hk/uploads/2013/06/Example Background_-67mh3_-bypt0xeu.png\"><img style=\"max-width: 500px; display: block; margin-left: auto; margin-right: auto;\" class=\"resource\" src=\"https://gibbon.ichk.edu.hk/uploads/2013/06/Example Background_-67mh3_-bypt0xeu.png\" /></a></p>','',9,'N',''),
	(00000000000011,000000005432,00000000000003,000000039677,'Hong Kong Style','Inspiration','15','<ul>\r\n<li>Hong Kong has its own, unique style: a result of Eastern and Western influences working side-by-side for many decades.</li>\r\n<li>If we were to create a Hong Kong-style wallpaper, what might it look like?</li>\r\n<ul>\r\n<li>Let\'s use the Think-Pair-Share thinking routine to come up with some ideas of what this might look like.</li>\r\n</ul>\r\n<li><em>I have prepared my own Epic Hong Kong Wallpaper, which is hidden in the Teacher\'s Notes.</em></li>\r\n<li style=\"text-align: left;\">We can learn about Hong Kong style using the two videos:</li>\r\n</ul>\r\n<p style=\"text-align: center;\"><iframe width=\"560\" height=\"315\" src=\"https://player.vimeo.com/video/166929892\" frameborder=\"0\" allowfullscreen=\"allowfullscreen\"></iframe></p>\r\n<p style=\"text-align: center;\"><iframe width=\"560\" height=\"315\" src=\"https://www.youtube.com/embed/6YosDqsWvyU\" frameborder=\"0\" allowfullscreen=\"allowfullscreen\"></iframe></p>','<p><a style=\"font-weight: bold;\" target=\"_blank\" href=\"https://gibbon.ichk.edu.hk/uploads/2015/07/EpicHongKongWallpaperweb_t9ezjr52f0yxnmvw.png\"><img style=\"max-width: 500px; display: block; margin-left: auto; margin-right: auto;\" class=\"resource\" src=\"https://gibbon.ichk.edu.hk/uploads/2015/07/EpicHongKongWallpaperweb_t9ezjr52f0yxnmvw.png\" /></a></p>',10,'N',''),
	(00000000000012,000000005432,00000000000003,000000039678,'Apply Your Background','Hands On','5','<ul>\r\n<li>Now take your downloaded background, and drag it into your wallpaper image.</li>\r\n<li>In the layers view, drag the background image layer (which will be on top) and move it behind the foreground:</li>\r\n</ul>\r\n<p><a style=\"font-weight: bold;\" target=\"_blank\" href=\"https://gibbon.ichk.edu.hk/uploads/2013/06/Layers View_kz4i9-uvyfcsupy.png\"><img style=\"max-width: 500px; display: block; margin-left: auto; margin-right: auto;\" class=\"resource\" src=\"https://gibbon.ichk.edu.hk/uploads/2013/06/Layers View_kz4i9-uvyfcsupy.png\" /></a></p>\r\n<ul>\r\n<li>Now use the <span style=\"text-decoration: underline;\"><strong>move</strong></span> and <span style=\"text-decoration: underline;\"><strong>resize</strong></span> tools to put your background in just the right position.</li>\r\n</ul>','',11,'N',''),
	(00000000000013,000000005432,00000000000003,000000039679,'Playtime','Hands On','15','<ul>\r\n<li>You now have some time to keep playing with your wallpaper.</li>\r\n<li>How can you improve the way your work looks?</li>\r\n</ul>','',12,'N',''),
	(00000000000014,000000005432,00000000000003,000000039680,'Filters','Teacher Talk','20','<ul>\r\n<li>Filters are effects which you can apply to your graphics to make them look different.</li>\r\n<li>Filters can make your work more interesting, creative and original.</li>\r\n<li>Some fun filters to try include:\r\n<ul>\r\n<li>Motion blur</li>\r\n<li>Drop Shadow</li>\r\n<li>Tilt shift</li>\r\n</ul>\r\n</li>\r\n<li>Try to make your top layer active, and then apply a drop shadow. Reapply the same shadow a few times, and it will make the foreground appear to pop out from the background.</li>\r\n</ul>\r\n<p><a style=\"font-weight: bold;\" target=\"_blank\" href=\"https://gibbon.ichk.edu.hk/uploads/2013/06/Foreground Pop Example_qd39pijmcdfx0enj.png\"><img style=\"max-width: 500px; display: block; margin-left: auto; margin-right: auto;\" class=\"resource\" src=\"https://gibbon.ichk.edu.hk/uploads/2013/06/Foreground Pop Example_qd39pijmcdfx0enj.png\" /></a></p>','',13,'N',''),
	(00000000000015,000000005432,00000000000003,000000039681,'Playtime','Hands On','15','<ul>\r\n<li>You now have the remainder of the lesson to keep playing with your wallpaper.</li>\r\n<li>How can you improve the way your work looks?</li>\r\n</ul>','',14,'N',''),
	(00000000000016,000000005432,00000000000004,000000039682,'Creative Commons License','Hands On','10','<ul>\r\n<li>As you are almost finished with your wallpaper, now is a good time to apply your Creative Commons License.</li>\r\n<li>Go to the <a style=\"font-weight: bold;\" target=\"_blank\" href=\"http://creativecommons.org/choose\">Creative Common License Chooser</a> and choose the license you want to use.</li>\r\n<li>Copy the license image and text to your work, and then add your attribution.</li>\r\n</ul>\r\n<hr />\r\n<p></p>\r\n<ul>\r\n<li><span style=\"background-color: #ff99cc;\"><strong>Going forward, you need to use Creative Commons for your ICT work, whenever you are</strong></span></li>\r\n<ul>\r\n<li><span style=\"background-color: #ff99cc;\"><strong>a) remixing work created by others or </strong></span></li>\r\n<li><span style=\"background-color: #ff99cc;\"><strong>b) creating work that you intend to share online</strong></span></li>\r\n</ul>\r\n</ul>','',15,'N',''),
	(00000000000017,000000005432,00000000000004,000000039683,'Text Controls','Teacher Talk','10','<ul>\r\n<li>How much time do you spend thinking about text and font? Do you know any history?</li>\r\n</ul>\r\n<p><iframe style=\"display: block; margin-left: auto; margin-right: auto;\" width=\"560\" height=\"315\" src=\"//www.youtube.com/embed/wOgIkxAfJsk\" frameborder=\"0\"></iframe></p>\r\n<ul>\r\n<li>When using Acorn, you have lots of&nbsp; control over text and how it is displayed. Some useful controls include:\r\n<ul>\r\n<li>Font type</li>\r\n<li>Kerning</li>\r\n<li>Line height</li>\r\n<li>Size</li>\r\n<li>Color</li>\r\n</ul>\r\n</li>\r\n<li>You can also get more fonts to install on your computer, from sites such as <a href=\"http://www.1001freefonts.com\">http://www.1001freefonts.com</a>.</li>\r\n<li>Can you make the text on your work look more interesting?</li>\r\n</ul>','',16,'N',''),
	(00000000000018,000000005432,00000000000004,000000039684,'Playtime','Hands On','50','<ul>\r\n<li>You now have the remainder of the lesson to keep playing with your wallpaper.</li>\r\n<li>How can you improve the way your work looks?</li>\r\n</ul>','',17,'N',''),
	(00000000000019,000000005432,00000000000005,000000039685,'Finish, Export & Submit','Hands On','50','<ul>\r\n<li>You now have 35 minutes to put the finishing touches on your work.</li>\r\n<li>The video below might help you if you are stuck getting your CC license set up and put into Acorn:</li>\r\n</ul>\r\n<p style=\"text-align: center;\"><iframe width=\"560\" height=\"315\" src=\"https://www.youtube.com/embed/0NFLmAlTDVE?rel=0\" frameborder=\"0\" allowfullscreen=\"allowfullscreen\"></iframe></p>\r\n<ul>\r\n<li>Leave enough time to save your work as a PNG file: png files can be opened by people who don\'t have Acorn, and are also smaller than Acorn files. When you save, you will lose your layers though, so keep the Acorn file as well in case you want to go back and edit some more.</li>\r\n<li>Finally, submit your work to Gibbon.</li>\r\n</ul>','',18,'N',''),
	(00000000000020,000000005432,00000000000005,000000039686,'Raster vs. Vector','Teacher Talk','20','<ul>\r\n<li>To finish this unit, let\'s consider the ideas of <span style=\"text-decoration: underline;\"><strong>raster</strong></span> and <span style=\"text-decoration: underline;\"><strong>vector</strong></span> graphics.</li>\r\n<li>See <em>Teachers Notes</em> for details.</li>\r\n</ul>','<ul>\r\n<li>Teacher to introduce students to how graphics are represented, stored and displayed on computers.</li>\r\n<li>Most graphics programs store graphics as raster images. <br />\r\n<ul>\r\n<li>What is a raster?</li>\r\n<li>When are rasters good?</li>\r\n<li>Example raster formats? What are their strengths and weaknesses.</li>\r\n</ul>\r\n</li>\r\n<li>Some programs store graphics as vector images\r\n<ul>\r\n<li>What is a vector?</li>\r\n<li>When are vectors good?</li>\r\n<li>Example vector formats?</li>\r\n</ul>\r\n</li>\r\n<li>The Acorn file format (.acorn) uses raster for most elements, but some things (like text) are stored as vectors.</li>\r\n<li>Students should use the .acorn format whilst working on the box.</li>\r\n</ul>',19,'N','');

/*!40000 ALTER TABLE `gibbonUnitClassBlock` ENABLE KEYS */;
UNLOCK TABLES;



/*!40111 SET SQL_NOTES=@OLD_SQL_NOTES */;
/*!40101 SET SQL_MODE=@OLD_SQL_MODE */;
/*!40014 SET FOREIGN_KEY_CHECKS=@OLD_FOREIGN_KEY_CHECKS */;
/*!40101 SET CHARACTER_SET_CLIENT=@OLD_CHARACTER_SET_CLIENT */;
/*!40101 SET CHARACTER_SET_RESULTS=@OLD_CHARACTER_SET_RESULTS */;
/*!40101 SET COLLATION_CONNECTION=@OLD_COLLATION_CONNECTION */;
